folder,match_status,sisbra_time,sisbra_lat,sisbra_lon,sisbra_mag,fdsn_event_id,fdsn_origin_time,picks_count
20220721T151925_row5073,no_match,2022-07-21T15:19:25Z,-7.41,-35.09,2.2,,,0
20220723T135709_row5074,no_match,2022-07-23T13:57:09Z,-11.27,-40.52,2.5,,,0
20220724T081708_usp2022ojja_row5075,matched,2022-07-24T08:17:08Z,-8.97,-71.3,4.3,usp2022ojja,2022-07-24T08:17:08.163716Z,2
20220725T145605_usp2022olrr_row5076,matched,2022-07-25T14:56:05Z,-19.49,-44.25,2.2,usp2022olrr,2022-07-25T14:56:05.887206Z,5
20220727T172907_usp2022opnt_row5077,matched,2022-07-27T17:29:07Z,-8.51,-35.7,2.1,usp2022opnt,2022-07-27T17:29:07.617258Z,4
20220729T204451_usp2022otlf_row5078,matched,2022-07-29T20:44:51Z,-19.5,-44.24,2.9,usp2022otlf,2022-07-29T20:44:51.612111Z,11
20220731T033446_usp2022ovug_row5079,matched,2022-07-31T03:34:46Z,-5.28,-35.29,2.4,usp2022ovug,2022-07-31T03:34:46.538653Z,2
20220731T190529_usp2022owyy_row5080,matched,2022-07-31T19:05:27Z,-5.05,-34.92,3.7,usp2022owyy,2022-07-31T19:05:29.227835Z,4
20220731T191954_usp2022owzk_row5081,matched,2022-07-31T19:19:54Z,-4.68,-34.44,2.1,usp2022owzk,2022-07-31T19:19:54.591806Z,0
20220731T193958_usp2022oxab_row5082,matched,2022-07-31T19:39:58Z,-5.26,-35.11,2.4,usp2022oxab,2022-07-31T19:39:58.880742Z,4
20220801T025933_usp2022oxoo_row5083,matched,2022-08-01T02:59:33Z,-5.34,-35.1,2.1,usp2022oxoo,2022-08-01T02:59:33.139439Z,1
20220801T033625_usp2022oxpu_row5084,matched,2022-08-01T03:36:25Z,-18.76,-44.9,1.9,usp2022oxpu,2022-08-01T03:36:25.917129Z,5
20220803T060200_usp2022pblp_row5085,matched,2022-08-03T06:02:00Z,-4.69,-35.18,2.0,usp2022pblp,2022-08-03T06:02:00.000000Z,1
20220803T073334_usp2022pboq_row5086,matched,2022-08-03T07:33:36Z,-8.59,-74.46,4.6,usp2022pboq,2022-08-03T07:33:34.834681Z,1
20220803T145915_usp2022pcdi_row5087,matched,2022-08-03T14:59:15Z,-3.91,-40.46,2.9,usp2022pcdi,2022-08-03T14:59:15.883180Z,2
20220804T103929_usp2022pdqg_row5088,matched,2022-08-04T10:39:29Z,-20.13,-44.83,2.5,usp2022pdqg,2022-08-04T10:39:29.626962Z,10
20220804T204453_row5089,no_match,2022-08-04T20:44:53Z,-24.32,-48.04,2.0,,,0
20220805T140127_usp2022pfsk_row5090,matched,2022-08-05T14:01:27Z,-7.29,-35.83,1.9,usp2022pfsk,2022-08-05T14:01:27.463124Z,5
20220805T194148_usp2022pgdq_row5091,matched,2022-08-05T19:41:48Z,-9.61,-36.76,1.5,usp2022pgdq,2022-08-05T19:41:48.797432Z,3
20220807T041426_usp2022piqb_row5092,matched,2022-08-07T04:14:26Z,-18.22,-41.56,1.9,usp2022piqb,2022-08-07T04:14:26.573980Z,3
20220807T041732_usp2022piqe_row5093,matched,2022-08-07T04:17:32Z,-9.85,-39.82,2.0,usp2022piqe,2022-08-07T04:17:32.867666Z,4
20220808T230947_usp2022plxa_row5094,matched,2022-08-08T23:09:46Z,-5.45,-35.79,2.1,usp2022plxa,2022-08-08T23:09:47.955148Z,5
20220812T211944_row5095,no_match,2022-08-12T21:19:44Z,-5.5,-36.16,2.0,,,0
20220814T123036_usp2022pway_row5096,matched,2022-08-14T12:30:36Z,-15.32,-51.65,3.3,usp2022pway,2022-08-14T12:30:36.508817Z,1
20220815T094103_usp2022pxqw_row5097,matched,2022-08-15T09:41:03Z,-8.64,-74.35,4.2,usp2022pxqw,2022-08-15T09:41:03.366445Z,1
20220815T133800_row5098,no_match,2022-08-15T13:38:00Z,-3.11,-40.62,2.0,,,0
20220819T093316_usp2022qeyq_row5099,matched,2022-08-19T09:33:16Z,-9.78,-39.86,2.5,usp2022qeyq,2022-08-19T09:33:16.619630Z,4
20220819T190648_usp2022qfro_row5100,matched,2022-08-19T19:06:52Z,-7.79,-74.63,4.5,usp2022qfro,2022-08-19T19:06:48.596315Z,2
20220819T201514_row5101,no_match,2022-08-19T20:15:14Z,-24.75,-50.12,1.8,,,0
20220822T145553_usp2022qkvt_row5102,matched,2022-08-22T14:55:53Z,-19.57,-44.08,2.2,usp2022qkvt,2022-08-22T14:55:53.884550Z,7
20220823T182210_row5103,no_match,2022-08-23T18:22:10Z,-13.1,-39.56,2.3,,,0
20220824T070800_usp2022qnxi_row5104,matched,2022-08-24T07:08:00Z,-6.19,-37.54,1.9,usp2022qnxi,2022-08-24T07:08:00.872491Z,3
20220825T221559_row5105,no_match,2022-08-25T22:15:59Z,-13.07,-39.55,2.2,,,0
20220828T115000_row5106,no_match,2022-08-28T11:50:00Z,-4.84,-36.06,2.0,,,0
20220831T150249_row5107,no_match,2022-08-31T15:02:49Z,-10.86,-39.4,2.1,,,0
20220831T160423_row5108,no_match,2022-08-31T16:04:23Z,-8.29,-36.03,2.0,,,0
20220901T071235_usp2022rcnn_row5109,matched,2022-09-01T07:12:36Z,-12.57,-55.69,2.9,usp2022rcnn,2022-09-01T07:12:35.975635Z,2
20220902T035742_usp2022recp_row5110,matched,2022-09-02T03:57:41Z,-16.48,-52.95,2.8,usp2022recp,2022-09-02T03:57:42.421429Z,3
20220905T191617_row5111,no_match,2022-09-05T19:16:17Z,-19.61,-44.29,2.3,,,0
20220907T082841_usp2022rnpb_row5112,matched,2022-09-07T08:28:41Z,-8.88,-40.36,2.4,usp2022rnpb,2022-09-07T08:28:41.480679Z,7
20220907T082841_usp2022rnpb_row5113,matched,2022-09-07T08:29:00Z,-8.79,-40.37,2.5,usp2022rnpb,2022-09-07T08:28:41.480679Z,7
20220908T142509_row5114,no_match,2022-09-08T14:25:09Z,-22.92,-47.71,2.6,,,0
20220909T150220_row5115,no_match,2022-09-09T15:02:20Z,-10.55,-40.6,2.1,,,0
20220912T192713_usp2022rxoh_row5116,matched,2022-09-12T19:27:13Z,-3.77,-40.64,2.1,usp2022rxoh,2022-09-12T19:27:13.473148Z,3
20220912T194539_usp2022rxox_row5117,matched,2022-09-12T19:45:39Z,-8.54,-37.08,2.0,usp2022rxox,2022-09-12T19:45:39.088413Z,7
20220914T014434_usp2022rzwg_row5118,matched,2022-09-14T01:44:35Z,-16.7,-59.04,3.5,usp2022rzwg,2022-09-14T01:44:34.878086Z,6
20220915T202132_usp2022sdcp_row5119,matched,2022-09-15T20:21:32Z,-18.75,-48.22,2.9,usp2022sdcp,2022-09-15T20:21:32.420000Z,4
20220919T034321_row5120,no_match,2022-09-19T03:43:21Z,-9.85,-39.9,2.1,,,0
20220919T215900_row5121,no_match,2022-09-19T21:59:00Z,-9.85,-39.91,2.0,,,0
20220920T191046_row5122,no_match,2022-09-20T19:10:46Z,-14.16,-39.8,2.2,,,0
20220920T210734_row5123,no_match,2022-09-20T21:07:34Z,-24.41,-48.05,2.6,,,0
20220921T085054_usp2022snev_row5124,matched,2022-09-21T08:50:54Z,-21.68,-46.7,2.7,usp2022snev,2022-09-21T08:50:54.189038Z,11
20220922T181516_row5125,no_match,2022-09-22T18:15:16Z,-11.24,-40.51,2.1,,,0
20220923T160120_row5126,no_match,2022-09-23T16:01:20Z,-14.16,-39.79,2.0,,,0
20220926T184214_row5127,no_match,2022-09-26T18:42:14Z,-14.18,-39.19,2.0,,,0
20220927T115839_usp2022syka_row5128,matched,2022-09-27T11:58:39Z,-30.77,-51.83,2.1,usp2022syka,2022-09-27T11:58:39.284173Z,3
20220927T152429_usp2022syqv_row5129,matched,2022-09-27T15:24:29Z,-25.01,-48.06,2.0,usp2022syqv,2022-09-27T15:24:29.068492Z,2
20220928T182049_usp2022tasd_row5130,matched,2022-09-28T18:20:49Z,-8.98,-35.78,2.1,usp2022tasd,2022-09-28T18:20:49.130612Z,4
20220928T211537_usp2022taxx_row5131,matched,2022-09-28T21:15:37Z,-25.82,-56.98,3.2,usp2022taxx,2022-09-28T21:15:37.724052Z,5
20220930T193449_row5132,no_match,2022-09-30T19:34:49Z,-5.61,-36.23,2.0,,,0
20221001T011641_usp2022teww_row5133,matched,2022-10-01T01:16:41Z,-12.62,-40.27,1.7,usp2022teww,2022-10-01T01:16:41.318828Z,3
20221001T062353_usp2022tfha_row5134,matched,2022-10-01T06:23:55Z,-7.95,-74.53,4.7,usp2022tfha,2022-10-01T06:23:53.649600Z,2
20221006T162924_row5135,no_match,2022-10-06T16:29:24Z,-14.82,-58.78,2.7,,,0
20221008T175851_usp2022tsyl_row5136,matched,2022-10-08T17:58:51Z,-11.31,-40.45,2.3,usp2022tsyl,2022-10-08T17:58:51.542540Z,4
20221010T063535_usp2022tvsx_row5137,matched,2022-10-10T06:35:35Z,-17.38,-52.14,2.1,usp2022tvsx,2022-10-10T06:35:35.171110Z,1
20221011T150323_row5138,no_match,2022-10-11T15:03:23Z,-22.34,-47.94,2.7,,,0
20221012T150329_usp2022uaar_row5139,matched,2022-10-12T15:03:29Z,-5.06,-40.89,2.1,usp2022uaar,2022-10-12T15:03:29.840176Z,4
20221015T151312_row5140,no_match,2022-10-15T15:13:12Z,-13.66,-56.49,2.8,,,0
20221016T121824_row5141,no_match,2022-10-16T12:18:24Z,-19.78,-44.17,2.5,,,0
20221016T142420_usp2022uhhk_row5142,matched,2022-10-16T14:24:20Z,-5.4,-36.17,2.1,usp2022uhhk,2022-10-16T14:24:20.344770Z,3
20221017T204359_usp2022ujpl_row5143,matched,2022-10-17T20:43:59Z,-5.66,-35.98,2.3,usp2022ujpl,2022-10-17T20:43:59.951466Z,3
20221017T204359_usp2022ujpl_row5144,matched,2022-10-17T20:44:01Z,-5.55,-36.01,2.6,usp2022ujpl,2022-10-17T20:43:59.951466Z,3
20221019T215529_usp2022uniu_row5145,matched,2022-10-19T21:55:29Z,-14.0,-40.1,2.7,usp2022uniu,2022-10-19T21:55:29.744397Z,2
20221020T215711_row5146,no_match,2022-10-20T21:57:11Z,-19.56,-43.97,1.8,,,0
20221021T225917_row5147,no_match,2022-10-21T22:59:17Z,-19.97,-49.55,2.9,,,0
20221024T154854_usp2022uwaf_row5148,matched,2022-10-24T15:48:55Z,-5.69,-38.74,2.7,usp2022uwaf,2022-10-24T15:48:54.715544Z,5
20221028T155446_usp2022vdik_row5149,matched,2022-10-28T15:54:47Z,-27.23,-50.0,2.2,usp2022vdik,2022-10-28T15:54:46.909999Z,8
20221029T133443_usp2022vezh_row5150,matched,2022-10-29T13:34:43Z,-16.2,-55.93,2.9,usp2022vezh,2022-10-29T13:34:43.143741Z,1
20221030T040848_usp2022vgcd_row5151,matched,2022-10-30T04:08:48Z,-4.58,-37.78,2.0,usp2022vgcd,2022-10-30T04:08:48.934737Z,4
20221101T105741_usp2022vkgq_row5152,matched,2022-11-01T10:57:41Z,-18.06,-50.81,2.4,usp2022vkgq,2022-11-01T10:57:41.857151Z,4
20221103T074222_usp2022vnre_row5153,matched,2022-11-03T07:42:22Z,-5.94,-50.62,3.1,usp2022vnre,2022-11-03T07:42:22.300164Z,4
20221103T075758_usp2022vnrs_row5154,matched,2022-11-03T07:57:58Z,-5.94,-50.62,3.4,usp2022vnrs,2022-11-03T07:57:58.192865Z,4
20221103T134700_row5155,no_match,2022-11-03T13:47:00Z,-7.94,-40.22,2.0,,,0
20221103T150135_usp2022vofr_row5156,matched,2022-11-03T15:01:35Z,-10.88,-39.33,2.3,usp2022vofr,2022-11-03T15:01:35.089385Z,3
20221106T050844_usp2022vsyq_row5157,matched,2022-11-06T05:08:44Z,-24.69,-48.02,1.8,usp2022vsyq,2022-11-06T05:08:44.381119Z,6
20221110T115156_row5158,no_match,2022-11-10T11:51:56Z,-10.14,-36.89,2.0,,,0
20221111T055046_row5159,no_match,2022-11-11T05:50:46Z,-7.21,-50.57,3.0,,,0
20221111T123446_usp2022wcqw_row5160,matched,2022-11-11T12:34:46Z,-8.58,-71.36,4.9,usp2022wcqw,2022-11-11T12:34:46.371721Z,1
20221112T212914_usp2022wfdz_row5161,matched,2022-11-12T21:29:15Z,-19.48,-44.27,2.4,usp2022wfdz,2022-11-12T21:29:14.045606Z,5
20221116T025116_row5162,no_match,2022-11-16T02:51:16Z,-6.59,-50.08,2.8,,,0
20221118T033034_row5163,no_match,2022-11-18T03:30:34Z,-19.53,-44.06,1.9,,,0
20221120T033647_usp2022wskq_row5164,matched,2022-11-20T03:36:47Z,-16.64,-50.48,2.3,usp2022wskq,2022-11-20T03:36:47.513723Z,2
20221120T093220_usp2022wswj_row5165,matched,2022-11-20T09:32:20Z,-11.35,-40.31,1.7,usp2022wswj,2022-11-20T09:32:20.837738Z,2
20221122T163421_usp2022wxbh_row5166,matched,2022-11-22T16:34:21Z,-19.52,-44.01,2.1,usp2022wxbh,2022-11-22T16:34:21.140899Z,4
20221123T150248_usp2022wytu_row5167,matched,2022-11-23T15:02:48Z,-8.83,-36.48,1.9,usp2022wytu,2022-11-23T15:02:48.369508Z,9
20221124T020235_usp2022wzpo_row5168,matched,2022-11-24T02:02:35Z,-19.52,-44.17,2.2,usp2022wzpo,2022-11-24T02:02:35.956434Z,8
20221124T215703_usp2022xbcy_row5169,matched,2022-11-24T21:57:03Z,-18.45,-44.21,3.0,usp2022xbcy,2022-11-24T21:57:03.052375Z,12
20221127T092442_usp2022xfqq_row5170,matched,2022-11-27T09:24:42Z,-8.32,-36.04,1.9,usp2022xfqq,2022-11-27T09:24:42.363091Z,7
20221127T200712_usp2022xglv_row5171,matched,2022-11-27T20:07:12Z,-33.65,-55.83,3.6,usp2022xglv,2022-11-27T20:07:12.156701Z,5
20221129T022727_usp2022xitw_row5172,matched,2022-11-29T02:27:27Z,-8.11,-35.1,2.0,usp2022xitw,2022-11-29T02:27:27.734850Z,4
20221130T160310_row5173,no_match,2022-11-30T16:03:10Z,-8.31,-36.08,1.4,,,0
20221201T194153_usp2022xnta_row5174,matched,2022-12-01T19:41:53Z,-8.12,-39.04,1.9,usp2022xnta,2022-12-01T19:41:53.167200Z,5
20221202T095601_usp2022xove_row5175,matched,2022-12-02T09:56:01Z,-16.01,-51.25,2.8,usp2022xove,2022-12-02T09:56:01.028091Z,2
20221203T171721_usp2022xrfg_row5176,matched,2022-12-03T17:17:21Z,-11.25,-40.5,2.5,usp2022xrfg,2022-12-03T17:17:21.787043Z,3
20221204T040530_usp2022xsaq_row5177,matched,2022-12-04T04:05:30Z,-9.83,-39.92,2.0,usp2022xsaq,2022-12-04T04:05:30.658484Z,3
20221205T114733_usp2022xulj_row5178,matched,2022-12-05T11:47:33Z,-9.84,-39.91,2.7,usp2022xulj,2022-12-05T11:47:33.528136Z,4
20221206T185727_usp2022xwvb_row5179,matched,2022-12-06T18:57:27Z,-10.07,-37.1,1.9,usp2022xwvb,2022-12-06T18:57:27.609709Z,3
20221207T154042_usp2022xykb_row5180,matched,2022-12-07T15:40:42Z,-19.01,-43.53,2.2,usp2022xykb,2022-12-07T15:40:42.527553Z,5
20221207T190809_row5181,no_match,2022-12-07T19:08:09Z,-6.42,-50.19,3.0,,,0
20221208T110148_usp2022xzwj_row5182,matched,2022-12-08T11:01:48Z,-9.92,-39.86,2.1,usp2022xzwj,2022-12-08T11:01:48.132995Z,4
20221213T012537_usp2022yigx_row5183,matched,2022-12-13T01:25:37Z,-18.7,-44.94,2.3,usp2022yigx,2022-12-13T01:25:37.276582Z,5
20221213T032627_usp2022yikw_row5184,matched,2022-12-13T03:26:27Z,-9.85,-39.91,2.1,usp2022yikw,2022-12-13T03:26:27.848673Z,3
20221214T012844_usp2022ykcm_row5185,matched,2022-12-14T01:28:44Z,-11.21,-40.5,2.1,usp2022ykcm,2022-12-14T01:28:44.741685Z,2
20221215T194505_usp2022ynie_row5186,matched,2022-12-15T19:45:05Z,-9.48,-35.76,2.1,usp2022ynie,2022-12-15T19:45:05.826582Z,3
20221219T133107_usp2022yudv_row5187,matched,2022-12-19T13:31:08Z,-28.11,-50.5,2.4,usp2022yudv,2022-12-19T13:31:07.655679Z,5
20221220T150830_usp2022ywco_row5188,matched,2022-12-20T15:08:32Z,-20.81,-50.17,2.9,usp2022ywco,2022-12-20T15:08:30.813099Z,7
20221222T131356_usp2022yzpu_row5189,matched,2022-12-22T13:13:57Z,-8.06,-74.3,5.5,usp2022yzpu,2022-12-22T13:13:56.813839Z,2
20221225T150254_usp2022zffw_row5190,matched,2022-12-25T15:02:54Z,-16.71,-44.32,2.4,usp2022zffw,2022-12-25T15:02:54.759999Z,5
20221227T101436_row5191,no_match,2022-12-27T10:14:36Z,-19.09,-47.66,2.3,,,0
20221228T034230_usp2022zjvy_row5192,matched,2022-12-28T03:42:30Z,-19.51,-44.22,2.9,usp2022zjvy,2022-12-28T03:42:30.655564Z,10
20221228T135247_row5193,no_match,2022-12-28T13:52:47Z,-19.51,-44.22,1.7,,,0
20221229T005756_usp2022zlma_row5194,matched,2022-12-29T00:57:59Z,-12.65,-48.95,3.4,usp2022zlma,2022-12-29T00:57:56.330733Z,0
20221229T143959_row5195,no_match,2022-12-29T14:39:59Z,-5.53,-35.66,2.1,,,0
20221229T195500_row5196,no_match,2022-12-29T19:55:00Z,-10.55,-40.59,2.1,,,0
20221230T180548_usp2022zopl_row5197,matched,2022-12-30T18:05:00Z,-11.25,-40.54,2.4,usp2022zopl,2022-12-30T18:05:48.801291Z,3
20230101T002438_usp2023aaav_row5198,matched,2023-01-01T00:24:39Z,-25.36,-46.61,2.6,usp2023aaav,2023-01-01T00:24:38.942284Z,6
20230104T114247_usp2023agjs_row5199,matched,2023-01-04T11:42:48Z,-19.73,-43.98,2.7,usp2023agjs,2023-01-04T11:42:47.810000Z,3
20230105T204539_row5200,no_match,2023-01-05T20:45:39Z,-11.28,-40.53,2.7,,,0
20230106T050922_usp2023ajns_row5201,matched,2023-01-06T05:09:23Z,-9.86,-39.82,2.4,usp2023ajns,2023-01-06T05:09:22.841341Z,5
20230106T145607_usp2023akhc_row5202,matched,2023-01-06T14:56:08Z,-10.97,-39.32,2.0,usp2023akhc,2023-01-06T14:56:07.770631Z,3
20230109T152608_usp2023apuo_row5203,matched,2023-01-09T15:26:09Z,-7.62,-40.29,2.2,usp2023apuo,2023-01-09T15:26:08.681815Z,4
20230110T211555_usp2023asbq_row5204,matched,2023-01-10T21:15:56Z,-20.4,-56.21,2.1,usp2023asbq,2023-01-10T21:15:55.816215Z,5
20230112T151818_usp2023avgv_row5205,matched,2023-01-12T15:18:18Z,-17.97,-47.79,2.4,usp2023avgv,2023-01-12T15:18:18.078665Z,4
20230112T205150_usp2023avrv_row5206,matched,2023-01-12T20:51:51Z,-3.92,-40.15,2.1,usp2023avrv,2023-01-12T20:51:50.720456Z,4
20230116T173354_usp2023bcti_row5207,matched,2023-01-16T17:33:55Z,-11.32,-40.45,2.4,usp2023bcti,2023-01-16T17:33:54.743942Z,3
20230117T002256_row5208,no_match,2023-01-17T00:22:56Z,-19.12,-47.65,2.1,,,0
20230117T095925_usp2023bdzv_row5209,matched,2023-01-17T09:59:25Z,-8.1,-71.25,4.4,usp2023bdzv,2023-01-17T09:59:25.165407Z,1
20230117T212718_row5210,no_match,2023-01-17T21:27:18Z,-11.27,-40.5,2.5,,,0
20230120T072059_row5211,no_match,2023-01-20T07:20:59Z,1.36,-55.78,3.4,,,0
20230121T040827_usp2023bkwg_row5212,matched,2023-01-21T04:08:27Z,-21.1,-44.12,3.0,usp2023bkwg,2023-01-21T04:08:27.010000Z,4
20230121T044812_usp2023bkxo_row5213,matched,2023-01-21T04:48:12Z,-21.01,-44.18,2.5,usp2023bkxo,2023-01-21T04:48:12.039999Z,4
20230121T055828_usp2023bkzx_row5214,matched,2023-01-21T05:58:29Z,-21.09,-44.13,1.9,usp2023bkzx,2023-01-21T05:58:28.930719Z,3
20230123T023444_usp2023boke_row5215,matched,2023-01-23T02:34:49Z,-6.4,-50.07,3.9,usp2023boke,2023-01-23T02:34:44.866250Z,3
20230123T102042_usp2023bozo_row5216,matched,2023-01-23T10:20:43Z,-21.28,-48.51,2.0,usp2023bozo,2023-01-23T10:20:42.652000Z,2
20230123T145814_usp2023bpis_row5217,matched,2023-01-23T14:58:14Z,-20.34,-45.66,2.6,usp2023bpis,2023-01-23T14:58:14.423069Z,7
20230126T130832_usp2023burp_row5218,matched,2023-01-26T13:08:33Z,-20.99,-48.59,2.2,usp2023burp,2023-01-26T13:08:32.826295Z,4
20230127T100700_row5219,no_match,2023-01-27T10:07:00Z,-9.84,-39.88,2.2,,,0
20230129T183920_row5220,no_match,2023-01-29T18:39:20Z,-11.27,-40.5,2.1,,,0
20230130T042848_usp2023cbil_row5221,matched,2023-01-30T04:28:49Z,-18.96,-56.55,3.2,usp2023cbil,2023-01-30T04:28:48.821421Z,6
20230130T223518_usp2023ccsh_row5222,matched,2023-01-30T22:35:19Z,-21.23,-50.18,2.4,usp2023ccsh,2023-01-30T22:35:18.952129Z,5
20230201T013535_usp2023cett_row5223,matched,2023-02-01T01:35:36Z,-21.67,-46.7,2.9,usp2023cett,2023-02-01T01:35:35.559792Z,14
20230201T180327_usp2023cgai_row5224,matched,2023-02-01T18:03:28Z,-3.97,-40.21,2.2,usp2023cgai,2023-02-01T18:03:27.753567Z,4
20230203T041754_usp2023ciqc_row5225,matched,2023-02-03T04:17:54Z,-16.47,-60.05,3.2,usp2023ciqc,2023-02-03T04:17:54.425578Z,1
20230204T053737_usp2023ckog_row5226,matched,2023-02-04T05:37:38Z,-21.27,-48.5,2.3,usp2023ckog,2023-02-04T05:37:37.854930Z,7
20230205T125400_row5227,no_match,2023-02-05T12:54:00Z,-11.27,-40.53,2.7,,,0
20230205T204537_usp2023cnns_row5228,matched,2023-02-05T20:45:37Z,-11.28,-40.52,2.4,usp2023cnns,2023-02-05T20:45:37.362229Z,2
20230206T022326_usp2023cnyv_row5229,matched,2023-02-06T02:23:27Z,-21.09,-48.63,2.4,usp2023cnyv,2023-02-06T02:23:26.782711Z,11
20230206T053642_row5230,no_match,2023-02-06T05:36:42Z,-21.0,-48.62,2.5,,,0
20230207T084631_usp2023cqgz_row5231,matched,2023-02-07T08:46:32Z,-22.14,-44.58,2.5,usp2023cqgz,2023-02-07T08:46:31.817296Z,4
20230208T031948_usp2023crrs_row5232,matched,2023-02-08T03:19:49Z,-8.36,-36.05,2.0,usp2023crrs,2023-02-08T03:19:48.898999Z,5
20230209T092620_usp2023ctzh_row5233,matched,2023-02-09T09:26:20Z,-5.04,-35.13,2.2,usp2023ctzh,2023-02-09T09:26:20.375410Z,3
20230209T193429_row5234,no_match,2023-02-09T19:34:29Z,-8.3,-36.1,2.0,,,0
20230213T085551_row5235,no_match,2023-02-13T08:55:51Z,-21.06,-48.68,2.4,,,0
20230213T195358_usp2023dcca_row5236,matched,2023-02-13T19:53:59Z,-11.26,-40.51,1.9,usp2023dcca,2023-02-13T19:53:58.772461Z,2
20230215T122945_usp2023dfej_row5237,matched,2023-02-15T12:29:45Z,-10.09,-36.55,2.0,usp2023dfej,2023-02-15T12:29:45.037282Z,4
20230215T140714_usp2023dfhp_row5238,matched,2023-02-15T14:07:14Z,-10.17,-36.47,2.5,usp2023dfhp,2023-02-15T14:07:14.264290Z,5
20230215T151231_usp2023dfjt_row5239,matched,2023-02-15T15:12:32Z,-10.08,-36.56,2.3,usp2023dfjt,2023-02-15T15:12:31.825522Z,5
20230216T035239_row5240,no_match,2023-02-16T03:52:39Z,-9.86,-39.87,2.1,,,0
20230216T121837_usp2023dgzn_row5241,matched,2023-02-16T12:18:37Z,-16.46,-40.55,3.4,usp2023dgzn,2023-02-16T12:18:37.020000Z,3
20230221T191120_usp2023dqqq_row5242,matched,2023-02-21T19:11:21Z,-14.08,-38.98,2.1,usp2023dqqq,2023-02-21T19:11:20.536181Z,2
20230221T191629_usp2023dqqu_row5243,matched,2023-02-21T19:16:30Z,-14.11,-39.0,2.2,usp2023dqqu,2023-02-21T19:16:29.627007Z,2
20230221T191900_row5244,no_match,2023-02-21T19:19:00Z,-14.11,-38.99,2.1,,,0
20230224T005629_usp2023duta_row5245,matched,2023-02-24T00:56:29Z,-11.21,-40.6,2.4,usp2023duta,2023-02-24T00:56:29.012814Z,2
20230225T212424_usp2023dydb_row5246,matched,2023-02-25T21:24:25Z,-16.37,-40.55,2.4,usp2023dydb,2023-02-25T21:24:24.822979Z,2
20230226T205444_usp2023dzxo_row5247,matched,2023-02-26T20:54:45Z,-12.7,-38.34,1.9,usp2023dzxo,2023-02-26T20:54:44.683210Z,2
20230227T071709_usp2023easc_row5248,matched,2023-02-27T07:17:10Z,-3.59,-40.54,1.8,usp2023easc,2023-02-27T07:17:09.833790Z,3
20230227T180752_usp2023ebno_row5249,matched,2023-02-27T18:07:53Z,-3.81,-40.66,1.9,usp2023ebno,2023-02-27T18:07:52.987049Z,3
20230227T223027_usp2023ebwf_row5250,matched,2023-02-27T22:30:27Z,-13.5,-44.25,3.4,usp2023ebwf,2023-02-27T22:30:27.039999Z,0
20230228T175421_usp2023ediq_row5251,matched,2023-02-28T17:54:22Z,-13.48,-44.23,2.8,usp2023ediq,2023-02-28T17:54:21.880174Z,0
20230301T132300_row5252,no_match,2023-03-01T13:23:00Z,-3.54,-40.54,2.3,,,0
20230301T154814_usp2023eezz_row5253,matched,2023-03-01T15:48:15Z,-3.68,-40.47,2.4,usp2023eezz,2023-03-01T15:48:14.838493Z,4
20230305T044001_usp2023elly_row5254,matched,2023-03-05T04:40:02Z,-19.06,-43.12,2.1,usp2023elly,2023-03-05T04:40:01.936899Z,5
20230310T152029_usp2023evko_row5255,matched,2023-03-10T15:20:30Z,-10.79,-39.43,2.2,usp2023evko,2023-03-10T15:20:29.857278Z,2
20230311T191943_usp2023exnz_row5256,matched,2023-03-11T19:19:44Z,-3.92,-39.52,2.6,usp2023exnz,2023-03-11T19:19:43.801221Z,5
20230312T183857_row5257,no_match,2023-03-12T18:38:57Z,1.78,-49.48,3.2,,,0
20230314T064621_usp2023fcbq_row5258,matched,2023-03-14T06:46:21Z,-21.31,-48.49,2.2,usp2023fcbq,2023-03-14T06:46:21.151804Z,4
20230314T064720_usp2023fcbr_row5259,matched,2023-03-14T06:47:21Z,-21.29,-48.51,2.0,usp2023fcbr,2023-03-14T06:47:20.528211Z,4
20230314T083412_usp2023fcfe_row5260,matched,2023-03-14T08:34:12Z,-21.09,-48.66,0.8,usp2023fcfe,2023-03-14T08:34:12.000000Z,2
20230314T145718_usp2023fcrv_row5261,matched,2023-03-14T14:57:18Z,-21.06,-48.67,2.2,usp2023fcrv,2023-03-14T14:57:18.248184Z,5
20230315T190241_row5262,no_match,2023-03-15T19:02:41Z,-11.02,-39.32,2.0,,,0
20230316T122351_row5263,no_match,2023-03-16T12:23:51Z,-13.42,-44.82,3.0,,,0
20230317T011107_usp2023fhdb_row5264,matched,2023-03-17T01:11:08Z,-3.24,-40.53,2.3,usp2023fhdb,2023-03-17T01:11:07.973805Z,4
20230317T053407_usp2023fhlt_row5265,matched,2023-03-17T05:34:07Z,-3.56,-40.53,1.4,usp2023fhlt,2023-03-17T05:34:07.160004Z,5
20230317T190626_usp2023fimo_row5266,matched,2023-03-17T19:06:26Z,-11.36,-39.32,2.2,usp2023fimo,2023-03-17T19:06:26.381305Z,2
20230317T214235_row5267,no_match,2023-03-17T21:42:35Z,-5.75,-49.64,3.3,,,0
20230318T034149_usp2023fjdo_row5268,matched,2023-03-18T03:41:49Z,-10.1,-73.1,4.0,usp2023fjdo,2023-03-18T03:41:49.452147Z,0
20230319T012337_usp2023fkun_row5269,matched,2023-03-19T01:23:38Z,-3.44,-44.36,2.6,usp2023fkun,2023-03-19T01:23:37.671353Z,0
20230319T085137_usp2023fljh_row5270,matched,2023-03-19T08:51:38Z,-13.16,-41.73,2.9,usp2023fljh,2023-03-19T08:51:37.605897Z,0
20230320T213352_usp2023fodx_row5271,matched,2023-03-20T21:33:52Z,-13.4,-38.78,2.8,usp2023fodx,2023-03-20T21:33:52.019200Z,3
20230324T022608_usp2023fuab_row5272,matched,2023-03-24T02:26:07Z,-21.28,-48.48,2.1,usp2023fuab,2023-03-24T02:26:08.292351Z,3
20230324T142314_usp2023fuxs_row5273,matched,2023-03-24T14:23:15Z,-20.16,-48.38,2.4,usp2023fuxs,2023-03-24T14:23:14.860155Z,7
20230324T144432_usp2023fuyl_row5274,matched,2023-03-24T14:44:32Z,-3.83,-40.52,1.6,usp2023fuyl,2023-03-24T14:44:32.077234Z,4
20230324T224000_row5275,no_match,2023-03-24T22:40:00Z,-13.1,-41.98,2.1,,,0
20230325T045126_row5276,no_match,2023-03-25T04:51:26Z,-13.19,-44.83,3.2,,,0
20230325T163923_usp2023fwxs_row5277,matched,2023-03-25T16:38:00Z,-13.72,-40.34,2.2,usp2023fwxs,2023-03-25T16:39:23.996937Z,2
20230328T012317_usp2023gbga_row5278,matched,2023-03-28T01:23:25Z,-4.04,-40.53,1.9,usp2023gbga,2023-03-28T01:23:17.524306Z,7
20230330T164058_usp2023ggbh_row5279,matched,2023-03-30T16:40:58Z,-8.82,-36.42,2.3,usp2023ggbh,2023-03-30T16:40:58.033820Z,4
20230331T145443_row5280,no_match,2023-03-31T14:54:43Z,-10.94,-39.31,2.0,,,0
20230331T175400_row5281,no_match,2023-03-31T17:54:00Z,-12.51,-41.65,2.1,,,0
20230401T101337_usp2023gjfn_row5282,matched,2023-04-01T10:13:38Z,-14.1,-39.82,2.1,usp2023gjfn,2023-04-01T10:13:37.835285Z,2
20230401T143845_usp2023gjog_row5283,matched,2023-04-01T14:38:46Z,-20.98,-48.61,2.3,usp2023gjog,2023-04-01T14:38:45.744742Z,6
20230401T190923_usp2023gjxe_row5284,matched,2023-04-01T19:09:18Z,-6.38,-50.86,3.5,usp2023gjxe,2023-04-01T19:09:23.205352Z,3
20230402T073349_usp2023gkvt_row5285,matched,2023-04-02T07:33:50Z,-20.97,-48.6,2.2,usp2023gkvt,2023-04-02T07:33:49.943307Z,3
20230405T061928_usp2023gqfu_row5286,matched,2023-04-05T06:19:29Z,-9.46,-71.62,5.1,usp2023gqfu,2023-04-05T06:19:28.719504Z,2
20230405T182754_usp2023grdv_row5287,matched,2023-04-05T18:27:55Z,-21.25,-48.52,2.3,usp2023grdv,2023-04-05T18:27:54.787551Z,6
20230405T221104_usp2023grlf_row5288,matched,2023-04-05T22:11:04Z,-21.31,-48.54,2.1,usp2023grlf,2023-04-05T22:11:04.356379Z,4
20230406T062419_usp2023gsbm_row5289,matched,2023-04-06T06:24:19Z,-21.34,-48.51,1.7,usp2023gsbm,2023-04-06T06:24:19.393507Z,4
20230406T082201_row5290,no_match,2023-04-06T08:22:01Z,-13.09,-48.68,1.9,,,0
20230406T152703_usp2023gstj_row5291,matched,2023-04-06T15:27:04Z,-3.83,-40.58,1.9,usp2023gstj,2023-04-06T15:27:03.872296Z,4
20230407T161637_usp2023guqn_row5292,matched,2023-04-07T16:16:38Z,-21.27,-48.51,2.1,usp2023guqn,2023-04-07T16:16:37.616132Z,12
20230408T045507_usp2023gvpn_row5293,matched,2023-04-08T04:55:08Z,-23.09,-51.22,1.8,usp2023gvpn,2023-04-08T04:55:07.861361Z,5
20230408T045653_usp2023gvpp_row5294,matched,2023-04-08T04:56:53Z,-23.09,-51.22,2.1,usp2023gvpp,2023-04-08T04:56:53.146524Z,4
20230408T103413_row5295,no_match,2023-04-08T10:34:13Z,-0.81,-49.17,4.0,,,0
20230408T194001_usp2023gwss_row5296,matched,2023-04-08T19:40:02Z,-20.98,-48.59,2.2,usp2023gwss,2023-04-08T19:40:01.518620Z,7
20230408T210137_usp2023gwvk_row5297,matched,2023-04-08T21:01:38Z,-20.98,-48.59,2.4,usp2023gwvk,2023-04-08T21:01:37.828320Z,5
20230409T093339_usp2023gxuf_row5298,matched,2023-04-09T09:33:39Z,-3.62,-40.49,1.6,usp2023gxuf,2023-04-09T09:33:39.351227Z,4
20230410T061830_usp2023gzjh_row5299,matched,2023-04-10T06:18:30Z,-19.43,-44.31,2.1,usp2023gzjh,2023-04-10T06:18:30.104806Z,4
20230412T141400_row5300,no_match,2023-04-12T14:14:00Z,-7.72,-40.22,2.0,,,0
20230413T015223_usp2023hena_row5301,matched,2023-04-13T01:52:24Z,-8.96,-40.27,2.2,usp2023hena,2023-04-13T01:52:23.742553Z,3
20230413T080838_usp2023hezl_row5302,matched,2023-04-13T08:08:39Z,-8.99,-40.22,1.9,usp2023hezl,2023-04-13T08:08:38.829685Z,2
20230414T115447_usp2023hhck_row5303,matched,2023-04-14T11:54:48Z,-17.61,-55.95,3.1,usp2023hhck,2023-04-14T11:54:47.702208Z,15
20230414T210656_usp2023hhup_row5304,matched,2023-04-14T21:06:57Z,-20.96,-48.61,2.0,usp2023hhup,2023-04-14T21:06:56.882113Z,2
20230414T223718_row5305,no_match,2023-04-14T22:37:18Z,-3.69,-40.44,1.8,,,0
20230415T013455_usp2023hidl_row5306,matched,2023-04-15T01:34:55Z,-21.09,-48.61,1.2,usp2023hidl,2023-04-15T01:34:55.466867Z,2
20230415T185632_usp2023hjlv_row5307,matched,2023-04-15T18:56:32Z,-18.42,-41.18,1.7,usp2023hjlv,2023-04-15T18:56:32.288275Z,3
20230415T233100_usp2023hjuw_row5308,matched,2023-04-15T23:31:00Z,-21.09,-48.66,1.1,usp2023hjuw,2023-04-15T23:31:00.000000Z,1
20230417T033237_usp2023hlyi_row5309,matched,2023-04-17T03:32:38Z,-18.83,-45.17,1.9,usp2023hlyi,2023-04-17T03:32:37.871514Z,5
20230418T133823_usp2023honv_row5310,matched,2023-04-18T13:38:23Z,-9.65,-36.66,2.1,usp2023honv,2023-04-18T13:38:23.435663Z,4
20230420T084931_usp2023hrvh_row5311,matched,2023-04-20T08:49:32Z,-20.04,-48.84,2.6,usp2023hrvh,2023-04-20T08:49:31.580302Z,6
20230420T145900_row5312,no_match,2023-04-20T14:59:00Z,-9.64,-36.58,2.2,,,0
20230420T155800_row5313,no_match,2023-04-20T15:58:00Z,-14.29,-40.22,2.2,,,0
20230420T164919_usp2023hsld_row5314,matched,2023-04-20T16:49:20Z,-20.6,-43.77,2.4,usp2023hsld,2023-04-20T16:49:19.866557Z,6
20230421T021037_usp2023htdq_row5315,matched,2023-04-21T02:10:38Z,-20.05,-48.8,2.7,usp2023htdq,2023-04-21T02:10:37.871055Z,7
20230421T063430_row5316,no_match,2023-04-21T06:34:30Z,-9.56,-36.33,1.5,,,0
20230421T064000_usp2023htmn_row5317,matched,2023-04-21T06:40:00Z,-3.8,-47.85,3.1,usp2023htmn,2023-04-21T06:40:00.407562Z,1
20230421T094750_row5318,no_match,2023-04-21T09:47:50Z,-11.25,-40.52,2.1,,,0
20230422T064210_usp2023hvic_row5319,matched,2023-04-22T06:42:10Z,-20.66,-43.83,2.3,usp2023hvic,2023-04-22T06:42:10.244806Z,4
20230422T102224_row5320,no_match,2023-04-22T10:22:24Z,-9.87,-39.89,2.0,,,0
20230422T160700_row5321,no_match,2023-04-22T16:07:00Z,-14.65,-40.42,2.3,,,0
20230422T161000_row5322,no_match,2023-04-22T16:10:00Z,-13.8,-39.89,2.0,,,0
20230422T205536_usp2023hwkg_row5323,matched,2023-04-22T20:55:00Z,-13.49,-41.13,2.3,usp2023hwkg,2023-04-22T20:55:36.887955Z,1
20230422T205536_usp2023hwkg_row5324,matched,2023-04-22T20:55:37Z,-13.48,-41.13,2.2,usp2023hwkg,2023-04-22T20:55:36.887955Z,1
20230423T055229_row5325,no_match,2023-04-23T05:52:29Z,-4.12,-38.92,2.0,,,0
20230423T070415_usp2023hxei_row5326,matched,2023-04-23T07:04:16Z,-4.13,-39.08,1.7,usp2023hxei,2023-04-23T07:04:15.830323Z,3
20230424T084101_usp2023hzda_row5327,matched,2023-04-24T08:41:02Z,-4.14,-39.03,1.8,usp2023hzda,2023-04-24T08:41:01.628383Z,3
20230424T131028_usp2023hzly_row5328,matched,2023-04-24T13:10:29Z,-4.24,-39.19,2.2,usp2023hzly,2023-04-24T13:10:28.611938Z,6
20230424T145405_usp2023hzpi_row5329,matched,2023-04-24T14:54:06Z,-20.33,-45.61,2.8,usp2023hzpi,2023-04-24T14:54:05.952671Z,5
20230424T191818_usp2023hzyb_row5330,matched,2023-04-24T19:18:18Z,-20.97,-48.6,1.8,usp2023hzyb,2023-04-24T19:18:18.000000Z,1
20230424T204621_usp2023iaaz_row5331,matched,2023-04-24T20:46:22Z,-31.8,-52.58,2.2,usp2023iaaz,2023-04-24T20:46:21.812095Z,5
20230424T230338_usp2023iafm_row5332,matched,2023-04-24T23:03:38Z,-21.27,-48.48,1.0,usp2023iafm,2023-04-24T23:03:38.000000Z,1
20230425T192647_usp2023ibtv_row5333,matched,2023-04-25T19:26:47Z,-3.88,-39.48,2.3,usp2023ibtv,2023-04-25T19:26:47.163256Z,4
20230426T133200_row5334,no_match,2023-04-26T13:32:00Z,-5.17,-39.26,2.0,,,0
20230427T034454_usp2023iefu_row5335,matched,2023-04-27T03:44:55Z,-9.87,-39.9,2.3,usp2023iefu,2023-04-27T03:44:54.805552Z,3
20230427T191409_usp2023ifkl_row5336,matched,2023-04-27T19:13:32Z,-28.49,-53.48,2.8,usp2023ifkl,2023-04-27T19:14:09.000000Z,1
20230429T141906_usp2023iirs_row5337,matched,2023-04-29T14:19:07Z,-24.83,-49.75,2.3,usp2023iirs,2023-04-29T14:19:06.725153Z,5
20230430T121604_usp2023ikjd_row5338,matched,2023-04-30T12:16:05Z,-2.85,-40.88,2.1,usp2023ikjd,2023-04-30T12:16:04.697699Z,8
20230501T093108_usp2023ilzf_row5339,matched,2023-05-01T09:31:09Z,-7.41,-74.59,5.2,usp2023ilzf,2023-05-01T09:31:08.640700Z,0
20230501T132608_usp2023imgy_row5340,matched,2023-05-01T13:26:08Z,-4.1,-38.93,2.2,usp2023imgy,2023-05-01T13:26:08.146273Z,4
20230501T143323_usp2023imje_row5341,matched,2023-05-01T14:33:23Z,-16.29,-50.17,2.3,usp2023imje,2023-05-01T14:33:23.192666Z,2
20230502T155117_usp2023iohg_row5342,matched,2023-05-02T15:51:17Z,-14.01,-50.64,3.0,usp2023iohg,2023-05-02T15:51:17.209022Z,2
20230502T213019_usp2023iosl_row5343,matched,2023-05-02T21:30:21Z,-20.91,-43.85,2.9,usp2023iosl,2023-05-02T21:30:19.612297Z,6
20230502T234010_usp2023iows_row5344,matched,2023-05-02T23:40:10Z,-4.15,-39.07,1.9,usp2023iows,2023-05-02T23:40:10.181462Z,5
20230503T033725_row5345,no_match,2023-05-03T03:37:25Z,-4.2,-38.99,1.5,,,0
20230503T044129_usp2023ipgr_row5346,matched,2023-05-03T04:41:29Z,-20.05,-48.8,2.4,usp2023ipgr,2023-05-03T04:41:29.031272Z,7
20230503T182906_row5347,no_match,2023-05-03T18:29:06Z,-14.07,-39.31,2.1,,,0
20230503T183000_row5348,no_match,2023-05-03T18:30:00Z,-14.07,-39.31,2.0,,,0
20230503T183221_usp2023iqib_row5349,matched,2023-05-03T18:32:22Z,-13.96,-39.11,2.1,usp2023iqib,2023-05-03T18:32:21.650971Z,3
20230503T205758_usp2023iqly_row5350,matched,2023-05-03T20:57:59Z,-19.5,-44.24,2.1,usp2023iqly,2023-05-03T20:57:58.936643Z,4
20230504T031211_row5351,no_match,2023-05-04T03:12:11Z,-4.44,-39.49,1.5,,,0
20230504T031338_usp2023iqzg_row5352,matched,2023-05-04T03:13:39Z,-17.46,-41.26,1.7,usp2023iqzg,2023-05-04T03:13:38.862683Z,3
20230504T123031_usp2023irrq_row5353,matched,2023-05-04T12:30:31Z,-21.09,-48.68,1.2,usp2023irrq,2023-05-04T12:30:31.000000Z,1
20230504T161323_usp2023iryz_row5354,matched,2023-05-04T16:13:24Z,-20.14,-44.48,2.2,usp2023iryz,2023-05-04T16:13:23.873252Z,6
20230504T173811_usp2023isbu_row5355,matched,2023-05-04T17:38:11Z,-26.51,-57.46,3.0,usp2023isbu,2023-05-04T17:38:11.060000Z,3
20230504T184111_usp2023isdw_row5356,matched,2023-05-04T18:41:12Z,-14.23,-51.45,2.5,usp2023isdw,2023-05-04T18:41:11.527356Z,2
20230504T201221_usp2023isgw_row5357,matched,2023-05-04T20:12:21Z,-9.41,-35.83,2.1,usp2023isgw,2023-05-04T20:12:21.313554Z,5
20230506T095659_usp2023ivdo_row5358,matched,2023-05-06T09:56:59Z,-21.27,-48.48,1.0,usp2023ivdo,2023-05-06T09:56:59.000000Z,1
20230508T180315_usp2023izkq_row5359,matched,2023-05-08T18:03:15Z,-11.19,-40.54,2.3,usp2023izkq,2023-05-08T18:03:15.369194Z,2
20230510T115513_usp2023jcpm_row5360,matched,2023-05-10T11:55:14Z,-20.97,-48.61,2.3,usp2023jcpm,2023-05-10T11:55:13.841188Z,5
20230511T150029_row5361,no_match,2023-05-11T15:00:29Z,-10.11,-37.73,2.6,,,0
20230511T175146_usp2023jewt_row5362,matched,2023-05-11T17:51:44Z,-8.52,-36.3,2.1,usp2023jewt,2023-05-11T17:51:46.952730Z,1
20230512T145143_usp2023jgmi_row5363,matched,2023-05-12T14:51:47Z,-20.23,-43.89,2.3,usp2023jgmi,2023-05-12T14:51:43.940206Z,3
20230513T083310_usp2023jhvi_row5364,matched,2023-05-13T08:33:11Z,-11.45,-57.75,2.7,usp2023jhvi,2023-05-13T08:33:10.924873Z,2
20230513T151348_row5365,no_match,2023-05-13T15:13:48Z,-12.83,-41.91,2.0,,,0
20230513T170200_row5366,no_match,2023-05-13T17:02:00Z,-13.52,-40.6,2.0,,,0
20230516T000725_usp2023jmre_row5367,matched,2023-05-16T00:07:26Z,-13.5,-44.28,2.8,usp2023jmre,2023-05-16T00:07:25.586278Z,2
20230516T000856_usp2023jmrf_row5368,matched,2023-05-16T00:08:56Z,-20.19,-42.97,2.1,usp2023jmrf,2023-05-16T00:08:56.178799Z,3
20230517T202814_row5369,no_match,2023-05-17T20:28:14Z,-8.24,-35.04,1.6,,,0
20230518T171059_usp2023jrpy_row5370,matched,2023-05-18T17:10:59Z,-13.45,-40.43,2.0,usp2023jrpy,2023-05-18T17:10:59.642946Z,2
20230518T171059_usp2023jrpy_row5371,matched,2023-05-18T17:12:00Z,-13.68,-40.68,2.0,usp2023jrpy,2023-05-18T17:10:59.642946Z,2
20230520T122654_row5372,no_match,2023-05-20T12:26:54Z,-22.62,-55.92,2.6,,,0
20230522T225110_usp2023jzje_row5373,matched,2023-05-22T22:51:10Z,-11.75,-43.46,2.1,usp2023jzje,2023-05-22T22:51:10.202642Z,3
20230523T063654_usp2023jzyn_row5374,matched,2023-05-23T06:36:54Z,-13.27,-45.01,2.7,usp2023jzyn,2023-05-23T06:36:54.183005Z,2
20230523T145758_usp2023kapb_row5375,matched,2023-05-23T14:57:59Z,-4.11,-40.64,2.3,usp2023kapb,2023-05-23T14:57:58.837559Z,3
20230524T125752_row5376,no_match,2023-05-24T12:57:52Z,-13.66,-39.94,2.0,,,0
20230524T184558_usp2023kcsc_row5377,matched,2023-05-24T18:45:59Z,-7.78,-39.94,2.2,usp2023kcsc,2023-05-24T18:45:58.548199Z,8
20230525T045126_usp2023kdmb_row5378,matched,2023-05-25T04:51:26Z,-13.27,-45.0,3.2,usp2023kdmb,2023-05-25T04:51:26.492676Z,2
20230525T074348_usp2023kdrt_row5379,matched,2023-05-25T07:43:49Z,-2.97,-40.85,1.9,usp2023kdrt,2023-05-25T07:43:48.994366Z,3
20230526T142934_usp2023kgaq_row5380,matched,2023-05-26T14:29:34Z,-8.35,-36.12,2.1,usp2023kgaq,2023-05-26T14:29:34.406638Z,5
20230527T032750_usp2023khah_row5381,matched,2023-05-27T03:27:50Z,-0.38,-60.4,4.1,usp2023khah,2023-05-27T03:27:50.270000Z,0
20230527T043435_usp2023khcn_row5382,matched,2023-05-27T04:34:35Z,-21.06,-48.62,2.3,usp2023khcn,2023-05-27T04:34:35.208241Z,9
20230527T050737_usp2023khdp_row5383,matched,2023-05-27T05:07:38Z,-11.28,-40.57,2.3,usp2023khdp,2023-05-27T05:07:37.534231Z,2
20230527T131541_usp2023khts_row5384,matched,2023-05-27T13:15:41Z,-21.09,-48.63,2.2,usp2023khts,2023-05-27T13:15:41.153204Z,6
20230527T145500_row5385,no_match,2023-05-27T14:55:00Z,-13.75,-40.69,2.1,,,0
20230527T215254_usp2023kikt_row5386,matched,2023-05-27T21:52:55Z,-10.55,-44.3,2.4,usp2023kikt,2023-05-27T21:52:54.829285Z,1
20230528T185240_row5387,no_match,2023-05-28T18:52:40Z,-5.0,-48.75,3.2,,,0
20230529T045733_usp2023kkug_row5388,matched,2023-05-29T04:57:34Z,-8.04,-74.35,5.4,usp2023kkug,2023-05-29T04:57:33.511506Z,1
20230529T150225_usp2023klog_row5389,matched,2023-05-29T15:02:26Z,-7.88,-40.08,2.1,usp2023klog,2023-05-29T15:02:25.825710Z,4
20230530T072227_usp2023kmuo_row5390,matched,2023-05-30T07:22:28Z,-12.47,-61.54,2.5,usp2023kmuo,2023-05-30T07:22:27.654717Z,1
20230530T212524_usp2023knwj_row5391,matched,2023-05-30T21:25:24Z,-14.2,-51.38,2.5,usp2023knwj,2023-05-30T21:25:24.051298Z,2
20230601T160939_row5392,no_match,2023-06-01T16:09:39Z,-22.43,-55.75,2.3,,,0
20230601T203435_usp2023krlr_row5393,matched,2023-06-01T20:34:36Z,-21.06,-44.71,2.2,usp2023krlr,2023-06-01T20:34:35.872661Z,4
20230603T094907_usp2023kuhk_row5394,matched,2023-06-03T09:49:07Z,-8.77,-40.23,2.3,usp2023kuhk,2023-06-03T09:49:07.146769Z,4
20230604T181324_usp2023kwto_row5395,matched,2023-06-04T18:13:25Z,-16.44,-60.05,3.6,usp2023kwto,2023-06-04T18:13:24.541148Z,2
20230607T163643_usp2023lccw_row5396,matched,2023-06-07T16:36:46Z,-18.75,-43.4,2.9,usp2023lccw,2023-06-07T16:36:43.100874Z,4
20230609T103914_usp2023lfib_row5397,matched,2023-06-09T10:39:15Z,-19.52,-44.18,2.3,usp2023lfib,2023-06-09T10:39:14.910000Z,2
20230609T182654_usp2023lfxn_row5398,matched,2023-06-09T18:26:55Z,-4.28,-40.22,1.5,usp2023lfxn,2023-06-09T18:26:54.766610Z,5
20230609T214917_usp2023lgee_row5399,matched,2023-06-09T21:49:18Z,-21.1,-59.35,2.8,usp2023lgee,2023-06-09T21:49:17.611569Z,3
20230614T164641_usp2023loxs_row5400,matched,2023-06-14T16:46:42Z,-13.63,-40.68,2.1,usp2023loxs,2023-06-14T16:46:41.523395Z,1
20230615T200008_usp2023lqzp_row5401,matched,2023-06-15T20:00:08Z,-15.89,-43.0,2.5,usp2023lqzp,2023-06-15T20:00:08.035501Z,4
20230616T112205_usp2023lsea_row5402,matched,2023-06-16T11:22:06Z,-24.5,-47.4,4.0,usp2023lsea,2023-06-16T11:22:05.379999Z,7
20230616T192318_usp2023lstw_row5403,matched,2023-06-16T19:23:19Z,-9.42,-35.8,2.1,usp2023lstw,2023-06-16T19:23:18.538900Z,4
20230618T163635_row5404,no_match,2023-06-18T16:36:35Z,-11.21,-40.39,2.1,,,0
20230618T211345_usp2023lwon_row5405,matched,2023-06-18T21:13:46Z,-21.05,-48.62,2.1,usp2023lwon,2023-06-18T21:13:45.909999Z,6
20230619T032911_usp2023lxax_row5406,matched,2023-06-19T03:29:12Z,-20.99,-48.61,2.5,usp2023lxax,2023-06-19T03:29:11.888526Z,13
20230619T055750_usp2023lxfv_row5407,matched,2023-06-19T05:57:50Z,-20.87,-48.53,2.5,usp2023lxfv,2023-06-19T05:57:50.084746Z,13
20230619T195908_row5408,no_match,2023-06-19T19:59:08Z,-11.45,-41.79,2.0,,,0
20230622T032947_usp2023mcnl_row5409,matched,2023-06-22T03:29:49Z,-7.81,-74.36,4.4,usp2023mcnl,2023-06-22T03:29:47.522424Z,2
20230623T021216_row5410,no_match,2023-06-23T02:12:16Z,-13.37,-40.4,2.0,,,0
20230623T033249_usp2023mejb_row5411,matched,2023-06-23T03:32:50Z,-9.76,-39.97,2.0,usp2023mejb,2023-06-23T03:32:49.978285Z,3
20230623T042433_usp2023mekv_row5412,matched,2023-06-23T04:24:33Z,-6.64,-50.04,2.3,usp2023mekv,2023-06-23T04:24:33.107578Z,4
20230623T042457_usp2023meku_row5413,matched,2023-06-23T04:24:58Z,-6.63,-50.01,2.5,usp2023meku,2023-06-23T04:24:57.686406Z,4
20230623T042503_usp2023mekt_row5414,matched,2023-06-23T04:25:04Z,-6.65,-50.09,3.0,usp2023mekt,2023-06-23T04:25:03.985268Z,4
20230623T055511_usp2023ment_row5415,matched,2023-06-23T05:55:11Z,-10.08,-39.52,2.2,usp2023ment,2023-06-23T05:55:11.397644Z,4
20230623T150223_row5416,no_match,2023-06-23T15:02:23Z,-10.94,-39.32,2.1,,,0
20230623T170145_usp2023mfjt_row5417,matched,2023-06-23T17:01:45Z,-6.43,-50.09,3.3,usp2023mfjt,2023-06-23T17:01:45.084502Z,5
20230624T033132_usp2023mgen_row5418,matched,2023-06-24T03:31:33Z,-8.07,-74.46,5.3,usp2023mgen,2023-06-24T03:31:32.746992Z,2
20230627T162915_usp2023mmqr_row5419,matched,2023-06-27T16:29:16Z,-4.17,-40.63,1.7,usp2023mmqr,2023-06-27T16:29:15.869289Z,4
20230629T150107_usp2023mqeu_row5420,matched,2023-06-29T15:01:08Z,-16.39,-44.84,2.1,usp2023mqeu,2023-06-29T15:01:07.736707Z,4
20230703T173242_usp2023mxru_row5421,matched,2023-07-03T17:32:42Z,-23.27,-51.07,2.6,usp2023mxru,2023-07-03T17:32:42.387939Z,4
20230704T142456_usp2023mzhc_row5422,matched,2023-07-04T14:24:56Z,-4.77,-38.37,2.1,usp2023mzhc,2023-07-04T14:24:56.190250Z,6
20230707T034014_usp2023ndyi_row5423,matched,2023-07-07T03:40:15Z,-8.3,-73.97,4.5,usp2023ndyi,2023-07-07T03:40:14.561226Z,2
20230707T192535_usp2023nfdn_row5424,matched,2023-07-07T19:25:36Z,-4.48,-49.9,2.7,usp2023nfdn,2023-07-07T19:25:35.923739Z,2
20230712T143946_usp2023nnxp_row5425,matched,2023-07-12T14:39:46Z,-6.26,-38.92,2.0,usp2023nnxp,2023-07-12T14:39:46.093945Z,3
20230715T212830_usp2023ntxp_row5426,matched,2023-07-15T21:28:31Z,-20.46,-56.3,1.8,usp2023ntxp,2023-07-15T21:28:30.548527Z,3
20230716T061213_usp2023nuow_row5427,matched,2023-07-16T06:12:13Z,-14.54,-45.6,2.3,usp2023nuow,2023-07-16T06:12:13.001824Z,2
20230716T134558_usp2023nvdw_row5428,matched,2023-07-16T13:45:59Z,-9.47,-35.71,1.8,usp2023nvdw,2023-07-16T13:45:58.816965Z,3
20230718T224411_usp2023nzmp_row5429,matched,2023-07-18T22:44:12Z,-9.91,-39.84,2.3,usp2023nzmp,2023-07-18T22:44:11.830890Z,3
20230719T101229_usp2023oajh_row5430,matched,2023-07-19T10:12:30Z,-8.01,-74.31,4.8,usp2023oajh,2023-07-19T10:12:29.645993Z,0
20230719T150517_usp2023oasz_row5431,matched,2023-07-19T15:05:18Z,-8.61,-36.31,2.4,usp2023oasz,2023-07-19T15:05:17.995361Z,4
20230720T191100_usp2023ocwp_row5432,matched,2023-07-20T19:11:00Z,-4.0,-50.01,3.4,usp2023ocwp,2023-07-20T19:11:00.000000Z,0
20230721T145822_usp2023oejt_row5433,matched,2023-07-21T14:58:22Z,-9.85,-36.72,1.8,usp2023oejt,2023-07-21T14:58:22.067841Z,4
20230723T053906_usp2023ohii_row5434,matched,2023-07-23T05:39:07Z,-6.44,-50.33,2.9,usp2023ohii,2023-07-23T05:39:06.909792Z,2
20230725T175349_row5435,no_match,2023-07-25T17:53:49Z,-20.14,-43.63,2.1,,,0
20230727T004714_usp2023oogs_row5436,matched,2023-07-27T00:47:14Z,-4.43,-38.46,2.6,usp2023oogs,2023-07-27T00:47:14.117709Z,6
20230728T121905_usp2023oqza_row5437,matched,2023-07-28T12:19:06Z,-8.38,-36.13,2.1,usp2023oqza,2023-07-28T12:19:05.841825Z,6
20230728T161057_usp2023orgr_row5438,matched,2023-07-28T16:10:58Z,-4.15,-40.58,2.1,usp2023orgr,2023-07-28T16:10:57.799320Z,4
20230730T234659_usp2023ovms_row5439,matched,2023-07-30T23:46:59Z,-19.33,-45.22,3.2,usp2023ovms,2023-07-30T23:46:59.256512Z,13
20230801T064127_usp2023oxvx_row5440,matched,2023-08-01T06:41:27Z,-21.08,-48.69,1.1,usp2023oxvx,2023-08-01T06:41:27.000000Z,0
20230801T094122_row5441,no_match,2023-08-01T09:41:22Z,-11.24,-40.55,2.1,,,0
20230802T164957_usp2023palm_row5442,matched,2023-08-02T16:49:58Z,-13.69,-40.76,2.5,usp2023palm,2023-08-02T16:49:57.808878Z,0
20230803T012739_row5443,no_match,2023-08-03T01:27:39Z,-6.59,-38.34,1.2,,,0
20230803T045837_usp2023pbjn_row5444,matched,2023-08-03T04:58:38Z,-21.23,-57.18,2.9,usp2023pbjn,2023-08-03T04:58:37.729999Z,4
20230804T053140_usp2023pdgc_row5445,matched,2023-08-04T05:31:40Z,-9.7,-36.61,2.0,usp2023pdgc,2023-08-04T05:31:40.282901Z,4
20230805T035238_usp2023peyi_row5446,matched,2023-08-05T03:52:39Z,-11.24,-40.53,2.4,usp2023peyi,2023-08-05T03:52:38.835615Z,2
20230805T035238_usp2023peyi_row5447,matched,2023-08-05T03:54:16Z,-11.24,-40.54,2.1,usp2023peyi,2023-08-05T03:52:38.835615Z,2
20230806T192408_usp2023phyo_row5448,matched,2023-08-06T19:24:09Z,-19.98,-48.82,2.6,usp2023phyo,2023-08-06T19:24:08.730000Z,8
20230806T230711_usp2023pify_row5449,matched,2023-08-06T23:07:11Z,-19.96,-48.74,2.6,usp2023pify,2023-08-06T23:07:11.351010Z,7
20230808T033623_usp2023pkki_row5450,matched,2023-08-08T03:36:24Z,-9.87,-39.88,2.3,usp2023pkki,2023-08-08T03:36:23.801908Z,4
20230809T073121_row5451,no_match,2023-08-09T07:31:21Z,-4.22,-39.74,1.6,,,0
20230810T043025_usp2023podc_row5452,matched,2023-08-10T04:30:25Z,-7.99,-74.41,4.4,usp2023podc,2023-08-10T04:30:25.008555Z,0
20230810T203210_row5453,no_match,2023-08-10T20:32:10Z,-10.58,-40.39,2.0,,,0
20230810T214659_row5454,no_match,2023-08-10T21:46:59Z,-9.83,-39.88,2.0,,,0
20230811T043651_row5455,no_match,2023-08-11T04:36:51Z,-9.86,-39.86,2.1,,,0
20230813T163857_usp2023punq_row5456,matched,2023-08-13T16:38:58Z,-4.41,-38.41,2.5,usp2023punq,2023-08-13T16:38:57.810535Z,6
20230814T113314_row5457,no_match,2023-08-14T11:33:14Z,-11.25,-40.5,2.0,,,0
20230814T161401_usp2023pwii_row5458,matched,2023-08-14T16:14:02Z,-9.88,-39.87,2.3,usp2023pwii,2023-08-14T16:14:01.693180Z,4
20230814T173820_usp2023pwlc_row5459,matched,2023-08-14T17:38:21Z,-5.88,-50.66,3.7,usp2023pwlc,2023-08-14T17:38:20.899999Z,1
20230815T164248_usp2023pyeu_row5460,matched,2023-08-15T16:42:49Z,-13.49,-49.06,2.9,usp2023pyeu,2023-08-15T16:42:48.557338Z,5
20230815T182916_usp2023pyih_row5461,matched,2023-08-15T18:29:16Z,-20.44,-43.17,2.1,usp2023pyih,2023-08-15T18:29:16.310031Z,2
20230817T185253_row5462,no_match,2023-08-17T18:52:53Z,-6.04,-50.21,3.2,,,0
20230822T211939_usp2023qlil_row5463,matched,2023-08-22T21:19:39Z,-24.32,-50.67,2.4,usp2023qlil,2023-08-22T21:19:39.340000Z,5
20230823T012531_usp2023qlqo_row5464,matched,2023-08-23T01:25:32Z,-7.47,-49.69,2.5,usp2023qlqo,2023-08-23T01:25:31.526755Z,2
20230824T083808_usp2023qoai_row5465,matched,2023-08-24T08:38:08Z,-13.4,-38.84,2.2,usp2023qoai,2023-08-24T08:38:08.330221Z,1
20230824T130305_usp2023qojb_row5466,matched,2023-08-24T13:03:06Z,-5.38,-39.93,2.1,usp2023qojb,2023-08-24T13:03:05.986888Z,4
20230824T140740_usp2023qole_row5467,matched,2023-08-24T14:07:41Z,-14.22,-50.19,2.9,usp2023qole,2023-08-24T14:07:40.808206Z,6
20230825T002817_usp2023qpfr_row5468,matched,2023-08-25T00:28:17Z,-3.91,-39.41,1.9,usp2023qpfr,2023-08-25T00:28:17.211720Z,4
20230825T094743_usp2023qpyc_row5469,matched,2023-08-25T09:47:44Z,-9.9,-39.84,2.3,usp2023qpyc,2023-08-25T09:47:43.895651Z,4
20230825T193439_usp2023qqrm_row5470,matched,2023-08-25T19:34:40Z,-9.76,-36.7,2.1,usp2023qqrm,2023-08-25T19:34:39.932263Z,5
20230828T141408_usp2023qvtk_row5471,matched,2023-08-28T14:14:09Z,-5.08,-38.23,2.1,usp2023qvtk,2023-08-28T14:14:08.850257Z,4
20230829T033517_usp2023qwtv_row5472,matched,2023-08-29T03:35:17Z,-8.11,-35.22,2.0,usp2023qwtv,2023-08-29T03:35:17.280803Z,5
20230829T163914_usp2023qxts_row5473,matched,2023-08-29T16:39:15Z,-19.41,-44.16,2.3,usp2023qxts,2023-08-29T16:39:14.918234Z,4
20230829T195520_row5474,no_match,2023-08-29T19:55:20Z,-10.24,-36.88,2.0,,,0
20230830T210919_row5475,no_match,2023-08-30T21:09:19Z,-11.23,-40.51,2.4,,,0
20230830T213750_row5476,no_match,2023-08-30T21:37:50Z,-11.25,-40.51,2.4,,,0
20230831T000109_row5477,no_match,2023-08-31T00:01:09Z,-9.82,-39.84,2.3,,,0
20230831T041908_row5478,no_match,2023-08-31T04:19:08Z,-9.81,-39.84,2.3,,,0
20230831T042013_row5479,no_match,2023-08-31T04:20:13Z,-9.85,-39.86,2.6,,,0
20230831T130724_usp2023rbds_row5480,matched,2023-08-31T13:07:24Z,-9.91,-39.77,2.5,usp2023rbds,2023-08-31T13:07:24.482356Z,3
20230831T135314_usp2023rbff_row5481,matched,2023-08-31T13:53:15Z,-9.78,-39.76,2.2,usp2023rbff,2023-08-31T13:53:14.884387Z,3
20230831T175023_row5482,no_match,2023-08-31T17:50:23Z,-2.5,-50.18,2.5,,,0
20230901T170227_row5483,no_match,2023-09-01T17:02:27Z,-9.88,-39.85,2.0,,,0
20230902T053155_usp2023refs_row5484,matched,2023-09-02T05:31:55Z,-20.62,-44.81,2.1,usp2023refs,2023-09-02T05:31:55.197931Z,5
20230902T111102_usp2023reqw_row5485,matched,2023-09-02T11:11:02Z,-8.22,-74.22,5.3,usp2023reqw,2023-09-02T11:11:02.034937Z,0
20230904T094023_usp2023riex_row5486,matched,2023-09-04T09:40:24Z,-9.9,-39.78,2.3,usp2023riex,2023-09-04T09:40:23.759161Z,3
20230904T095456_usp2023rifj_row5487,matched,2023-09-04T09:54:57Z,-9.87,-39.86,2.3,usp2023rifj,2023-09-04T09:54:56.961107Z,3
20230904T105603_row5488,no_match,2023-09-04T10:56:03Z,-9.88,-39.86,2.0,,,0
20230905T160006_row5489,no_match,2023-09-05T16:00:06Z,-3.56,-50.16,2.4,,,0
20230905T163450_row5490,no_match,2023-09-05T16:34:50Z,-2.44,-49.24,3.0,,,0
20230905T184045_row5491,no_match,2023-09-05T18:40:45Z,-2.77,-49.99,2.7,,,0
20230905T212039_usp2023rkxn_row5492,matched,2023-09-05T21:20:40Z,-22.43,-58.17,2.9,usp2023rkxn,2023-09-05T21:20:39.500000Z,3
20230906T175316_row5493,no_match,2023-09-06T17:53:16Z,-5.04,-48.97,2.9,,,0
20230906T230212_usp2023rmwj_row5494,matched,2023-09-06T23:02:19Z,-24.3,-48.1,2.3,usp2023rmwj,2023-09-06T23:02:12.070000Z,3
20230907T163345_usp2023rofb_row5495,matched,2023-09-07T16:33:47Z,-20.41,-44.06,2.4,usp2023rofb,2023-09-07T16:33:45.294976Z,8
20230908T170134_row5496,no_match,2023-09-08T17:01:34Z,-5.79,-50.46,3.3,,,0
20230910T170514_row5497,no_match,2023-09-10T17:05:14Z,-19.58,-43.38,2.1,,,0
20230912T130302_row5498,no_match,2023-09-12T13:03:02Z,-8.46,-36.6,1.8,,,0
20230914T203815_row5499,no_match,2023-09-14T20:38:15Z,-5.23,-49.69,2.8,,,0
20230917T154526_usp2023sgkm_row5500,matched,2023-09-17T15:45:27Z,-9.97,-39.81,2.7,usp2023sgkm,2023-09-17T15:45:26.552237Z,3
20230919T011335_usp2023siys_row5501,matched,2023-09-19T01:13:36Z,-20.98,-48.62,2.2,usp2023siys,2023-09-19T01:13:35.783113Z,4
20230921T072432_usp2023snbz_row5502,matched,2023-09-21T07:24:32Z,-13.54,-42.64,3.1,usp2023snbz,2023-09-21T07:24:32.369999Z,1
20230922T021156_usp2023sond_row5503,matched,2023-09-22T02:11:57Z,-8.8,-74.23,4.9,usp2023sond,2023-09-22T02:11:56.603559Z,0
20230922T101454_usp2023spdb_row5504,matched,2023-09-22T10:14:54Z,-10.06,-73.05,4.5,usp2023spdb,2023-09-22T10:14:54.170210Z,0
20230924T121300_row5505,no_match,2023-09-24T12:13:00Z,-9.59,-39.89,2.1,,,0
20230926T022759_usp2023svvs_row5506,matched,2023-09-26T02:27:59Z,-9.92,-39.84,2.5,usp2023svvs,2023-09-26T02:27:59.545528Z,0
20230927T084749_usp2023sydt_row5507,matched,2023-09-27T08:47:50Z,-13.73,-48.63,2.8,usp2023sydt,2023-09-27T08:47:49.562060Z,2
20231001T054857_usp2023tffw_row5508,matched,2023-10-01T05:48:58Z,-13.53,-48.84,3.0,usp2023tffw,2023-10-01T05:48:57.869999Z,4
20231001T170903_usp2023tgch_row5509,matched,2023-10-01T17:09:04Z,-20.63,-44.54,2.6,usp2023tgch,2023-10-01T17:09:03.742244Z,9
20231003T051534_usp2023tivt_row5510,matched,2023-10-03T05:15:34Z,-9.83,-39.89,2.1,usp2023tivt,2023-10-03T05:15:34.262748Z,5
20231004T193357_usp2023tlto_row5511,matched,2023-10-04T19:33:58Z,-20.5,-56.18,1.8,usp2023tlto,2023-10-04T19:33:57.538336Z,4
20231005T094012_usp2023tmvm_row5512,matched,2023-10-05T09:40:12Z,-9.84,-39.89,2.2,usp2023tmvm,2023-10-05T09:40:12.202006Z,4
20231008T125207_usp2023tsoi_row5513,matched,2023-10-08T12:52:08Z,-17.0,-57.27,2.5,usp2023tsoi,2023-10-08T12:52:07.717612Z,4
20231010T142814_usp2023twin_row5514,matched,2023-10-10T14:28:15Z,-8.07,-37.87,2.1,usp2023twin,2023-10-10T14:28:14.740770Z,12
20231011T144603_usp2023tyep_row5515,matched,2023-10-11T14:46:04Z,-8.36,-36.19,2.3,usp2023tyep,2023-10-11T14:46:03.896931Z,7
20231014T001925_usp2023ucon_row5516,matched,2023-10-14T00:19:26Z,-19.73,-46.98,2.0,usp2023ucon,2023-10-14T00:19:25.688117Z,7
20231014T151420_usp2023udsb_row5517,matched,2023-10-14T15:14:21Z,-12.91,-43.84,3.3,usp2023udsb,2023-10-14T15:14:20.813650Z,2
20231023T042726_row5518,no_match,2023-10-23T04:27:26Z,-5.26,-34.81,2.1,,,0
20231024T155042_row5519,no_match,2023-10-24T15:50:42Z,-9.87,-39.88,2.0,,,0
20231025T150314_usp2023uxuf_row5520,matched,2023-10-25T15:03:14Z,-10.95,-39.26,2.2,usp2023uxuf,2023-10-25T15:03:14.147298Z,3
20231026T011806_usp2023uyom_row5521,matched,2023-10-26T01:18:07Z,-8.33,-36.15,2.5,usp2023uyom,2023-10-26T01:18:06.709818Z,6
20231026T093841_usp2023uzfa_row5522,matched,2023-10-26T09:38:42Z,-9.83,-39.92,2.3,usp2023uzfa,2023-10-26T09:38:41.848424Z,1
20231026T191247_usp2023uzxy_row5523,matched,2023-10-26T19:12:47Z,-20.54,-56.66,2.1,usp2023uzxy,2023-10-26T19:12:47.492734Z,3
20231027T082013_usp2023vaxx_row5524,matched,2023-10-27T08:20:14Z,-19.51,-44.07,2.2,usp2023vaxx,2023-10-27T08:20:13.939937Z,6
20231027T144841_usp2023vbkt_row5525,matched,2023-10-27T14:48:42Z,-20.35,-45.58,2.5,usp2023vbkt,2023-10-27T14:48:41.845175Z,7
20231102T150714_usp2023vmkj_row5526,matched,2023-11-02T15:07:14Z,-8.96,-35.77,2.3,usp2023vmkj,2023-11-02T15:07:14.418698Z,6
20231102T191312_usp2023vmsm_row5527,matched,2023-11-02T19:13:12Z,-14.0,-46.51,2.0,usp2023vmsm,2023-11-02T19:13:12.499067Z,3
20231105T043523_usp2023vrca_row5528,matched,2023-11-05T04:35:24Z,-13.07,-43.47,2.7,usp2023vrca,2023-11-05T04:35:23.611865Z,2
20231107T075251_usp2023vuzo_row5529,matched,2023-11-07T07:52:52Z,-20.26,-43.87,2.1,usp2023vuzo,2023-11-07T07:52:51.678648Z,4
20231111T052909_usp2023wccv_row5530,matched,2023-11-11T05:29:10Z,-20.07,-49.05,2.4,usp2023wccv,2023-11-11T05:29:09.512468Z,7
20231114T033842_usp2023whlr_row5531,matched,2023-11-14T03:38:43Z,-15.18,-36.94,2.9,usp2023whlr,2023-11-14T03:38:42.526585Z,0
20231115T223938_usp2023wksv_row5532,matched,2023-11-15T22:39:38Z,-18.57,-44.2,2.4,usp2023wksv,2023-11-15T22:39:38.426033Z,9
20231116T092253_usp2023wlob_row5533,matched,2023-11-16T09:22:54Z,-16.48,-40.66,2.4,usp2023wlob,2023-11-16T09:22:53.847286Z,2
20231116T164136_usp2023wmcn_row5534,matched,2023-11-16T16:41:37Z,-8.02,-37.87,2.0,usp2023wmcn,2023-11-16T16:41:36.714038Z,5
20231118T011338_usp2023woox_row5535,matched,2023-11-18T01:13:38Z,-4.04,-38.98,2.1,usp2023woox,2023-11-18T01:13:38.148922Z,4
20231119T032020_usp2023wqop_row5536,matched,2023-11-19T03:20:21Z,-29.43,-54.57,2.0,usp2023wqop,2023-11-19T03:20:20.870497Z,6
20231119T093038_usp2023wrav_row5537,matched,2023-11-19T09:30:39Z,-29.43,-54.57,2.2,usp2023wrav,2023-11-19T09:30:38.712379Z,6
20231120T065657_row5538,no_match,2023-11-20T06:56:57Z,-6.26,-50.96,2.6,,,0
20231120T065713_usp2023wsrg_row5539,matched,2023-11-20T06:57:14Z,-7.54,-50.81,2.8,usp2023wsrg,2023-11-20T06:57:13.957394Z,1
20231120T074956_usp2023wssz_row5540,matched,2023-11-20T07:49:57Z,2.59,-59.25,3.8,usp2023wssz,2023-11-20T07:49:56.878647Z,0
20231124T054613_usp2023wzwy_row5541,matched,2023-11-24T05:46:14Z,-9.74,-36.67,1.8,usp2023wzwy,2023-11-24T05:46:13.688326Z,5
20231125T135127_row5542,no_match,2023-11-25T13:51:27Z,-13.38,-38.26,2.5,,,0
20231126T030308_usp2023xdio_row5543,matched,2023-11-26T03:03:09Z,-5.88,-50.6,3.0,usp2023xdio,2023-11-26T03:03:08.530944Z,2
20231126T222507_row5544,no_match,2023-11-26T22:25:07Z,-3.3,-40.53,2.1,,,0
20231127T023304_row5545,no_match,2023-11-27T02:33:04Z,-11.27,-40.57,2.0,,,0
20231127T044816_usp2023xfhn_row5546,matched,2023-11-27T04:48:16Z,-9.65,-35.73,1.4,usp2023xfhn,2023-11-27T04:48:16.460386Z,3
20231127T235503_row5547,no_match,2023-11-27T23:55:03Z,-8.07,-35.19,1.6,,,0
20231128T055040_usp2023xhfc_row5548,matched,2023-11-28T05:50:40Z,-9.61,-35.75,1.7,usp2023xhfc,2023-11-28T05:50:40.406157Z,6
20231128T124311_usp2023xhsr_row5549,matched,2023-11-28T12:43:12Z,-9.75,-37.26,2.2,usp2023xhsr,2023-11-28T12:43:11.530221Z,4
20231128T191217_usp2023xifn_row5550,matched,2023-11-28T19:12:18Z,-9.63,-35.72,1.6,usp2023xifn,2023-11-28T19:12:17.687176Z,4
20231128T204250_usp2023xiin_row5551,matched,2023-11-28T20:42:51Z,-8.1,-34.98,1.8,usp2023xiin,2023-11-28T20:42:50.717432Z,5
20231129T162259_usp2023xjvl_row5552,matched,2023-11-29T16:22:59Z,-9.68,-36.68,1.7,usp2023xjvl,2023-11-29T16:22:59.923406Z,4
20231201T041200_usp2023xmoi_row5553,matched,2023-12-01T04:12:01Z,-18.58,-45.14,3.1,usp2023xmoi,2023-12-01T04:12:00.900000Z,9
20231202T022331_usp2023xogg_row5554,matched,2023-12-02T02:23:31Z,-11.18,-70.07,4.8,usp2023xogg,2023-12-02T02:23:31.426669Z,0
20231209T041003_usp2023ybeh_row5555,matched,2023-12-09T04:10:04Z,-9.76,-39.91,1.8,usp2023ybeh,2023-12-09T04:10:03.905895Z,2
20231209T163505_usp2023yccw_row5556,matched,2023-12-09T16:35:04Z,-5.92,-50.69,3.8,usp2023yccw,2023-12-09T16:35:05.370000Z,0
20231210T012545_row5557,no_match,2023-12-10T01:25:45Z,-9.88,-39.95,2.0,,,0
20231214T005218_usp2023ykbh_row5558,matched,2023-12-14T00:52:19Z,-20.05,-48.87,2.3,usp2023ykbh,2023-12-14T00:52:18.908318Z,4
20231214T023358_usp2023ykeq_row5559,matched,2023-12-14T02:33:59Z,-21.41,-57.13,3.1,usp2023ykeq,2023-12-14T02:33:58.480992Z,4
20231214T033644_row5560,no_match,2023-12-14T03:36:44Z,-9.86,-39.89,2.1,,,0
20231214T051903_usp2023ykkc_row5561,matched,2023-12-14T05:19:04Z,-8.23,-35.78,2.2,usp2023ykkc,2023-12-14T05:19:03.626318Z,4
20231215T170603_usp2023yncs_row5562,matched,2023-12-15T17:06:04Z,-17.2,-56.52,2.7,usp2023yncs,2023-12-15T17:06:03.707179Z,6
20231216T100648_usp2023yokp_row5563,matched,2023-12-16T10:06:50Z,-21.71,-46.51,2.6,usp2023yokp,2023-12-16T10:06:48.763264Z,8
20231216T122549_usp2023yope_row5564,matched,2023-12-16T12:25:50Z,-19.53,-44.14,2.2,usp2023yope,2023-12-16T12:25:49.745589Z,9
20231220T181419_usp2023ywir_row5565,matched,2023-12-20T18:14:20Z,-7.52,-52.32,3.1,usp2023ywir,2023-12-20T18:14:19.429640Z,0
20231222T042211_row5566,no_match,2023-12-22T04:22:11Z,-2.22,-53.55,1.0,,,0
20231224T193302_row5567,no_match,2023-12-24T19:33:02Z,-6.16,-50.93,2.8,,,0
20231228T040546_row5568,no_match,2023-12-28T04:05:46Z,-11.27,-40.54,2.1,,,0
20231229T052539_usp2023zluw_row5569,matched,2023-12-29T05:25:40Z,-13.71,-58.88,3.1,usp2023zluw,2023-12-29T05:25:39.801307Z,1
20231229T154815_row5570,no_match,2023-12-29T15:48:15Z,-9.84,-39.95,2.0,,,0
20231229T160100_row5571,no_match,2023-12-29T16:01:00Z,-8.35,-35.99,2.2,,,0
20231230T135934_usp2023zohi_row5572,matched,2023-12-30T13:59:36Z,-16.59,-55.37,2.8,usp2023zohi,2023-12-30T13:59:34.628619Z,3
