index,EventID,Error,Pick,Network,Location,Channel,Latitude,Longitude,Distance,Origem Latitude,Origem Longitude,Depth/km,Pick Time,Origin Time,Start Time,End Time,Cat,MLv,Certainty,Path,Compo,CFT,Warning
8115,usp2012cswi,"["" - Error! len(compo) != 3 (['Z'])""]",P,ON,,HHZ,-22.86516,-43.964094,287.5071378137774,-24.56134415,-46.09851074,2000.0,2012-02-08T18:48:16.061279Z,2012-02-08T18:47:32.534268Z,2012-02-08T18:48:05.061279Z,2012-02-08T18:49:05.061279Z,earthquake,2.598904622,known,20120208T184732/ON_MAN01_20120208T184732.mseed,[],,[]
8102,bsb20120221063625,"["" - Error! len(compo) != 3 (['Z'])""]",P,ON,,HHZ,-22.86516,-43.964094,169.9692692805942,-23.48016167,-45.48500061,0.0,2012-02-21T06:35:54.243408Z,2012-02-21T06:35:26.308713Z,2012-02-21T06:35:43.243408Z,2012-02-21T06:36:43.243408Z,earthquake,3.072478086,suspected,20120221T063526/ON_MAN01_20120221T063526.mseed,[],,[]
8089,usp2012fuzz,"["" - Error! len(compo) != 3 (['Z'])""]",P,ON,,HHZ,-22.86516,-43.964094,102.690030825158,-23.41579628,-44.77083969,0.0,2012-03-23T15:31:42.628367Z,2012-03-23T15:31:25.177595Z,2012-03-23T15:31:31.628367Z,2012-03-23T15:32:31.628367Z,earthquake,2.21173104,suspected,20120323T153125/ON_MAN01_20120323T153125.mseed,[],,[]
8082,usp2012fwym,"["" - Error! len(compo) != 3 (['Z'])""]",P,ON,,HHZ,-22.86516,-43.964094,257.6975540521356,-25.18963432,-44.07380676,0.0,2012-03-24T17:03:00.388946Z,2012-03-24T17:02:21.744028Z,2012-03-24T17:02:49.388946Z,2012-03-24T17:03:49.388946Z,earthquake,2.975195899,known,20120324T170221/ON_MAN01_20120324T170221.mseed,[],,[]
8069,usp2012hzep,"["" - Error! len(compo) != 3 (['Z'])""]",P,ON,,HHZ,-22.86516,-43.964094,103.15429954844728,-23.41172028,-44.7796669,0.0,2012-04-23T09:29:04.755493Z,2012-04-23T09:28:47.105631Z,2012-04-23T09:28:53.755493Z,2012-04-23T09:29:53.755493Z,earthquake,2.118416116,known,20120423T092847/ON_MAN01_20120423T092847.mseed,[],,[]
8027,usp2012lzsk,"["" - Error! len(compo) != 3 (['Z'])""]",P,ON,,HHZ,-21.825656,-41.657401,102.36867529446648,-22.18578339,-42.57048035,0.0,2012-06-19T14:36:08.069793Z,2012-06-19T14:35:50.122594Z,2012-06-19T14:35:57.069793Z,2012-06-19T14:36:57.069793Z,earthquake,2.142427942,known,20120619T143550/ON_CAM01_20120619T143550.mseed,[],,[]
8026,usp2012lzsk,"["" - Error! len(compo) != 3 (['Z'])""]",P,ON,,HHZ,-22.86516,-43.964094,161.90969258681469,-22.18578339,-42.57048035,0.0,2012-06-19T14:36:16.141418Z,2012-06-19T14:35:50.122594Z,2012-06-19T14:36:05.141418Z,2012-06-19T14:37:05.141418Z,earthquake,2.142427942,known,20120619T143550/ON_MAN01_20120619T143550.mseed,[],,[]
8021,usp2012noiv,"["" - Error! len(compo) != 3 (['Z'])""]",P,ON,,HHZ,-21.825656,-41.657401,26.192791988804736,-21.81612587,-41.40427017,0.0,2012-07-11T20:19:56.118469Z,2012-07-11T20:19:51.063911Z,2012-07-11T20:19:45.118469Z,2012-07-11T20:20:45.118469Z,earthquake,2.613804246,known,20120711T201951/ON_CAM01_20120711T201951.mseed,[],,[]
8017,usp2012noiv,"["" - Error! len(compo) != 3 (['Z'])""]",P,ON,,HHZ,-22.86516,-43.964094,288.1418704156199,-21.81612587,-41.40427017,0.0,2012-07-11T20:20:35.072753Z,2012-07-11T20:19:51.063911Z,2012-07-11T20:20:24.072753Z,2012-07-11T20:21:24.072753Z,earthquake,2.613804246,known,20120711T201951/ON_MAN01_20120711T201951.mseed,[],,[]
8004,usp2012sdcf,"["" - Error! len(compo) != 3 (['Z'])""]",P,ON,,HHZ,-22.86516,-43.964094,336.0478468035842,-19.96659279,-44.92525482,0.0,2012-09-14T20:10:34.966907Z,2012-09-14T20:09:46.144641Z,2012-09-14T20:10:23.966907Z,2012-09-14T20:11:23.966907Z,earthquake,3.279941451,known,20120914T200946/ON_MAN01_20120914T200946.mseed,[],,[]
7997,usp2012tjqf,"["" - Error! len(compo) != 3 (['Z'])""]",P,ON,,HHZ,-21.825656,-41.657401,279.2754659223575,-20.51291275,-43.95375443,0.0,2012-10-02T15:35:58.985335Z,2012-10-02T15:35:16.693351Z,2012-10-02T15:35:47.985335Z,2012-10-02T15:36:47.985335Z,earthquake,2.448536079,known,20121002T153516/ON_CAM01_20121002T153516.mseed,[],,[]
7944,usp2013cmar,"["" - Error! len(compo) != 3 (['Z'])""]",P,ON,,HHZ,-21.825656,-41.657401,116.61557189496943,-21.19421387,-42.55818939,0.0,2013-02-05T01:03:16.292984Z,2013-02-05T01:02:56.253829Z,2013-02-05T01:03:05.292984Z,2013-02-05T01:04:05.292984Z,earthquake,2.963358215,known,20130205T010256/ON_CAM01_20130205T010256.mseed,[],,[]
7866,usp2013imfw,"["" - Error! len(compo) != 3 (['Z'])""]",P,ON,,HHZ,-21.825656,-41.657401,231.2015480911525,-22.56587791,-43.75387573,0.0,2013-05-01T12:53:43.602409Z,2013-05-01T12:53:07.313864Z,2013-05-01T12:53:32.602409Z,2013-05-01T12:54:32.602409Z,earthquake,2.485762407,suspected,20130501T125307/ON_CAM01_20130501T125307.mseed,[],,[]
7850,usp2013oxdp,"["" - Error! len(compo) != 3 (['E', 'N', 'Z', 'Z'])""]",P,BL,1.0,HHZ,-22.4191,-47.531,41.66204807315728,-22.35198784,-47.92907333,0.0,2013-07-31T21:26:28.170467Z,2013-07-31T21:26:21.216588Z,2013-07-31T21:26:17.170467Z,2013-07-31T21:27:17.170467Z,earthquake,2.548764321,known,20130731T212621/BL_RCLB_20130731T212621.mseed,[],,[]
7842,usp2013tuzh,"["" - Error! len(compo) != 3 (['Z'])""]",P,ON,,HHZ,-21.825656,-41.657401,145.07707359653998,-22.65029144,-40.5638237,0.0,2013-10-09T20:40:53.515996Z,2013-10-09T20:40:28.507225Z,2013-10-09T20:40:42.515996Z,2013-10-09T20:41:42.515996Z,earthquake,2.751872807,known,20131009T204028/ON_CAM01_20131009T204028.mseed,[],,[]
7838,usp2013uxmn,"["" - Error! len(compo) != 3 (['E', 'E', 'N', 'Z', 'Z'])""]",P,NB,,HHZ,-5.75028,-37.112047,119.80856562792074,-5.385256767,-36.09394073,2000.0,2013-10-25T11:10:00.862066Z,2013-10-25T11:09:39.666823Z,2013-10-25T11:09:49.862066Z,2013-10-25T11:10:49.862066Z,earthquake,3.743277414,known,20131025T110939/NB_NBPA_20131025T110939.mseed,[],,[]
7825,usp2013vlct,"["" - Error! len(compo) != 3 (['E', 'E', 'N', 'N', 'Z', 'Z'])""]",P,NB,,HHZ,-5.75028,-37.112047,115.23846453320752,-5.448509693,-36.11647797,2000.0,2013-11-01T22:08:09.853149Z,2013-11-01T22:07:49.639990Z,2013-11-01T22:07:58.853149Z,2013-11-01T22:08:58.853149Z,earthquake,2.460861112,known,20131101T220749/NB_NBPA_20131101T220749.mseed,[],,[]
7824,usp2013vmbb,"["" - Error! len(compo) != 3 (['E', 'E', 'E', 'E', 'E', 'E', 'E', 'E', 'E', 'E', 'N', 'N', 'N', 'N', 'N', 'N', 'N', 'N', 'N', 'N', 'N', 'Z', 'Z', 'Z', 'Z', 'Z', 'Z', 'Z', 'Z', 'Z', 'Z', 'Z', 'Z'])""]",P,NB,,HHZ,-5.75028,-37.112047,116.278674902811,-5.435711384,-36.11059952,2000.0,2013-11-02T10:25:56.248535Z,2013-11-02T10:25:34.287996Z,2013-11-02T10:25:45.248535Z,2013-11-02T10:26:45.248535Z,earthquake,2.093806865,known,20131102T102534/NB_NBPA_20131102T102534.mseed,[],,[]
7823,usp2013vmde,"["" - Error! len(compo) != 3 (['E', 'E', 'E', 'E', 'E', 'E', 'E', 'E', 'E', 'E', 'E', 'N', 'N', 'N', 'N', 'N', 'N', 'N', 'N', 'N', 'N', 'N', 'Z', 'Z', 'Z', 'Z', 'Z', 'Z', 'Z', 'Z', 'Z'])""]",P,NB,,HHZ,-5.75028,-37.112047,107.14875099878776,-5.577923298,-36.1602478,2000.0,2013-11-02T11:29:09.669118Z,2013-11-02T11:28:51.585599Z,2013-11-02T11:28:58.669118Z,2013-11-02T11:29:58.669118Z,earthquake,1.780819905,known,20131102T112851/NB_NBPA_20131102T112851.mseed,[],,[]
7822,usp2013vmjh,"["" - Error! len(compo) != 3 (['E', 'E', 'E', 'E', 'E', 'E', 'E', 'E', 'N', 'N', 'N', 'N', 'N', 'N', 'N', 'N', 'Z', 'Z', 'Z', 'Z', 'Z', 'Z', 'Z'])""]",P,NB,,HHZ,-5.75028,-37.112047,111.51495458736127,-5.481351852,-36.14194489,2000.0,2013-11-02T14:34:26.208450Z,2013-11-02T14:34:06.612577Z,2013-11-02T14:34:15.208450Z,2013-11-02T14:35:15.208450Z,earthquake,1.529469948,known,20131102T143406/NB_NBPA_20131102T143406.mseed,[],,[]
7821,usp2013vmta,"["" - Error! len(compo) != 3 (['E', 'E', 'E', 'E', 'E', 'E', 'E', 'E', 'E', 'N', 'N', 'N', 'N', 'N', 'N', 'N', 'N', 'N', 'N', 'Z', 'Z', 'Z', 'Z', 'Z', 'Z', 'Z', 'Z', 'Z', 'Z'])""]",P,NB,,HHZ,-5.75028,-37.112047,113.8790812358548,-5.447718143,-36.12954712,2000.0,2013-11-02T19:30:03.122131Z,2013-11-02T19:29:42.906133Z,2013-11-02T19:29:52.122131Z,2013-11-02T19:30:52.122131Z,earthquake,1.935534939,known,20131102T192942/NB_NBPA_20131102T192942.mseed,[],,[]
7820,usp2013vnza,"["" - Error! len(compo) != 3 (['E', 'E', 'E', 'E', 'E', 'E', 'E', 'E', 'E', 'E', 'N', 'N', 'N', 'N', 'N', 'N', 'N', 'N', 'N', 'N', 'Z', 'Z', 'Z', 'Z', 'Z', 'Z', 'Z', 'Z', 'Z', 'Z', 'Z', 'Z'])""]",P,NB,,HHZ,-5.75028,-37.112047,111.89356896314288,-5.4824543,-36.13809586,2000.0,2013-11-03T11:40:15.909347Z,2013-11-03T11:39:56.297825Z,2013-11-03T11:40:04.909347Z,2013-11-03T11:41:04.909347Z,earthquake,2.436755759,known,20131103T113956/NB_NBPA_20131103T113956.mseed,[],,[]
7819,usp2013vnzc,"["" - Error! len(compo) != 3 (['E', 'E', 'E', 'E', 'E', 'E', 'E', 'E', 'E', 'E', 'N', 'N', 'N', 'N', 'N', 'N', 'N', 'N', 'Z', 'Z', 'Z', 'Z', 'Z', 'Z', 'Z', 'Z', 'Z', 'Z'])""]",P,NB,,HHZ,-5.75028,-37.112047,111.63764024322153,-5.485337734,-36.13970184,2000.0,2013-11-03T11:42:16.265602Z,2013-11-03T11:41:57.021223Z,2013-11-03T11:42:05.265602Z,2013-11-03T11:43:05.265602Z,earthquake,2.111703109,known,20131103T114157/NB_NBPA_20131103T114157.mseed,[],,[]
7814,usp2013wjpg,"["" - Error! len(compo) != 3 (['E', 'E', 'E', 'E', 'E', 'E', 'E', 'E', 'E', 'E', 'E', 'N', 'N', 'N', 'N', 'N', 'N', 'N', 'N', 'N', 'N', 'Z', 'Z', 'Z', 'Z', 'Z', 'Z', 'Z', 'Z'])""]",P,NB,,HHZ,-7.364556,-36.949743,227.6160397383889,-5.476953506,-36.12945557,2000.0,2013-11-15T07:43:11.092208Z,2013-11-15T07:42:34.513681Z,2013-11-15T07:43:00.092208Z,2013-11-15T07:44:00.092208Z,earthquake,3.031879807,known,20131115T074234/NB_NBLI_20131115T074234.mseed,[],,[]
7815,usp2013wjpg,"["" - Error! len(compo) != 3 (['E', 'E', 'E', 'E', 'E', 'E', 'E', 'E', 'E', 'E', 'N', 'N', 'N', 'N', 'N', 'N', 'N', 'N', 'N', 'N', 'Z', 'Z', 'Z', 'Z', 'Z', 'Z', 'Z', 'Z', 'Z', 'Z', 'Z'])""]",P,NB,,HHZ,-5.75028,-37.112047,112.97866405159265,-5.476953506,-36.12945557,2000.0,2013-11-15T07:42:53.923339Z,2013-11-15T07:42:34.513681Z,2013-11-15T07:42:42.923339Z,2013-11-15T07:43:42.923339Z,earthquake,3.031879807,known,20131115T074234/NB_NBPA_20131115T074234.mseed,[],,[]
7812,usp2013xnyl,"["" - Error! len(compo) != 3 (['E', 'E', 'N', 'N', 'Z', 'Z'])""]",P,NB,,HHZ,-5.75028,-37.112047,116.13245350955572,-5.415809631,-36.11845398,0.0,2013-12-01T22:30:12.114334Z,2013-12-01T22:29:51.216205Z,2013-12-01T22:30:01.114334Z,2013-12-01T22:31:01.114334Z,earthquake,2.117439788,known,20131201T222951/NB_NBPA_20131201T222951.mseed,[],,[]
7810,usp2013xteo,"["" - Error! len(compo) != 3 (['E', 'E', 'E', 'E', 'E', 'E', 'E', 'E', 'N', 'N', 'N', 'N', 'N', 'N', 'N', 'N', 'N', 'N', 'N', 'Z', 'Z', 'Z', 'Z', 'Z', 'Z', 'Z', 'Z', 'Z', 'Z', 'Z'])""]",P,NB,,HHZ,-5.75028,-37.112047,113.46570916449356,-5.464837074,-36.12832642,0.0,2013-12-04T19:12:48.144393Z,2013-12-04T19:12:28.483907Z,2013-12-04T19:12:37.144393Z,2013-12-04T19:13:37.144393Z,earthquake,2.206177895,known,20131204T191228/NB_NBPA_20131204T191228.mseed,[],,[]
7808,usp2013xwop,"["" - Error! len(compo) != 3 (['E', 'E', 'E', 'E', 'E', 'E', 'E', 'E', 'E', 'N', 'N', 'N', 'N', 'N', 'N', 'N', 'N', 'N', 'Z', 'Z', 'Z', 'Z', 'Z', 'Z', 'Z', 'Z', 'Z', 'Z'])""]",P,NB,,HHZ,-7.364556,-36.949743,226.25514121352936,-5.490382195,-36.12944031,2000.0,2013-12-06T15:42:11.456817Z,2013-12-06T15:41:36.377443Z,2013-12-06T15:42:00.456817Z,2013-12-06T15:43:00.456817Z,earthquake,2.375627172,known,20131206T154136/NB_NBLI_20131206T154136.mseed,[],,[]
7809,usp2013xwop,"["" - Error! len(compo) != 3 (['E', 'E', 'E', 'E', 'E', 'E', 'E', 'E', 'E', 'E', 'E', 'E', 'N', 'N', 'N', 'N', 'N', 'N', 'N', 'N', 'N', 'N', 'N', 'Z', 'Z', 'Z', 'Z', 'Z', 'Z', 'Z', 'Z', 'Z', 'Z', 'Z', 'Z'])""]",P,NB,,HHZ,-5.75028,-37.112047,112.59090500178672,-5.490382195,-36.12944031,2000.0,2013-12-06T15:41:55.874511Z,2013-12-06T15:41:36.377443Z,2013-12-06T15:41:44.874511Z,2013-12-06T15:42:44.874511Z,earthquake,2.375627172,known,20131206T154136/NB_NBPA_20131206T154136.mseed,[],,[]
7807,usp2013zhec,"["" - Error! len(compo) != 3 (['E', 'E', 'E', 'N', 'N', 'Z', 'Z'])""]",P,NB,,HHZ,-5.75028,-37.112047,108.03216430679852,-5.544194221,-36.15882111,2000.0,2013-12-26T16:25:41.127910Z,2013-12-26T16:25:22.848058Z,2013-12-26T16:25:30.127910Z,2013-12-26T16:26:30.127910Z,earthquake,2.320548805,known,20131226T162522/NB_NBPA_20131226T162522.mseed,[],,[]
7805,usp2014aiwr,"["" - Error! len(compo) != 3 (['E', 'E', 'E', 'E', 'E', 'N', 'N', 'N', 'N', 'N', 'Z', 'Z', 'Z', 'Z', 'Z'])""]",P,NB,,HHZ,-7.364556,-36.949743,230.4805711512912,-5.451336861,-36.1234436,2000.0,2014-01-05T20:32:46.902175Z,2014-01-05T20:32:11.017053Z,2014-01-05T20:32:35.902175Z,2014-01-05T20:33:35.902175Z,earthquake,2.200103617,known,20140105T203211/NB_NBLI_20140105T203211.mseed,[],,[]
7806,usp2014aiwr,"["" - Error! len(compo) != 3 (['E', 'E', 'E', 'N', 'N', 'N', 'N', 'N', 'N', 'N', 'N', 'N', 'N', 'Z', 'Z'])""]",P,NB,,HHZ,-5.75028,-37.112047,114.40903720717306,-5.451336861,-36.1234436,2000.0,2014-01-05T20:32:30.808700Z,2014-01-05T20:32:11.017053Z,2014-01-05T20:32:19.808700Z,2014-01-05T20:33:19.808700Z,earthquake,2.200103617,known,20140105T203211/NB_NBPA_20140105T203211.mseed,[],,[]
7804,usp2014alxg,"["" - Error! len(compo) != 3 (['E', 'E', 'E', 'E', 'E', 'E', 'E', 'E', 'E', 'E', 'E', 'E', 'E', 'E', 'N', 'N', 'N', 'N', 'N', 'N', 'N', 'N', 'N', 'N', 'N', 'N', 'N', 'Z', 'Z', 'Z', 'Z', 'Z', 'Z', 'Z', 'Z', 'Z', 'Z', 'Z', 'Z', 'Z'])""]",P,NB,,HHZ,-5.75028,-37.112047,107.11512018192188,-5.519833088,-36.17293549,0.0,2014-01-07T12:14:19.596633Z,2014-01-07T12:14:00.103861Z,2014-01-07T12:14:08.596633Z,2014-01-07T12:15:08.596633Z,earthquake,2.617078857,known,20140107T121400/NB_NBPA_20140107T121400.mseed,[],,[]
7752,usp2014gvwt,"["" - Error! len(compo) != 3 (['Z'])""]",P,ON,,HHZ,-22.86516,-43.964094,221.6825959919448,-24.52071381,-45.1857338,0.0,2014-04-08T08:34:27.124969Z,2014-04-08T08:33:52.478770Z,2014-04-08T08:34:16.124969Z,2014-04-08T08:35:16.124969Z,earthquake,1.788869675,suspected,20140408T083352/ON_MAN01_20140408T083352.mseed,[],,[]
7741,usp2014hmxz,"["" - Error! len(compo) != 3 (['E', 'N'])""]",P,BR,,HHZ,-15.90118,-55.69356,335.913839068542,-14.9174366,-58.65410995,0.0,2014-04-17T16:31:11.083495Z,2014-04-17T16:30:22.119976Z,2014-04-17T16:31:00.083495Z,2014-04-17T16:32:00.083495Z,earthquake,2.490131159,suspected,20140417T163022/BR_SALB_20140417T163022.mseed,[],,[]
7736,usp2014hsjv,"["" - Error! len(compo) != 3 (['E', 'E', 'E', 'E', 'E', 'E', 'E', 'E', 'E', 'N', 'N', 'N', 'N', 'N', 'N', 'N', 'N', 'N', 'N', 'N', 'Z', 'Z', 'Z', 'Z', 'Z', 'Z', 'Z', 'Z'])""]",P,NB,,HHZ,-3.310348,-40.042927,72.34857323550159,-2.967381716,-40.59722519,0.0,2014-04-20T16:09:57.281674Z,2014-04-20T16:09:44.730907Z,2014-04-20T16:09:46.281674Z,2014-04-20T16:10:46.281674Z,earthquake,2.254550275,suspected,20140420T160944/NB_NBMO_20140420T160944.mseed,[],,[]
7723,usp2014izej,"["" - Error! len(compo) != 3 (['Z'])""]",P,ON,,HHZ,-22.86516,-43.964094,285.5853315201543,-20.60204506,-45.28834152,0.0,2014-05-08T14:54:44.202636Z,2014-05-08T14:54:01.364555Z,2014-05-08T14:54:33.202636Z,2014-05-08T14:55:33.202636Z,earthquake,2.433620152,suspected,20140508T145401/ON_MAN01_20140508T145401.mseed,[],,[]
7716,usp2014jhka,"["" - Error! len(compo) != 3 (['Z'])""]",P,ON,,HHZ,-22.86516,-43.964094,223.75377112196225,-23.66120529,-45.97399139,0.0,2014-05-13T02:50:13.017028Z,2014-05-13T02:49:37.556308Z,2014-05-13T02:50:02.017028Z,2014-05-13T02:51:02.017028Z,earthquake,2.082081335,suspected,20140513T024937/ON_MAN01_20140513T024937.mseed,[],,[]
7697,usp2014jvgq,"["" - Error! len(compo) != 3 (['E', 'E', 'N', 'Z'])""]",P,BL,,HHZ,-30.4123,-53.4432,137.7684654429124,-31.60281754,-53.8565712,0.0,2014-05-20T17:02:34.774440Z,2014-05-20T17:02:11.768283Z,2014-05-20T17:02:23.774440Z,2014-05-20T17:03:23.774440Z,earthquake,2.397321223,suspected,20140520T170211/BL_CPSB_20140520T170211.mseed,[],,[]
7678,usp2014jytp,"["" - Error! len(compo) != 3 (['Z'])""]",P,ON,,HHZ,-21.825656,-41.657401,242.21350024208616,-22.79204178,-43.7663269,0.0,2014-05-22T15:00:06.572593Z,2014-05-22T14:59:29.447499Z,2014-05-22T14:59:55.572593Z,2014-05-22T15:00:55.572593Z,earthquake,2.312748781,suspected,20140522T145929/ON_CAM01_20140522T145929.mseed,[],,[]
7684,usp2014jytp,"["" - Error! len(compo) != 3 (['Z'])""]",P,ON,,HHZ,-22.86516,-43.964094,21.856335604509184,-22.79204178,-43.7663269,0.0,2014-05-22T14:59:33.482849Z,2014-05-22T14:59:29.447499Z,2014-05-22T14:59:22.482849Z,2014-05-22T15:00:22.482849Z,earthquake,2.312748781,suspected,20140522T145929/ON_MAN01_20140522T145929.mseed,[],,[]
7668,usp2014kkce,"["" - Error! len(compo) != 3 (['E', 'E', 'E', 'N', 'N', 'N', 'Z', 'Z', 'Z'])""]",P,BL,,HHZ,-30.4123,-53.4432,172.42644284872338,-31.70362663,-52.43641281,0.0,2014-05-28T19:49:10.813888Z,2014-05-28T19:48:42.352230Z,2014-05-28T19:48:59.813888Z,2014-05-28T19:49:59.813888Z,earthquake,2.406261085,suspected,20140528T194842/BL_CPSB_20140528T194842.mseed,[],,[]
7664,usp2014kloc,"["" - Error! len(compo) != 3 (['Z'])""]",P,ON,,HHZ,-21.825656,-41.657401,2.4514531673196425,-21.8477,-41.6596,0.0,2014-05-29T14:58:33.841855Z,2014-05-29T14:58:30.000000Z,2014-05-29T14:58:22.841855Z,2014-05-29T14:59:22.841855Z,earthquake,0.7314322965,suspected,20140529T145830/ON_CAM01_20140529T145830.mseed,[],,[]
7660,usp2014knic,"["" - Error! len(compo) != 3 (['Z'])""]",P,ON,,HHZ,-22.86516,-43.964094,354.3449638015223,-20.41101456,-46.16117859,0.0,2014-05-30T14:13:58.256399Z,2014-05-30T14:13:06.651984Z,2014-05-30T14:13:47.256399Z,2014-05-30T14:14:47.256399Z,earthquake,2.287816988,suspected,20140530T141306/ON_MAN01_20140530T141306.mseed,[],,[]
7646,usp2014ktec,"["" - Error! len(compo) != 3 (['Z'])""]",P,ON,,HHZ,-22.86516,-43.964094,194.3194272013299,-23.42913055,-45.76087952,0.0,2014-06-02T19:00:46.891535Z,2014-06-02T19:00:15.585528Z,2014-06-02T19:00:35.891535Z,2014-06-02T19:01:35.891535Z,earthquake,2.143164322,suspected,20140602T190015/ON_MAN01_20140602T190015.mseed,[],,[]
7633,usp2014kwno,"["" - Error! len(compo) != 3 (['Z'])""]",P,ON,,HHZ,-21.825656,-41.657401,339.63245517557505,-21.61955643,-44.93273163,0.0,2014-06-04T15:13:15.252243Z,2014-06-04T15:12:25.145265Z,2014-06-04T15:13:04.252243Z,2014-06-04T15:14:04.252243Z,earthquake,2.249297909,suspected,20140604T151225/ON_CAM01_20140604T151225.mseed,[],,[]
7636,usp2014kwno,"["" - Error! len(compo) != 3 (['Z'])""]",P,ON,,HHZ,-22.86516,-43.964094,170.27823543390846,-21.61955643,-44.93273163,0.0,2014-06-04T15:12:53.278015Z,2014-06-04T15:12:25.145265Z,2014-06-04T15:12:42.278015Z,2014-06-04T15:13:42.278015Z,earthquake,2.249297909,suspected,20140604T151225/ON_MAN01_20140604T151225.mseed,[],,[]
7625,usp2014kxex,"["" - Error! len(compo) != 3 (['Z'])""]",P,ON,,HHZ,-22.86516,-43.964094,44.42175845972667,-22.7912693,-44.389431,0.0,2014-06-04T23:57:24.780447Z,2014-06-04T23:57:16.924536Z,2014-06-04T23:57:13.780447Z,2014-06-04T23:58:13.780447Z,earthquake,2.278827783,known,20140604T235716/ON_MAN01_20140604T235716.mseed,[],,[]
7584,usp2014mbsx,"["" - Error! len(compo) != 3 (['E', 'E', 'N', 'Z', 'Z'])""]",P,BL,1.0,HHZ,-22.4191,-47.531,270.9076525204805,-19.9861393,-47.25399399,0.0,2014-06-21T17:07:29.502197Z,2014-06-21T17:06:48.473680Z,2014-06-21T17:07:18.502197Z,2014-06-21T17:08:18.502197Z,earthquake,2.865167698,known,20140621T170648/BL_RCLB_20140621T170648.mseed,[],,[]
7571,usp2014mhhk,"["" - Error! len(compo) != 3 (['Z'])""]",P,ON,,HHZ,-22.86516,-43.964094,381.4224922096396,-22.92098427,-47.68115997,0.0,2014-06-24T18:07:50.939361Z,2014-06-24T18:06:56.372562Z,2014-06-24T18:07:39.939361Z,2014-06-24T18:08:39.939361Z,earthquake,2.598952335,suspected,20140624T180656/ON_MAN01_20140624T180656.mseed,[],,[]
7556,usp2014mlmh,"["" - Error! len(compo) != 3 (['Z'])""]",P,ON,,HHZ,-22.86516,-43.964094,186.69290768399628,-21.97288322,-45.50267029,0.0,2014-06-27T01:08:11.300121Z,2014-06-27T01:07:41.114391Z,2014-06-27T01:08:00.300121Z,2014-06-27T01:09:00.300121Z,earthquake,1.761481153,suspected,20140627T010741/ON_MAN01_20140627T010741.mseed,[],,[]
7542,usp2014nbmo,"["" - Error! len(compo) != 3 (['Z'])""]",P,ON,,HHZ,-22.86516,-43.964094,260.7971788624365,-21.21702957,-45.76890564,0.0,2014-07-05T19:27:15.608673Z,2014-07-05T19:26:36.175517Z,2014-07-05T19:27:04.608673Z,2014-07-05T19:28:04.608673Z,earthquake,2.363548832,suspected,20140705T192636/ON_MAN01_20140705T192636.mseed,[],,[]
7531,usp2014nvqm,"["" - Error! len(compo) != 3 (['Z'])""]",P,ON,,HHZ,-22.86516,-43.964094,28.45133307020121,-22.91743851,-43.69260406,0.0,2014-07-16T20:09:19.097399Z,2014-07-16T20:09:14.362797Z,2014-07-16T20:09:08.097399Z,2014-07-16T20:10:08.097399Z,earthquake,2.300400441,suspected,20140716T200914/ON_MAN01_20140716T200914.mseed,[],,[]
7506,usp2014orqt,"["" - Error! len(compo) != 3 (['Z'])""]",P,ON,,HHZ,-22.86516,-43.964094,206.85191493215507,-21.09174538,-44.59360886,0.0,2014-07-28T21:17:04.882598Z,2014-07-28T21:16:32.117197Z,2014-07-28T21:16:53.882598Z,2014-07-28T21:17:53.882598Z,earthquake,2.512400269,suspected,20140728T211632/ON_MAN01_20140728T211632.mseed,[],,[]
7405,usp2014slxq,"["" - Error! len(compo) != 3 (['Z'])""]",P,ON,,HHZ,-22.86516,-43.964094,19.29109861255621,-22.97982979,-43.82252884,0.0,2014-09-20T16:05:34.361952Z,2014-09-20T16:05:31.093381Z,2014-09-20T16:05:23.361952Z,2014-09-20T16:06:23.361952Z,earthquake,2.825649485,known,20140920T160531/ON_MAN01_20140920T160531.mseed,[],,[]
7391,usp2014syjx,"["" - Error! len(compo) != 3 (['Z'])""]",P,ON,,HHZ,-13.72,-39.575278,339.74101780036887,-15.99269772,-41.69812775,0.0,2014-09-27T11:55:24.591217Z,2014-09-27T11:54:35.035964Z,2014-09-27T11:55:13.591217Z,2014-09-27T11:56:13.591217Z,earthquake,2.539724591,suspected,20140927T115435/ON_GDU01_20140927T115435.mseed,[],,[]
7384,usp2014szdw,"["" - Error! len(compo) != 3 (['Z'])""]",P,ON,,HHZ,-13.72,-39.575278,337.5445906525858,-16.06524086,-41.58157349,0.0,2014-09-27T22:00:50.358734Z,2014-09-27T22:00:00.960871Z,2014-09-27T22:00:39.358734Z,2014-09-27T22:01:39.358734Z,earthquake,2.525854359,suspected,20140927T220000/ON_GDU01_20140927T220000.mseed,[],,[]
7380,usp2014tcrv,"["" - Error! len(compo) != 3 (['Z'])""]",P,ON,,HHZ,-22.86516,-43.964094,202.0425225853816,-21.14035606,-44.60246277,0.0,2014-09-29T20:28:32.556579Z,2014-09-29T20:27:59.958158Z,2014-09-29T20:28:21.556579Z,2014-09-29T20:29:21.556579Z,earthquake,2.521196765,suspected,20140929T202759/ON_MAN01_20140929T202759.mseed,[],,[]
7344,usp2014ubjf,"["" - Error! len(compo) != 3 (['Z'])""]",P,ON,,HHZ,-13.72,-39.575278,336.3946593103461,-16.00240517,-41.64035797,0.0,2014-10-13T08:30:10.011420Z,2014-10-13T08:29:21.154361Z,2014-10-13T08:29:59.011420Z,2014-10-13T08:30:59.011420Z,earthquake,1.985404264,suspected,20141013T082921/ON_GDU01_20141013T082921.mseed,[],,[]
7343,usp2014uebn,"["" - Error! len(compo) != 3 (['Z'])""]",P,ON,,HHZ,-22.86516,-43.964094,28.84541467501757,-22.68754196,-43.75863266,0.0,2014-10-14T20:01:43.234786Z,2014-10-14T20:01:38.619447Z,2014-10-14T20:01:32.234786Z,2014-10-14T20:02:32.234786Z,earthquake,2.004414523,suspected,20141014T200138/ON_MAN01_20141014T200138.mseed,[],,[]
7326,usp2014vddu,"["" - Error! len(compo) != 3 (['Z'])""]",P,ON,,HHZ,-22.86516,-43.964094,19.894639961902,-22.98162079,-43.81642532,0.0,2014-10-28T13:34:02.669555Z,2014-10-28T13:33:59.256652Z,2014-10-28T13:33:51.669555Z,2014-10-28T13:34:51.669555Z,earthquake,2.185559557,known,20141028T133359/ON_MAN01_20141028T133359.mseed,[],,[]
7320,usp2014vfcu,"["" - Error! len(compo) != 3 (['Z'])""]",P,ON,,HHZ,-22.86516,-43.964094,293.211999566672,-20.22501373,-44.18370056,0.0,2014-10-29T15:21:35.487060Z,2014-10-29T15:20:52.286761Z,2014-10-29T15:21:24.487060Z,2014-10-29T15:22:24.487060Z,earthquake,2.282752012,suspected,20141029T152052/ON_MAN01_20141029T152052.mseed,[],,[]
7305,usp2014weow,"["" - Error! len(compo) != 3 (['Z'])""]",P,ON,,HHZ,-22.86516,-43.964094,346.35962255169443,-20.01605415,-45.34378815,0.0,2014-11-12T13:51:38.726806Z,2014-11-12T13:50:48.284147Z,2014-11-12T13:51:27.726806Z,2014-11-12T13:52:27.726806Z,earthquake,2.546565675,known,20141112T135048/ON_MAN01_20141112T135048.mseed,[],,[]
7295,usp2014wlfy,"["" - Error! len(compo) != 3 (['E', 'E', 'E', 'E', 'E', 'E', 'E', 'E', 'E', 'E', 'E', 'E', 'E', 'N', 'N', 'N', 'N', 'N', 'N', 'N', 'N', 'N', 'N', 'N', 'N', 'N', 'Z', 'Z', 'Z', 'Z', 'Z', 'Z', 'Z', 'Z', 'Z', 'Z', 'Z', 'Z', 'Z'])""]",P,NB,,HHZ,-3.310348,-40.042927,74.72907401011115,-3.524158001,-40.68087387,0.0,2014-11-16T05:17:40.269592Z,2014-11-16T05:17:23.951928Z,2014-11-16T05:17:29.269592Z,2014-11-16T05:18:29.269592Z,earthquake,3.614135597,known,20141116T051723/NB_NBMO_20141116T051723.mseed,[],,[]
7278,usp2014xraz,"["" - Error! len(compo) != 3 (['Z'])""]",P,ON,,HHZ,-21.825656,-41.657401,270.0999021092055,-20.14808846,-43.54348755,0.0,2014-12-03T15:08:52.104400Z,2014-12-03T15:08:11.226497Z,2014-12-03T15:08:41.104400Z,2014-12-03T15:09:41.104400Z,earthquake,2.415212679,suspected,20141203T150811/ON_CAM01_20141203T150811.mseed,[],,[]
7276,usp2014xraz,"["" - Error! len(compo) != 3 (['Z'])""]",P,ON,,HHZ,-22.86516,-43.964094,303.9839874016894,-20.14808846,-43.54348755,0.0,2014-12-03T15:08:56.017471Z,2014-12-03T15:08:11.226497Z,2014-12-03T15:08:45.017471Z,2014-12-03T15:09:45.017471Z,earthquake,2.415212679,suspected,20141203T150811/ON_MAN01_20141203T150811.mseed,[],,[]
7258,usp2014zmtb,"["" - Error! len(compo) != 3 (['E', 'E', 'N', 'N', 'Z', 'Z'])""]",P,NB,,HHZ,-5.75028,-37.112047,112.49705207088064,-5.496051788,-36.12883377,0.0,2014-12-29T17:39:58.926617Z,2014-12-29T17:39:38.535512Z,2014-12-29T17:39:47.926617Z,2014-12-29T17:40:47.926617Z,earthquake,1.45321086,known,20141229T173938/NB_NBPA_20141229T173938.mseed,[],,[]
7259,usp2014zmtb,"["" - Error! len(compo) != 3 (['E', 'E', 'E', 'N', 'N', 'N', 'Z', 'Z', 'Z'])""]",P,NB,,HHZ,-6.417527,-35.290516,137.83897491748343,-5.496051788,-36.12883377,0.0,2014-12-29T17:40:01.876068Z,2014-12-29T17:39:38.535512Z,2014-12-29T17:39:50.876068Z,2014-12-29T17:40:50.876068Z,earthquake,1.45321086,known,20141229T173938/NB_NBPV_20141229T173938.mseed,[],,[]
7229,usp2015bnhz,"["" - Error! len(compo) != 3 (['Z'])""]",P,ON,,HHZ,-21.825656,-41.657401,142.2540826442216,-22.48295784,-40.47247696,0.0,2015-01-22T12:20:29.450256Z,2015-01-22T12:20:05.259160Z,2015-01-22T12:20:18.450256Z,2015-01-22T12:21:18.450256Z,earthquake,2.970946843,known,20150122T122005/ON_CAM01_20150122T122005.mseed,[],,[]
7234,usp2015bnhz,"["" - Error! len(compo) != 3 (['Z'])""]",P,ON,,HHZ,-22.86516,-43.964094,361.3015265241929,-22.48295784,-40.47247696,0.0,2015-01-22T12:20:57.252136Z,2015-01-22T12:20:05.259160Z,2015-01-22T12:20:46.252136Z,2015-01-22T12:21:46.252136Z,earthquake,2.970946843,known,20150122T122005/ON_MAN01_20150122T122005.mseed,[],,[]
7228,usp2015bqix,"["" - Error! len(compo) != 3 (['Z'])""]",P,ON,,HHZ,-22.86516,-43.964094,145.27530954206355,-24.02966118,-44.61856079,0.0,2015-01-24T04:13:13.633556Z,2015-01-24T04:12:49.401556Z,2015-01-24T04:13:02.633556Z,2015-01-24T04:14:02.633556Z,earthquake,2.018914929,suspected,20150124T041249/ON_MAN01_20150124T041249.mseed,[],,[]
7220,usp2015cipc,"["" - Error! len(compo) != 3 (['Z'])""]",P,ON,,HHZ,-22.86516,-43.964094,161.59396039557885,-24.05160141,-44.88469696,0.0,2015-02-03T03:47:56.249954Z,2015-02-03T03:47:29.462733Z,2015-02-03T03:47:45.249954Z,2015-02-03T03:48:45.249954Z,earthquake,2.061440553,suspected,20150203T034729/ON_MAN01_20150203T034729.mseed,[],,[]
7203,usp2015clxj,"["" - Error! len(compo) != 3 (['Z'])""]",P,ON,,HHZ,-21.825656,-41.657401,267.7974010733417,-20.06189346,-43.41941452,0.0,2015-02-04T23:23:16.389499Z,2015-02-04T23:22:35.276908Z,2015-02-04T23:23:05.389499Z,2015-02-04T23:24:05.389499Z,earthquake,2.769589878,suspected,20150204T232235/ON_CAM01_20150204T232235.mseed,[],,[]
7195,usp2015clxj,"["" - Error! len(compo) != 3 (['Z'])""]",P,ON,,HHZ,-22.86516,-43.964094,315.47756345061697,-20.06189346,-43.41941452,0.0,2015-02-04T23:23:21.481946Z,2015-02-04T23:22:35.276908Z,2015-02-04T23:23:10.481946Z,2015-02-04T23:24:10.481946Z,earthquake,2.769589878,suspected,20150204T232235/ON_MAN01_20150204T232235.mseed,[],,[]
7189,usp2015cmmn,"["" - Error! len(compo) != 3 (['Z'])""]",P,ON,,HHZ,-21.825656,-41.657401,266.7185863980011,-20.0591507,-43.40106201,0.0,2015-02-05T07:01:59.547832Z,2015-02-05T07:01:20.217509Z,2015-02-05T07:01:48.547832Z,2015-02-05T07:02:48.547832Z,earthquake,2.286227155,suspected,20150205T070120/ON_CAM01_20150205T070120.mseed,[],,[]
7188,usp2015cmmn,"["" - Error! len(compo) != 3 (['Z'])""]",P,ON,,HHZ,-22.86516,-43.964094,316.1219073923848,-20.0591507,-43.40106201,0.0,2015-02-05T07:02:06.982616Z,2015-02-05T07:01:20.217509Z,2015-02-05T07:01:55.982616Z,2015-02-05T07:02:55.982616Z,earthquake,2.286227155,suspected,20150205T070120/ON_MAN01_20150205T070120.mseed,[],,[]
7178,usp2015cmnp,"["" - Error! len(compo) != 3 (['Z'])""]",P,ON,,HHZ,-22.86516,-43.964094,315.0661853304282,-20.06764793,-43.40792847,0.0,2015-02-05T07:34:37.693786Z,2015-02-05T07:33:51.154589Z,2015-02-05T07:34:26.693786Z,2015-02-05T07:35:26.693786Z,earthquake,2.131278916,suspected,20150205T073351/ON_MAN01_20150205T073351.mseed,[],,[]
7159,usp2015dzbh,"["" - Error! len(compo) != 3 (['Z'])""]",P,ON,,HHZ,-21.825656,-41.657401,99.7667985932979,-22.07616043,-40.72966003,0.0,2015-02-26T09:39:18.242159Z,2015-02-26T09:39:00.390727Z,2015-02-26T09:39:07.242159Z,2015-02-26T09:40:07.242159Z,earthquake,3.381632435,suspected,20150226T093900/ON_CAM01_20150226T093900.mseed,[],,[]
7155,usp2015dzbh,"["" - Error! len(compo) != 3 (['Z'])""]",P,ON,,HHZ,-22.86516,-43.964094,344.1463667398836,-22.07616043,-40.72966003,0.0,2015-02-26T09:39:50.635484Z,2015-02-26T09:39:00.390727Z,2015-02-26T09:39:39.635484Z,2015-02-26T09:40:39.635484Z,earthquake,3.381632435,suspected,20150226T093900/ON_MAN01_20150226T093900.mseed,[],,[]
7136,usp2015fbdu,"["" - Error! len(compo) != 3 (['Z'])""]",P,ON,,HHZ,-17.844167,-40.125667,336.07505974823925,-17.76381874,-43.29447556,0.0,2015-03-13T18:43:30.991310Z,2015-03-13T18:42:42.494719Z,2015-03-13T18:43:19.991310Z,2015-03-13T18:44:19.991310Z,earthquake,2.314470676,suspected,20150313T184242/ON_NAN01_20150313T184242.mseed,[],,[]
7120,usp2015fimo,"["" - Error! len(compo) != 3 (['Z'])""]",P,ON,,HHZ,-13.72,-39.575278,66.484859060333,-14.20946407,-39.21831894,0.0,2015-03-17T19:07:16.943511Z,2015-03-17T19:07:04.611339Z,2015-03-17T19:07:05.943511Z,2015-03-17T19:08:05.943511Z,earthquake,2.259502222,suspected,20150317T190704/ON_GDU01_20150317T190704.mseed,[],,[]
7105,usp2015fkle,"["" - Error! len(compo) != 3 (['Z'])""]",P,ON,,HHZ,-21.825656,-41.657401,377.9852477643779,-18.86743355,-43.46508789,0.0,2015-03-18T20:41:39.373901Z,2015-03-18T20:40:45.164289Z,2015-03-18T20:41:28.373901Z,2015-03-18T20:42:28.373901Z,earthquake,2.526329991,suspected,20150318T204045/ON_CAM01_20150318T204045.mseed,[],,[]
7113,usp2015fkle,"["" - Error! len(compo) != 3 (['Z'])""]",P,ON,,HHZ,-17.844167,-40.125667,370.6618936736901,-18.86743355,-43.46508789,0.0,2015-03-18T20:41:37.887207Z,2015-03-18T20:40:45.164289Z,2015-03-18T20:41:26.887207Z,2015-03-18T20:42:26.887207Z,earthquake,2.526329991,suspected,20150318T204045/ON_NAN01_20150318T204045.mseed,[],,[]
7103,usp2015flst,"["" - Error! len(compo) != 3 (['N', 'Z'])""]",P,BL,,HHZ,-18.83133,-40.84653,46.13973497706312,-18.74417114,-40.41854858,0.0,2015-03-19T13:38:31.643478Z,2015-03-19T13:38:24.508447Z,2015-03-19T13:38:20.643478Z,2015-03-19T13:39:20.643478Z,earthquake,2.142175379,suspected,20150319T133824/BL_BSFB_20150319T133824.mseed,[],,[]
7098,usp2015flst,"["" - Error! len(compo) != 3 (['Z'])""]",P,ON,,HHZ,-21.825656,-41.657401,364.8569681461651,-18.74417114,-40.41854858,0.0,2015-03-19T13:39:17.191223Z,2015-03-19T13:38:24.508447Z,2015-03-19T13:39:06.191223Z,2015-03-19T13:40:06.191223Z,earthquake,2.142175379,suspected,20150319T133824/ON_CAM01_20150319T133824.mseed,[],,[]
7100,usp2015flst,"["" - Error! len(compo) != 3 (['Z'])""]",P,ON,,HHZ,-17.844167,-40.125667,104.31765987515314,-18.74417114,-40.41854858,0.0,2015-03-19T13:38:42.511962Z,2015-03-19T13:38:24.508447Z,2015-03-19T13:38:31.511962Z,2015-03-19T13:39:31.511962Z,earthquake,2.142175379,suspected,20150319T133824/ON_NAN01_20150319T133824.mseed,[],,[]
7091,usp2015fmhm,"["" - Error! len(compo) != 3 (['Z'])""]",P,ON,,HHZ,-21.825656,-41.657401,66.07392315938544,-21.89311218,-42.2925415,0.0,2015-03-19T21:06:11.246734Z,2015-03-19T21:05:59.987710Z,2015-03-19T21:06:00.246734Z,2015-03-19T21:07:00.246734Z,earthquake,1.961374113,suspected,20150319T210559/ON_CAM01_20150319T210559.mseed,[],,[]
7094,usp2015fmhm,"["" - Error! len(compo) != 3 (['Z'])""]",P,ON,,HHZ,-22.86516,-43.964094,203.02489693107108,-21.89311218,-42.2925415,0.0,2015-03-19T21:06:32.347747Z,2015-03-19T21:05:59.987710Z,2015-03-19T21:06:21.347747Z,2015-03-19T21:07:21.347747Z,earthquake,1.961374113,suspected,20150319T210559/ON_MAN01_20150319T210559.mseed,[],,[]
7089,usp2015fnoa,"["" - Error! len(compo) != 3 (['Z'])""]",P,ON,,HHZ,-13.72,-39.575278,47.99515526374535,-14.15333333,-39.55466667,0.0,2015-03-20T13:31:27.203782Z,2015-03-20T13:31:18.140000Z,2015-03-20T13:31:16.203782Z,2015-03-20T13:32:16.203782Z,earthquake,2.281245255,suspected,20150320T133118/ON_GDU01_20150320T133118.mseed,[],,[]
7074,usp2015fwqt,"["" - Error! len(compo) != 3 (['Z'])""]",P,ON,,HHZ,-17.844167,-40.125667,377.1417544821669,-18.819,-43.5445,0.0,2015-03-25T13:08:48.137872Z,2015-03-25T13:07:56.079999Z,2015-03-25T13:08:37.137872Z,2015-03-25T13:09:37.137872Z,earthquake,2.860060379,suspected,20150325T130756/ON_NAN01_20150325T130756.mseed,[],,[]
7060,usp2015gkmd,"["" - Error! len(compo) != 3 (['Z'])""]",P,ON,,HHZ,-21.825656,-41.657401,98.432508146707,-21.02483333,-42.06966667,0.0,2015-04-02T02:42:30.393809Z,2015-04-02T02:42:19.039999Z,2015-04-02T02:42:19.393809Z,2015-04-02T02:43:19.393809Z,earthquake,1.926076464,suspected,20150402T024219/ON_CAM01_20150402T024219.mseed,[],,[]
7056,usp2015gkmd,"["" - Error! len(compo) != 3 (['Z'])""]",P,ON,,HHZ,-22.86516,-43.964094,282.52090322560383,-21.02483333,-42.06966667,0.0,2015-04-02T02:42:54.806558Z,2015-04-02T02:42:19.039999Z,2015-04-02T02:42:43.806558Z,2015-04-02T02:43:43.806558Z,earthquake,1.926076464,suspected,20150402T024219/ON_MAN01_20150402T024219.mseed,[],,[]
7053,usp2015gmaj,"["" - Error! len(compo) != 3 (['Z'])""]",P,ON,,HHZ,-28.531839,-49.129072,43.71511694824992,-28.64576149,-49.55691147,0.0,2015-04-02T23:02:26.133300Z,2015-04-02T23:02:18.655375Z,2015-04-02T23:02:15.133300Z,2015-04-02T23:03:15.133300Z,earthquake,2.156131845,suspected,20150402T230218/ON_TER01_20150402T230218.mseed,[],,[]
7032,usp2015hbul,"["" - Error! len(compo) != 3 (['Z'])""]",P,ON,,HHZ,-21.825656,-41.657401,300.0394567700208,-19.61570549,-43.32480621,0.0,2015-04-11T14:13:55.356816Z,2015-04-11T14:13:09.869377Z,2015-04-11T14:13:44.356816Z,2015-04-11T14:14:44.356816Z,earthquake,2.654059155,suspected,20150411T141309/ON_CAM01_20150411T141309.mseed,[],,[]
7028,usp2015hhim,"["" - Error! len(compo) != 3 (['Z'])""]",P,ON,,HHZ,-22.86516,-43.964094,333.2361611217735,-20.10749054,-45.25223541,0.0,2015-04-14T14:59:56.643524Z,2015-04-14T14:59:08.021184Z,2015-04-14T14:59:45.643524Z,2015-04-14T15:00:45.643524Z,earthquake,2.254227869,suspected,20150414T145908/ON_MAN01_20150414T145908.mseed,[],,[]
7023,usp2015hhya,"["" - Error! len(compo) != 3 (['Z'])""]",P,ON,,HHZ,-21.825656,-41.657401,217.24690581716263,-21.93841171,-39.55875397,0.0,2015-04-14T22:51:24.146865Z,2015-04-14T22:50:48.906056Z,2015-04-14T22:51:13.146865Z,2015-04-14T22:52:13.146865Z,earthquake,3.034709418,known,20150414T225048/ON_CAM01_20150414T225048.mseed,[],,[]
7012,usp2015hlrv,"["" - Error! len(compo) != 3 (['Z'])""]",P,ON,,HHZ,-28.531839,-49.129072,212.7955244975385,-29.18115425,-51.18149567,0.0,2015-04-17T00:16:01.817398Z,2015-04-17T00:15:28.196205Z,2015-04-17T00:15:50.817398Z,2015-04-17T00:16:50.817398Z,earthquake,2.030408869,suspected,20150417T001528/ON_TER01_20150417T001528.mseed,[],,[]
7005,usp2015hngk,"["" - Error! len(compo) != 3 (['Z'])""]",P,ON,,HHZ,-21.825656,-41.657401,133.75228550318184,-20.7287178,-41.11754227,0.0,2015-04-17T20:44:17.886932Z,2015-04-17T20:43:55.626708Z,2015-04-17T20:44:06.886932Z,2015-04-17T20:45:06.886932Z,earthquake,2.032026303,suspected,20150417T204355/ON_CAM01_20150417T204355.mseed,[],,[]
7001,usp2015hngk,"["" - Error! len(compo) != 3 (['Z'])""]",P,ON,,HHZ,-22.86516,-43.964094,377.6126378085669,-20.7287178,-41.11754227,0.0,2015-04-17T20:44:49.504150Z,2015-04-17T20:43:55.626708Z,2015-04-17T20:44:38.504150Z,2015-04-17T20:45:38.504150Z,earthquake,2.032026303,suspected,20150417T204355/ON_MAN01_20150417T204355.mseed,[],,[]
7002,usp2015hngk,"["" - Error! len(compo) != 3 (['Z'])""]",P,ON,,HHZ,-17.844167,-40.125667,335.892039776859,-20.7287178,-41.11754227,0.0,2015-04-17T20:44:44.534729Z,2015-04-17T20:43:55.626708Z,2015-04-17T20:44:33.534729Z,2015-04-17T20:45:33.534729Z,earthquake,2.032026303,suspected,20150417T204355/ON_NAN01_20150417T204355.mseed,[],,[]
6975,usp2015ivoi,"["" - Error! len(compo) != 3 (['Z'])""]",P,ON,,HHZ,-21.825656,-41.657401,249.1191732481596,-20.87361526,-43.8335495,0.0,2015-05-06T15:23:15.908630Z,2015-05-06T15:22:37.797742Z,2015-05-06T15:23:04.908630Z,2015-05-06T15:24:04.908630Z,earthquake,2.33059559,suspected,20150506T152237/ON_CAM01_20150506T152237.mseed,[],,[]
6978,usp2015ivoi,"["" - Error! len(compo) != 3 (['Z'])""]",P,ON,,HHZ,-22.86516,-43.964094,220.93328034145807,-20.87361526,-43.8335495,0.0,2015-05-06T15:23:12.660949Z,2015-05-06T15:22:37.797742Z,2015-05-06T15:23:01.660949Z,2015-05-06T15:24:01.660949Z,earthquake,2.33059559,suspected,20150506T152237/ON_MAN01_20150506T152237.mseed,[],,[]
6966,usp2015ivyb,"["" - Error! len(compo) != 3 (['Z'])""]",P,ON,,HHZ,-21.825656,-41.657401,373.1467161257977,-22.87468338,-45.10008621,0.0,2015-05-06T20:18:28.773891Z,2015-05-06T20:17:34.976753Z,2015-05-06T20:18:17.773891Z,2015-05-06T20:19:17.773891Z,earthquake,2.505534459,,20150506T201734/ON_CAM01_20150506T201734.mseed,[],,[]
6969,usp2015ivyb,"["" - Error! len(compo) != 3 (['Z'])""]",P,ON,,HHZ,-22.86516,-43.964094,116.58058231648546,-22.87468338,-45.10008621,0.0,2015-05-06T20:17:54.808696Z,2015-05-06T20:17:34.976753Z,2015-05-06T20:17:43.808696Z,2015-05-06T20:18:43.808696Z,earthquake,2.505534459,,20150506T201734/ON_MAN01_20150506T201734.mseed,[],,[]
6963,usp2015iysk,"["" - Error! len(compo) != 3 (['Z'])""]",P,ON,,HHZ,-21.825656,-41.657401,294.7077968975244,-24.21875191,-42.91506577,0.0,2015-05-08T08:51:49.556595Z,2015-05-08T08:51:05.616294Z,2015-05-08T08:51:38.556595Z,2015-05-08T08:52:38.556595Z,earthquake,2.467098282,suspected,20150508T085105/ON_CAM01_20150508T085105.mseed,[],,[]
6965,usp2015iysk,"["" - Error! len(compo) != 3 (['Z'])""]",P,ON,,HHZ,-22.86516,-43.964094,184.2457427849639,-24.21875191,-42.91506577,0.0,2015-05-08T08:51:35.334777Z,2015-05-08T08:51:05.616294Z,2015-05-08T08:51:24.334777Z,2015-05-08T08:52:24.334777Z,earthquake,2.467098282,suspected,20150508T085105/ON_MAN01_20150508T085105.mseed,[],,[]
6960,usp2015jazt,"["" - Error! len(compo) != 3 (['Z'])""]",P,ON,,HHZ,-22.86516,-43.964094,45.88725355571418,-22.90682793,-44.40903473,0.0,2015-05-09T14:51:26.630599Z,2015-05-09T14:51:18.957848Z,2015-05-09T14:51:15.630599Z,2015-05-09T14:52:15.630599Z,earthquake,2.234485928,suspected,20150509T145118/ON_MAN01_20150509T145118.mseed,[],,[]
6957,usp2015jbab,"["" - Error! len(compo) != 3 (['Z'])""]",P,ON,,HHZ,-22.86516,-43.964094,46.12632297196514,-22.88894653,-44.4128685,0.0,2015-05-09T14:58:52.000396Z,2015-05-09T14:58:44.202387Z,2015-05-09T14:58:41.000396Z,2015-05-09T14:59:41.000396Z,earthquake,2.207544203,suspected,20150509T145844/ON_MAN01_20150509T145844.mseed,[],,[]
6953,usp2015jckw,"["" - Error! len(compo) != 3 (['Z'])""]",P,ON,,HHZ,-22.86516,-43.964094,45.89521553370301,-22.92087936,-44.407341,0.0,2015-05-10T09:35:01.345643Z,2015-05-10T09:34:53.760792Z,2015-05-10T09:34:50.345643Z,2015-05-10T09:35:50.345643Z,earthquake,1.93094604,suspected,20150510T093453/ON_MAN01_20150510T093453.mseed,[],,[]
6947,usp2015jckx,"["" - Error! len(compo) != 3 (['Z'])""]",P,ON,,HHZ,-21.825656,-41.657401,307.5889443667439,-22.89937973,-44.41173172,0.0,2015-05-10T09:35:46.436889Z,2015-05-10T09:35:01.172678Z,2015-05-10T09:35:35.436889Z,2015-05-10T09:36:35.436889Z,earthquake,2.022854494,known,20150510T093501/ON_CAM01_20150510T093501.mseed,[],,[]
6950,usp2015jckx,"["" - Error! len(compo) != 3 (['Z'])""]",P,ON,,HHZ,-22.86516,-43.964094,46.08869967247142,-22.89937973,-44.41173172,0.0,2015-05-10T09:35:08.940185Z,2015-05-10T09:35:01.172678Z,2015-05-10T09:34:57.940185Z,2015-05-10T09:35:57.940185Z,earthquake,2.022854494,known,20150510T093501/ON_MAN01_20150510T093501.mseed,[],,[]
6941,usp2015jetk,"["" - Error! len(compo) != 3 (['Z'])""]",P,ON,,HHZ,-21.825656,-41.657401,271.23387369881414,-20.14370918,-43.55406189,0.0,2015-05-11T16:10:40.834804Z,2015-05-11T16:09:59.704942Z,2015-05-11T16:10:29.834804Z,2015-05-11T16:11:29.834804Z,earthquake,2.394433052,suspected,20150511T160959/ON_CAM01_20150511T160959.mseed,[],,[]
6940,usp2015jetk,"["" - Error! len(compo) != 3 (['Z'])""]",P,ON,,HHZ,-22.86516,-43.964094,304.3090273429151,-20.14370918,-43.55406189,0.0,2015-05-11T16:10:45.060890Z,2015-05-11T16:09:59.704942Z,2015-05-11T16:10:34.060890Z,2015-05-11T16:11:34.060890Z,earthquake,2.394433052,suspected,20150511T160959/ON_MAN01_20150511T160959.mseed,[],,[]
6927,usp2015jklt,"["" - Error! len(compo) != 3 (['Z'])""]",P,ON,,HHZ,-22.86516,-43.964094,267.58741965542663,-20.4485,-43.95766667,0.0,2015-05-14T19:07:32.201330Z,2015-05-14T19:06:52.359999Z,2015-05-14T19:07:21.201330Z,2015-05-14T19:08:21.201330Z,earthquake,2.176289697,,20150514T190652/ON_MAN01_20150514T190652.mseed,[],,[]
6925,usp2015jmbl,"["" - Error! len(compo) != 3 (['Z'])""]",P,ON,,HHZ,-22.86516,-43.964094,46.60517102566463,-22.90514565,-44.41624069,0.0,2015-05-15T16:10:39.829406Z,2015-05-15T16:10:31.827860Z,2015-05-15T16:10:28.829406Z,2015-05-15T16:11:28.829406Z,earthquake,2.175325464,known,20150515T161031/ON_MAN01_20150515T161031.mseed,[],,[]
6906,usp2015kdft,"["" - Error! len(compo) != 3 (['Z'])""]",P,ON,,HHZ,-21.825656,-41.657401,306.8195796551976,-22.87895584,-44.41255569,0.0,2015-05-25T01:40:38.707641Z,2015-05-25T01:39:53.252795Z,2015-05-25T01:40:27.707641Z,2015-05-25T01:41:27.707641Z,earthquake,2.184427411,known,20150525T013953/ON_CAM01_20150525T013953.mseed,[],,[]
6911,usp2015kdft,"["" - Error! len(compo) != 3 (['Z'])""]",P,ON,,HHZ,-22.86516,-43.964094,46.045982454948245,-22.87895584,-44.41255569,0.0,2015-05-25T01:40:01.582641Z,2015-05-25T01:39:53.252795Z,2015-05-25T01:39:50.582641Z,2015-05-25T01:40:50.582641Z,earthquake,2.184427411,known,20150525T013953/ON_MAN01_20150525T013953.mseed,[],,[]
6902,usp2015kfwi,"["" - Error! len(compo) != 3 (['Z'])""]",P,ON,,HHZ,-21.825656,-41.657401,191.65689328875547,-23.48144341,-42.2001152,0.0,2015-05-26T12:19:37.470821Z,2015-05-26T12:19:06.490296Z,2015-05-26T12:19:26.470821Z,2015-05-26T12:20:26.470821Z,earthquake,2.939866003,known,20150526T121906/ON_CAM01_20150526T121906.mseed,[],,[]
6901,usp2015kfwi,"["" - Error! len(compo) != 3 (['Z'])""]",P,ON,,HHZ,-22.86516,-43.964094,193.0788371171107,-23.48144341,-42.2001152,0.0,2015-05-26T12:19:37.634611Z,2015-05-26T12:19:06.490296Z,2015-05-26T12:19:26.634611Z,2015-05-26T12:20:26.634611Z,earthquake,2.939866003,known,20150526T121906/ON_MAN01_20150526T121906.mseed,[],,[]
6843,usp2015mums,"["" - Error! len(compo) != 3 (['Z'])""]",P,ON,,HHZ,-28.531839,-49.129072,211.60732805485475,-29.17385292,-51.1714592,0.0,2015-07-01T23:35:19.568725Z,2015-07-01T23:34:45.963813Z,2015-07-01T23:35:08.568725Z,2015-07-01T23:36:08.568725Z,earthquake,1.968132865,suspected,20150701T233445/ON_TER01_20150701T233445.mseed,[],,[]
6834,usp2015ncat,"["" - Error! len(compo) != 3 (['Z'])""]",P,ON,,HHZ,-21.825656,-41.657401,185.55183386154536,-22.45535851,-39.99053574,0.0,2015-07-06T02:37:12.652374Z,2015-07-06T02:36:42.558912Z,2015-07-06T02:37:01.652374Z,2015-07-06T02:38:01.652374Z,earthquake,2.205842349,suspected,20150706T023642/ON_CAM01_20150706T023642.mseed,[],,[]
6829,usp2015ncax,"["" - Error! len(compo) != 3 (['Z'])""]",P,ON,,HHZ,-21.825656,-41.657401,181.74796445572383,-22.42874718,-40.0189743,0.0,2015-07-06T02:42:39.091308Z,2015-07-06T02:42:08.938560Z,2015-07-06T02:42:28.091308Z,2015-07-06T02:43:28.091308Z,earthquake,2.482648067,suspected,20150706T024208/ON_CAM01_20150706T024208.mseed,[],,[]
6808,usp2015nhmd,"["" - Error! len(compo) != 3 (['Z'])""]",P,ON,,HHZ,-15.360055,-39.519089,248.38408872779348,-15.88134193,-41.77206421,0.0,2015-07-09T02:08:08.144548Z,2015-07-09T02:07:28.243835Z,2015-07-09T02:07:57.144548Z,2015-07-09T02:08:57.144548Z,earthquake,2.770232012,suspected,20150709T020728/ON_CMC01_20150709T020728.mseed,[],,[]
6811,usp2015nhmd,"["" - Error! len(compo) != 3 (['Z'])""]",P,ON,,HHZ,-13.72,-39.575278,336.3129628519339,-15.88134193,-41.77206421,0.0,2015-07-09T02:08:19.443452Z,2015-07-09T02:07:28.243835Z,2015-07-09T02:08:08.443452Z,2015-07-09T02:09:08.443452Z,earthquake,2.770232012,suspected,20150709T020728/ON_GDU01_20150709T020728.mseed,[],,[]
6814,usp2015nhmd,"["" - Error! len(compo) != 3 (['Z'])""]",P,ON,,HHZ,-17.844167,-40.125667,279.2171543890456,-15.88134193,-41.77206421,0.0,2015-07-09T02:08:11.667932Z,2015-07-09T02:07:28.243835Z,2015-07-09T02:08:00.667932Z,2015-07-09T02:09:00.667932Z,earthquake,2.770232012,suspected,20150709T020728/ON_NAN01_20150709T020728.mseed,[],,[]
6798,usp2015nphy,"["" - Error! len(compo) != 3 (['Z'])""]",P,ON,,HHZ,-28.531839,-49.129072,369.5084602282136,-25.20165825,-49.32614517,0.0,2015-07-13T09:02:30.217437Z,2015-07-13T09:01:36.650096Z,2015-07-13T09:02:19.217437Z,2015-07-13T09:03:19.217437Z,earthquake,2.549452594,suspected,20150713T090136/ON_TER01_20150713T090136.mseed,[],,[]
6756,usp2015ouvi,"['fft_list.shape != (237,50) ((206, 50))', 'find is True and len(spectro) == 2']",P,BR,,HHZ,-16.70744,-43.94167,9.536506011255764,-16.67941856,-43.8571167,0.0,2015-07-30T14:59:26.516235Z,2015-07-30T14:59:25.291965Z,2015-07-30T14:59:15.516235Z,2015-07-30T15:00:15.516235Z,earthquake,1.474458474,suspected,20150730T145925/BR_MC01_20150730T145925.mseed,[],4.999244270547568,[]
6730,usp2015ppry,"["" - Error! len(compo) != 3 (['Z'])""]",P,ON,,HHZ,-21.825656,-41.657401,88.20980207048288,-21.041,-41.51016667,0.0,2015-08-11T01:09:02.138845Z,2015-08-11T01:08:49.500000Z,2015-08-11T01:08:51.138845Z,2015-08-11T01:09:51.138845Z,earthquake,2.387817943,suspected,20150811T010849/ON_CAM01_20150811T010849.mseed,[],,[]
6727,usp2015pyxd,"["" - Error! len(compo) != 3 (['Z'])""]",P,ON,,HHZ,-28.531839,-49.129072,211.92442916660727,-29.21708107,-51.1571579,0.0,2015-08-16T02:00:17.587097Z,2015-08-16T01:59:44.168490Z,2015-08-16T02:00:06.587097Z,2015-08-16T02:01:06.587097Z,earthquake,1.701943788,suspected,20150816T015944/ON_TER01_20150816T015944.mseed,[],,[]
6717,usp2015qscg,"["" - Error! len(compo) != 3 (['Z'])""]",P,ON,,HHZ,-21.825656,-41.657401,185.09938197815603,-23.29699326,-40.80337906,0.0,2015-08-26T14:09:31.561645Z,2015-08-26T14:09:01.267678Z,2015-08-26T14:09:20.561645Z,2015-08-26T14:10:20.561645Z,earthquake,3.005134182,known,20150826T140901/ON_CAM01_20150826T140901.mseed,[],,[]
6709,usp2015qype,"["" - Error! len(compo) != 3 (['Z'])""]",P,ON,,HHZ,-15.360055,-39.519089,388.8684785238575,-18.67090607,-40.74245834,0.0,2015-08-30T03:30:35.878387Z,2015-08-30T03:29:40.484097Z,2015-08-30T03:30:24.878387Z,2015-08-30T03:31:24.878387Z,earthquake,2.099699766,suspected,20150830T032940/ON_CMC01_20150830T032940.mseed,[],,[]
6714,usp2015qype,"["" - Error! len(compo) != 3 (['Z'])""]",P,ON,,HHZ,-17.844167,-40.125667,112.3730323634048,-18.67090607,-40.74245834,0.0,2015-08-30T03:29:59.839202Z,2015-08-30T03:29:40.484097Z,2015-08-30T03:29:48.839202Z,2015-08-30T03:30:48.839202Z,earthquake,2.099699766,suspected,20150830T032940/ON_NAN01_20150830T032940.mseed,[],,[]
6708,usp2015rgpr,"["" - Error! len(compo) != 3 (['Z'])""]",P,ON,,HHZ,-28.531839,-49.129072,212.23681189357356,-29.21257401,-51.16249847,0.0,2015-09-03T12:51:25.676330Z,2015-09-03T12:50:52.105774Z,2015-09-03T12:51:14.676330Z,2015-09-03T12:52:14.676330Z,earthquake,2.008468771,known,20150903T125052/ON_TER01_20150903T125052.mseed,[],,[]
6675,usp2015slzo,"["" - Error! len(compo) != 3 (['Z'])""]",P,ON,,HHZ,-28.531839,-49.129072,208.86382234700696,-29.02605438,-51.19324493,0.0,2015-09-20T17:03:37.054321Z,2015-09-20T17:03:04.223525Z,2015-09-20T17:03:26.054321Z,2015-09-20T17:04:26.054321Z,earthquake,2.511489742,suspected,20150920T170304/ON_TER01_20150920T170304.mseed,[],,[]
6672,usp2015slzp,"["" - Error! len(compo) != 3 (['Z'])""]",P,ON,,HHZ,-28.531839,-49.129072,208.16500459517923,-29.03069496,-51.18442917,0.0,2015-09-20T17:05:12.252380Z,2015-09-20T17:04:39.173329Z,2015-09-20T17:05:01.252380Z,2015-09-20T17:06:01.252380Z,earthquake,2.396342911,suspected,20150920T170439/ON_TER01_20150920T170439.mseed,[],,[]
6667,usp2015sofu,"["" - Error! len(compo) != 3 (['Z'])""]",P,ON,,HHZ,-28.531839,-49.129072,109.1868544511932,-28.33937073,-50.22216797,0.0,2015-09-21T22:28:52.904296Z,2015-09-21T22:28:33.997046Z,2015-09-21T22:28:41.904296Z,2015-09-21T22:29:41.904296Z,earthquake,2.859038062,suspected,20150921T222833/ON_TER01_20150921T222833.mseed,[],,[]
6596,usp2015vbuj,"["" - Error! len(compo) != 3 (['Z'])""]",P,ON,,HHZ,-21.825656,-41.657401,315.19917968388285,-19.07932663,-40.86085892,0.0,2015-10-27T19:41:03.547851Z,2015-10-27T19:40:17.882141Z,2015-10-27T19:40:52.547851Z,2015-10-27T19:41:52.547851Z,earthquake,2.083848996,known,20151027T194017/ON_CAM01_20151027T194017.mseed,[],,[]
6588,usp2015vrza,"["" - Error! len(compo) != 3 (['Z'])""]",P,ON,,HHZ,-21.825656,-41.657401,272.32446347764096,-20.07880592,-43.50087738,0.0,2015-11-05T16:12:56.395019Z,2015-11-05T16:12:15.075311Z,2015-11-05T16:12:45.395019Z,2015-11-05T16:13:45.395019Z,earthquake,2.382063435,known,20151105T161215/ON_CAM01_20151105T161215.mseed,[],,[]
6584,usp2015vrza,"["" - Error! len(compo) != 3 (['Z'])""]",P,ON,,HHZ,-22.86516,-43.964094,312.22636338664813,-20.07880592,-43.50087738,0.0,2015-11-05T16:13:01.051513Z,2015-11-05T16:12:15.075311Z,2015-11-05T16:12:50.051513Z,2015-11-05T16:13:50.051513Z,earthquake,2.382063435,known,20151105T161215/ON_MAN01_20151105T161215.mseed,[],,[]
6578,usp2015vrzb,"["" - Error! len(compo) != 3 (['Z'])""]",P,ON,,HHZ,-21.825656,-41.657401,261.3143663081499,-20.19882584,-43.47856522,0.0,2015-11-05T16:14:32.405223Z,2015-11-05T16:13:52.033061Z,2015-11-05T16:14:21.405223Z,2015-11-05T16:15:21.405223Z,earthquake,2.55244796,known,20151105T161352/ON_CAM01_20151105T161352.mseed,[],,[]
6576,usp2015vrzb,"["" - Error! len(compo) != 3 (['Z'])""]",P,ON,,HHZ,-22.86516,-43.964094,299.4807482254433,-20.19882584,-43.47856522,0.0,2015-11-05T16:14:37.418899Z,2015-11-05T16:13:52.033061Z,2015-11-05T16:14:26.418899Z,2015-11-05T16:15:26.418899Z,earthquake,2.55244796,known,20151105T161352/ON_MAN01_20151105T161352.mseed,[],,[]
6570,usp2015vscm,"["" - Error! len(compo) != 3 (['Z'])""]",P,ON,,HHZ,-21.825656,-41.657401,263.1339414803949,-20.19739532,-43.50120926,0.0,2015-11-05T17:57:21.767395Z,2015-11-05T17:56:42.074388Z,2015-11-05T17:57:10.767395Z,2015-11-05T17:58:10.767395Z,earthquake,2.005841494,known,20151105T175642/ON_CAM01_20151105T175642.mseed,[],,[]
6554,usp2015vsxb,"["" - Error! len(compo) != 3 (['Z'])""]",P,ON,,HHZ,-15.360055,-39.519089,100.99013179800582,-14.72261238,-40.19126511,0.0,2015-11-06T04:20:53.106437Z,2015-11-06T04:20:35.667047Z,2015-11-06T04:20:42.106437Z,2015-11-06T04:21:42.106437Z,earthquake,2.943972034,,20151106T042035/ON_CMC01_20151106T042035.mseed,[],,[]
6553,usp2015vsxb,"["" - Error! len(compo) != 3 (['Z'])""]",P,ON,,HHZ,-13.72,-39.575278,129.326918833246,-14.72261238,-40.19126511,0.0,2015-11-06T04:20:58.463182Z,2015-11-06T04:20:35.667047Z,2015-11-06T04:20:47.463182Z,2015-11-06T04:21:47.463182Z,earthquake,2.943972034,,20151106T042035/ON_GDU01_20151106T042035.mseed,[],,[]
6552,usp2015vsxb,"["" - Error! len(compo) != 3 (['Z'])""]",P,ON,,HHZ,-17.844167,-40.125667,345.50815794278947,-14.72261238,-40.19126511,0.0,2015-11-06T04:21:31.939159Z,2015-11-06T04:20:35.667047Z,2015-11-06T04:21:20.939159Z,2015-11-06T04:22:20.939159Z,earthquake,2.943972034,,20151106T042035/ON_NAN01_20151106T042035.mseed,[],,[]
6538,usp2015waix,"["" - Error! len(compo) != 3 (['Z'])""]",P,ON,,HHZ,-22.86516,-43.964094,299.323754249178,-20.20722961,-43.43673325,0.0,2015-11-10T06:17:46.736938Z,2015-11-10T06:17:02.209556Z,2015-11-10T06:17:35.736938Z,2015-11-10T06:18:35.736938Z,earthquake,1.884871557,known,20151110T061702/ON_MAN01_20151110T061702.mseed,[],,[]
6531,usp2015walv,"["" - Error! len(compo) != 3 (['Z'])""]",P,ON,,HHZ,-21.825656,-41.657401,260.85692089983934,-20.20279121,-43.47653198,0.0,2015-11-10T07:46:37.777587Z,2015-11-10T07:45:58.127899Z,2015-11-10T07:46:26.777587Z,2015-11-10T07:47:26.777587Z,earthquake,2.068868287,known,20151110T074558/ON_CAM01_20151110T074558.mseed,[],,[]
6417,usp2016aben,"["" - Error! len(compo) != 3 (['Z'])""]",P,ON,,HHZ,-13.72,-39.575278,396.7073819787779,-14.48672676,-43.16407776,0.0,2016-01-01T15:26:21.227233Z,2016-01-01T15:25:25.219392Z,2016-01-01T15:26:10.227233Z,2016-01-01T15:27:10.227233Z,earthquake,2.805027389,known,20160101T152525/ON_GDU01_20160101T152525.mseed,[],,[]
6403,usp2016arni,"["" - Error! len(compo) != 3 (['Z'])""]",P,ON,,HHZ,-15.360055,-39.519089,34.6098959835044,-15.12671375,-39.73363113,0.0,2016-01-10T14:03:15.678308Z,2016-01-10T14:03:09.313340Z,2016-01-10T14:03:04.678308Z,2016-01-10T14:04:04.678308Z,earthquake,3.044856944,known,20160110T140309/ON_CMC01_20160110T140309.mseed,[],,[]
6401,usp2016arni,"["" - Error! len(compo) != 3 (['Z'])""]",P,ON,,HHZ,-13.72,-39.575278,156.57721822417184,-15.12671375,-39.73363113,0.0,2016-01-10T14:03:34.945913Z,2016-01-10T14:03:09.313340Z,2016-01-10T14:03:23.945913Z,2016-01-10T14:04:23.945913Z,earthquake,3.044856944,known,20160110T140309/ON_GDU01_20160110T140309.mseed,[],,[]
6399,usp2016asmh,"["" - Error! len(compo) != 3 (['E', 'E', 'N', 'N', 'Z', 'Z'])""]",P,BX,,HHZ,-23.3276,-51.0892,9.870130518261218,-23.2775,-51.169,0.0,2016-01-11T02:39:36.369354Z,2016-01-11T02:39:34.799999Z,2016-01-11T02:39:25.369354Z,2016-01-11T02:40:25.369354Z,earthquake,0.9806907727,known,20160111T023934/BX_LDAE_20160111T023934.mseed,[],,[]
6397,usp2016asnz,"["" - Error! len(compo) != 3 (['Z'])""]",P,ON,,HHZ,-15.360055,-39.519089,39.16619560953766,-15.15445423,-39.81587982,0.0,2016-01-11T03:31:13.744659Z,2016-01-11T03:31:06.878803Z,2016-01-11T03:31:02.744659Z,2016-01-11T03:32:02.744659Z,earthquake,2.129254883,known,20160111T033106/ON_CMC01_20160111T033106.mseed,[],,[]
6395,usp2016asnz,"["" - Error! len(compo) != 3 (['Z'])""]",P,ON,,HHZ,-13.72,-39.575278,160.81910858217196,-15.15445423,-39.81587982,0.0,2016-01-11T03:31:33.202239Z,2016-01-11T03:31:06.878803Z,2016-01-11T03:31:22.202239Z,2016-01-11T03:32:22.202239Z,earthquake,2.129254883,known,20160111T033106/ON_GDU01_20160111T033106.mseed,[],,[]
6393,usp2016asnz,"["" - Error! len(compo) != 3 (['Z'])""]",P,ON,,HHZ,-17.844167,-40.125667,299.486038298851,-15.15445423,-39.81587982,0.0,2016-01-11T03:31:51.378295Z,2016-01-11T03:31:06.878803Z,2016-01-11T03:31:40.378295Z,2016-01-11T03:32:40.378295Z,earthquake,2.129254883,known,20160111T033106/ON_NAN01_20160111T033106.mseed,[],,[]
6386,usp2016avbr,"["" - Error! len(compo) != 3 (['E', 'E', 'N', 'N', 'Z', 'Z'])""]",P,BX,,HHZ,-23.3276,-51.0892,7.038652148920037,-23.29897308,-51.15063858,0.0,2016-01-12T12:42:10.365051Z,2016-01-12T12:42:09.209226Z,2016-01-12T12:41:59.365051Z,2016-01-12T12:42:59.365051Z,earthquake,1.623588968,known,20160112T124209/BX_LDAE_20160112T124209.mseed,[],,[]
6381,usp2016avns,"["" - Error! len(compo) != 3 (['Z'])""]",P,ON,,HHZ,-15.360055,-39.519089,56.47937542935736,-15.23446083,-39.00938034,0.0,2016-01-12T18:46:37.508880Z,2016-01-12T18:46:28.481537Z,2016-01-12T18:46:26.508880Z,2016-01-12T18:47:26.508880Z,earthquake,1.813465384,suspected,20160112T184628/ON_CMC01_20160112T184628.mseed,[],,[]
6380,usp2016avns,"["" - Error! len(compo) != 3 (['Z'])""]",P,ON,,HHZ,-13.72,-39.575278,178.32540411856576,-15.23446083,-39.00938034,0.0,2016-01-12T18:46:56.919891Z,2016-01-12T18:46:28.481537Z,2016-01-12T18:46:45.919891Z,2016-01-12T18:47:45.919891Z,earthquake,1.813465384,suspected,20160112T184628/ON_GDU01_20160112T184628.mseed,[],,[]
6378,usp2016awdz,"["" - Error! len(compo) != 3 (['Z'])""]",P,ON,,HHZ,-15.360055,-39.519089,40.49868225278944,-15.29853725,-39.14731598,0.0,2016-01-13T02:59:44.532073Z,2016-01-13T02:59:37.441822Z,2016-01-13T02:59:33.532073Z,2016-01-13T03:00:33.532073Z,earthquake,1.607631832,suspected,20160113T025937/ON_CMC01_20160113T025937.mseed,[],,[]
6375,usp2016awdz,"["" - Error! len(compo) != 3 (['Z'])""]",P,ON,,HHZ,-13.72,-39.575278,180.6447706719769,-15.29853725,-39.14731598,0.0,2016-01-13T03:00:06.792907Z,2016-01-13T02:59:37.441822Z,2016-01-13T02:59:55.792907Z,2016-01-13T03:00:55.792907Z,earthquake,1.607631832,suspected,20160113T025937/ON_GDU01_20160113T025937.mseed,[],,[]
6374,usp2016awdz,"["" - Error! len(compo) != 3 (['Z'])""]",P,ON,,HHZ,-17.844167,-40.125667,300.4355803537206,-15.29853725,-39.14731598,0.0,2016-01-13T03:00:21.819488Z,2016-01-13T02:59:37.441822Z,2016-01-13T03:00:10.819488Z,2016-01-13T03:01:10.819488Z,earthquake,1.607631832,suspected,20160113T025937/ON_NAN01_20160113T025937.mseed,[],,[]
6359,usp2016bdgh,"["" - Error! len(compo) != 3 (['Z'])""]",P,ON,,HHZ,-21.825656,-41.657401,311.3284941952505,-22.85036469,-44.47176361,0.0,2016-01-17T00:07:26.549194Z,2016-01-17T00:06:40.760216Z,2016-01-17T00:07:15.549194Z,2016-01-17T00:08:15.549194Z,earthquake,2.542586508,known,20160117T000640/ON_CAM01_20160117T000640.mseed,[],,[]
6364,usp2016bdgh,"["" - Error! len(compo) != 3 (['Z'])""]",P,ON,,HHZ,-22.86516,-43.964094,52.12768054451863,-22.85036469,-44.47176361,0.0,2016-01-17T00:06:49.186859Z,2016-01-17T00:06:40.760216Z,2016-01-17T00:06:38.186859Z,2016-01-17T00:07:38.186859Z,earthquake,2.542586508,known,20160117T000640/ON_MAN01_20160117T000640.mseed,[],,[]
6345,usp2016bhqu,"["" - Error! len(compo) != 3 (['E', 'E', 'N', 'N', 'Z', 'Z'])""]",P,BX,,HHZ,-23.3276,-51.0892,7.702868142324881,-23.32616667,-51.1645,0.0,2016-01-19T09:58:02.798328Z,2016-01-19T09:58:01.540000Z,2016-01-19T09:57:51.798328Z,2016-01-19T09:58:51.798328Z,earthquake,1.475648112,known,20160119T095801/BX_LDAE_20160119T095801.mseed,[],,[]
6341,usp2016bhsg,"["" - Error! len(compo) != 3 (['E', 'E', 'N', 'N', 'Z', 'Z'])""]",P,BX,,HHZ,-23.3276,-51.0892,8.433116704157207,-23.31933333,-51.17116667,0.0,2016-01-19T10:42:56.741333Z,2016-01-19T10:42:55.359999Z,2016-01-19T10:42:45.741333Z,2016-01-19T10:43:45.741333Z,earthquake,1.274546061,known,20160119T104255/BX_LDAE_20160119T104255.mseed,[],,[]
6338,usp2016bhtr,"["" - Error! len(compo) != 3 (['E', 'E', 'N', 'N', 'Z', 'Z'])""]",P,BX,,HHZ,-23.3276,-51.0892,8.174218137230547,-23.33683333,-51.1685,0.0,2016-01-19T11:26:10.794769Z,2016-01-19T11:26:09.439999Z,2016-01-19T11:25:59.794769Z,2016-01-19T11:26:59.794769Z,earthquake,0.9190319765,known,20160119T112609/BX_LDAE_20160119T112609.mseed,[],,[]
6319,usp2016buua,"["" - Error! len(compo) != 3 (['Z'])""]",P,ON,,HHZ,-28.531839,-49.129072,339.5216564293591,-26.86491013,-52.01750946,0.0,2016-01-26T14:22:32.267383Z,2016-01-26T14:21:43.052633Z,2016-01-26T14:22:21.267383Z,2016-01-26T14:23:21.267383Z,earthquake,2.318674158,suspected,20160126T142143/ON_TER01_20160126T142143.mseed,[],,[]
6308,usp2016choc,"["" - Error! len(compo) != 3 (['Z'])""]",P,ON,,HHZ,-21.825656,-41.657401,248.514581401366,-22.96772957,-43.7349968,0.0,2016-02-02T14:09:36.191347Z,2016-02-02T14:08:58.179684Z,2016-02-02T14:09:25.191347Z,2016-02-02T14:10:25.191347Z,earthquake,2.215631545,suspected,20160202T140858/ON_CAM01_20160202T140858.mseed,[],,[]
6312,usp2016choc,"["" - Error! len(compo) != 3 (['Z'])""]",P,ON,,HHZ,-22.86516,-43.964094,26.103060263794408,-22.96772957,-43.7349968,0.0,2016-02-02T14:09:02.656555Z,2016-02-02T14:08:58.179684Z,2016-02-02T14:08:51.656555Z,2016-02-02T14:09:51.656555Z,earthquake,2.215631545,suspected,20160202T140858/ON_MAN01_20160202T140858.mseed,[],,[]
6303,usp2016cjrk,"["" - Error! len(compo) != 3 (['Z'])""]",P,ON,,HHZ,-21.825656,-41.657401,295.7253641864924,-20.3699894,-44.0438652,0.0,2016-02-03T18:05:34.733957Z,2016-02-03T18:04:50.363903Z,2016-02-03T18:05:23.733957Z,2016-02-03T18:06:23.733957Z,earthquake,2.493687156,suspected,20160203T180450/ON_CAM01_20160203T180450.mseed,[],,[]
6305,usp2016cjrk,"["" - Error! len(compo) != 3 (['Z'])""]",P,ON,,HHZ,-22.86516,-43.964094,276.40185480097523,-20.3699894,-44.0438652,0.0,2016-02-03T18:05:32.491394Z,2016-02-03T18:04:50.363903Z,2016-02-03T18:05:21.491394Z,2016-02-03T18:06:21.491394Z,earthquake,2.493687156,suspected,20160203T180450/ON_MAN01_20160203T180450.mseed,[],,[]
6297,usp2016cmdy,"["" - Error! len(compo) != 3 (['Z'])""]",P,ON,,HHZ,-15.360055,-39.519089,255.22369877992872,-13.054039,-39.45877075,0.0,2016-02-05T02:42:23.202297Z,2016-02-05T02:41:44.012881Z,2016-02-05T02:42:12.202297Z,2016-02-05T02:43:12.202297Z,earthquake,1.604068768,known,20160205T024144/ON_CMC01_20160205T024144.mseed,[],,[]
6295,usp2016cmdy,"["" - Error! len(compo) != 3 (['Z'])""]",P,ON,,HHZ,-13.72,-39.575278,74.75070435060503,-13.054039,-39.45877075,0.0,2016-02-05T02:41:56.646351Z,2016-02-05T02:41:44.012881Z,2016-02-05T02:41:45.646351Z,2016-02-05T02:42:45.646351Z,earthquake,1.604068768,known,20160205T024144/ON_GDU01_20160205T024144.mseed,[],,[]
6284,usp2016cvgp,"["" - Error! len(compo) != 3 (['Z'])""]",P,ON,,HHZ,-15.360055,-39.519089,368.6320072886507,-18.46798325,-40.76414108,0.0,2016-02-10T02:17:01.152062Z,2016-02-10T02:16:08.096092Z,2016-02-10T02:16:50.152062Z,2016-02-10T02:17:50.152062Z,earthquake,1.824752363,suspected,20160210T021608/ON_CMC01_20160210T021608.mseed,[],,[]
6283,usp2016cyxk,"["" - Error! len(compo) != 3 (['Z'])""]",P,ON,,HHZ,-21.825656,-41.657401,90.4550545783381,-22.01585007,-40.80596924,0.0,2016-02-12T02:10:20.746734Z,2016-02-12T02:10:04.607136Z,2016-02-12T02:10:09.746734Z,2016-02-12T02:11:09.746734Z,earthquake,2.076630255,suspected,20160212T021004/ON_CAM01_20160212T021004.mseed,[],,[]
6279,usp2016cyxk,"["" - Error! len(compo) != 3 (['Z'])""]",P,ON,,HHZ,-22.86516,-43.964094,338.41863940531124,-22.01585007,-40.80596924,0.0,2016-02-12T02:10:53.881275Z,2016-02-12T02:10:04.607136Z,2016-02-12T02:10:42.881275Z,2016-02-12T02:11:42.881275Z,earthquake,2.076630255,suspected,20160212T021004/ON_MAN01_20160212T021004.mseed,[],,[]
6267,usp2016dekt,"["" - Error! len(compo) != 3 (['Z'])""]",P,ON,,HHZ,-21.825656,-41.657401,207.21591493806568,-19.95782471,-41.53100586,0.0,2016-02-15T02:36:01.339450Z,2016-02-15T02:35:28.574280Z,2016-02-15T02:35:50.339450Z,2016-02-15T02:36:50.339450Z,earthquake,2.603828258,suspected,20160215T023528/ON_CAM01_20160215T023528.mseed,[],,[]
6265,usp2016dekt,"["" - Error! len(compo) != 3 (['Z'])""]",P,ON,,HHZ,-17.844167,-40.125667,276.8689204294764,-19.95782471,-41.53100586,0.0,2016-02-15T02:36:09.829818Z,2016-02-15T02:35:28.574280Z,2016-02-15T02:35:58.829818Z,2016-02-15T02:36:58.829818Z,earthquake,2.603828258,suspected,20160215T023528/ON_NAN01_20160215T023528.mseed,[],,[]
6255,usp2016dkpq,"["" - Error! len(compo) != 3 (['Z'])""]",P,ON,,HHZ,-28.531839,-49.129072,278.2050835751048,-27.18205452,-51.51086044,0.0,2016-02-18T11:52:42.794822Z,2016-02-18T11:52:01.033857Z,2016-02-18T11:52:31.794822Z,2016-02-18T11:53:31.794822Z,earthquake,2.257516451,suspected,20160218T115201/ON_TER01_20160218T115201.mseed,[],,[]
6135,usp2016egzx,"["" - Error! len(compo) != 3 (['Z'])""]",P,ON,,HHZ,-21.825656,-41.657401,302.2085200817193,-20.30329323,-44.07115936,0.0,2016-03-01T18:02:43.327619Z,2016-03-01T18:01:58.496832Z,2016-03-01T18:02:32.327619Z,2016-03-01T18:03:32.327619Z,earthquake,2.570034073,suspected,20160301T180158/ON_CAM01_20160301T180158.mseed,[],,[]
6136,usp2016egzx,"["" - Error! len(compo) != 3 (['Z'])""]",P,ON,,HHZ,-22.86516,-43.964094,283.8788535613622,-20.30329323,-44.07115936,0.0,2016-03-01T18:02:41.292467Z,2016-03-01T18:01:58.496832Z,2016-03-01T18:02:30.292467Z,2016-03-01T18:03:30.292467Z,earthquake,2.570034073,suspected,20160301T180158/ON_MAN01_20160301T180158.mseed,[],,[]
6078,usp2016erub,"["" - Error! len(compo) != 3 (['Z'])""]",P,ON,,HHZ,-21.825656,-41.657401,290.0786431559743,-20.45539474,-44.03774261,0.0,2016-03-07T15:35:47.369972Z,2016-03-07T15:35:04.102933Z,2016-03-07T15:35:36.369972Z,2016-03-07T15:36:36.369972Z,earthquake,2.483115709,suspected,20160307T153504/ON_CAM01_20160307T153504.mseed,[],,[]
6079,usp2016erub,"["" - Error! len(compo) != 3 (['Z'])""]",P,ON,,HHZ,-22.86516,-43.964094,266.93212569252734,-20.45539474,-44.03774261,0.0,2016-03-07T15:35:44.552582Z,2016-03-07T15:35:04.102933Z,2016-03-07T15:35:33.552582Z,2016-03-07T15:36:33.552582Z,earthquake,2.483115709,suspected,20160307T153504/ON_MAN01_20160307T153504.mseed,[],,[]
6063,usp2016exme,"["" - Error! len(compo) != 3 (['Z'])""]",P,ON,,HHZ,-21.825656,-41.657401,294.7053878847538,-20.3692131,-44.03160095,0.0,2016-03-10T18:26:34.626074Z,2016-03-10T18:25:50.869435Z,2016-03-10T18:26:23.626074Z,2016-03-10T18:27:23.626074Z,earthquake,2.527548837,suspected,20160310T182550/ON_CAM01_20160310T182550.mseed,[],,[]
6066,usp2016exme,"["" - Error! len(compo) != 3 (['Z'])""]",P,ON,,HHZ,-22.86516,-43.964094,276.4527505099205,-20.3692131,-44.03160095,0.0,2016-03-10T18:26:33.726058Z,2016-03-10T18:25:50.869435Z,2016-03-10T18:26:22.726058Z,2016-03-10T18:27:22.726058Z,earthquake,2.527548837,suspected,20160310T182550/ON_MAN01_20160310T182550.mseed,[],,[]
6058,usp2016eyct,"["" - Error! len(compo) != 3 (['Z'])""]",P,ON,,HHZ,-22.86516,-43.964094,259.97921707721935,-23.4406395,-46.42536926,0.0,2016-03-11T02:48:59.185351Z,2016-03-11T02:48:19.436612Z,2016-03-11T02:48:48.185351Z,2016-03-11T02:49:48.185351Z,earthquake,2.073179036,suspected,20160311T024819/ON_MAN01_20160311T024819.mseed,[],,[]
6027,usp2016fjcx,"["" - Error! len(compo) != 3 (['Z'])""]",P,ON,,HHZ,-21.825656,-41.657401,336.1018879046032,-19.95069122,-44.19808578,0.0,2016-03-17T03:23:23.397871Z,2016-03-17T03:22:34.437352Z,2016-03-17T03:23:12.397871Z,2016-03-17T03:24:12.397871Z,earthquake,2.335168631,known,20160317T032234/ON_CAM01_20160317T032234.mseed,[],,[]
6028,usp2016fjcx,"["" - Error! len(compo) != 3 (['Z'])""]",P,ON,,HHZ,-22.86516,-43.964094,323.60786791023264,-19.95069122,-44.19808578,0.0,2016-03-17T03:23:21.167442Z,2016-03-17T03:22:34.437352Z,2016-03-17T03:23:10.167442Z,2016-03-17T03:24:10.167442Z,earthquake,2.335168631,known,20160317T032234/ON_MAN01_20160317T032234.mseed,[],,[]
6023,usp2016fooj,"["" - Error! len(compo) != 3 (['Z'])""]",P,ON,,HHZ,-13.72,-39.575278,110.24783401735692,-12.82451534,-39.12890625,0.0,2016-03-20T02:51:05.919067Z,2016-03-20T02:50:46.697961Z,2016-03-20T02:50:54.919067Z,2016-03-20T02:51:54.919067Z,earthquake,1.284617825,known,20160320T025046/ON_GDU01_20160320T025046.mseed,[],,[]
5997,usp2016fwpt,"["" - Error! len(compo) != 3 (['Z'])""]",P,ON,,HHZ,-22.86516,-43.964094,365.8523206807637,-19.56282616,-44.08568192,0.0,2016-03-24T12:39:04.724140Z,2016-03-24T12:38:12.282771Z,2016-03-24T12:38:53.724140Z,2016-03-24T12:39:53.724140Z,earthquake,2.590702234,known,20160324T123812/ON_MAN01_20160324T123812.mseed,[],,[]
5991,usp2016fwsh,"["" - Error! len(compo) != 3 (['Z'])""]",P,ON,,HHZ,-21.825656,-41.657401,368.7967218701347,-19.47040367,-44.16027451,0.0,2016-03-24T13:55:29.165107Z,2016-03-24T13:54:36.395330Z,2016-03-24T13:55:18.165107Z,2016-03-24T13:56:18.165107Z,earthquake,2.611986475,known,20160324T135436/ON_CAM01_20160324T135436.mseed,[],,[]
5990,usp2016fwsh,"["" - Error! len(compo) != 3 (['Z'])""]",P,ON,,HHZ,-22.86516,-43.964094,376.4171345673234,-19.47040367,-44.16027451,0.0,2016-03-24T13:55:30.104240Z,2016-03-24T13:54:36.395330Z,2016-03-24T13:55:19.104240Z,2016-03-24T13:56:19.104240Z,earthquake,2.611986475,known,20160324T135436/ON_MAN01_20160324T135436.mseed,[],,[]
5978,usp2016gcos,"["" - Error! len(compo) != 3 (['Z'])""]",P,ON,,HHZ,-28.531839,-49.129072,216.27387221820493,-26.58307457,-49.24938202,0.0,2016-03-27T18:55:29.997367Z,2016-03-27T18:54:56.087897Z,2016-03-27T18:55:18.997367Z,2016-03-27T18:56:18.997367Z,earthquake,2.390213078,known,20160327T185456/ON_TER01_20160327T185456.mseed,[],,[]
5948,usp2016grxv,"["" - Error! len(compo) != 3 (['Z'])""]",P,ON,,HHZ,-21.825656,-41.657401,225.5472252098369,-21.39169312,-43.7857132,0.0,2016-04-05T04:34:30.371147Z,2016-04-05T04:33:55.212666Z,2016-04-05T04:34:19.371147Z,2016-04-05T04:35:19.371147Z,earthquake,2.190021078,suspected,20160405T043355/ON_CAM01_20160405T043355.mseed,[],,[]
5952,usp2016grxv,"["" - Error! len(compo) != 3 (['Z'])""]",P,ON,,HHZ,-22.86516,-43.964094,164.1945364377805,-21.39169312,-43.7857132,0.0,2016-04-05T04:34:22.550109Z,2016-04-05T04:33:55.212666Z,2016-04-05T04:34:11.550109Z,2016-04-05T04:35:11.550109Z,earthquake,2.190021078,suspected,20160405T043355/ON_MAN01_20160405T043355.mseed,[],,[]
5941,usp2016gshu,"["" - Error! len(compo) != 3 (['Z'])""]",P,ON,,HHZ,-22.86516,-43.964094,271.8041310311357,-23.38262939,-46.55808258,0.0,2016-04-05T09:37:03.290179Z,2016-04-05T09:36:22.958590Z,2016-04-05T09:36:52.290179Z,2016-04-05T09:37:52.290179Z,earthquake,2.201651676,known,20160405T093622/ON_MAN01_20160405T093622.mseed,[],,[]
5931,usp2016gtlf,"["" - Error! len(compo) != 3 (['Z'])""]",P,ON,,HHZ,-21.825656,-41.657401,366.2791468979305,-19.47451973,-44.13044739,0.0,2016-04-06T00:28:51.175759Z,2016-04-06T00:27:58.119518Z,2016-04-06T00:28:40.175759Z,2016-04-06T00:29:40.175759Z,earthquake,2.410826088,known,20160406T002758/ON_CAM01_20160406T002758.mseed,[],,[]
5929,usp2016gtlw,"["" - Error! len(compo) != 3 (['Z'])""]",P,ON,,HHZ,-21.825656,-41.657401,363.71691106856304,-19.48312378,-44.10476685,0.0,2016-04-06T00:48:27.802600Z,2016-04-06T00:47:35.692409Z,2016-04-06T00:48:16.802600Z,2016-04-06T00:49:16.802600Z,earthquake,2.170985666,known,20160406T004735/ON_CAM01_20160406T004735.mseed,[],,[]
5927,usp2016gtlw,"["" - Error! len(compo) != 3 (['Z'])""]",P,ON,,HHZ,-22.86516,-43.964094,374.7422274959833,-19.48312378,-44.10476685,0.0,2016-04-06T00:48:29.122699Z,2016-04-06T00:47:35.692409Z,2016-04-06T00:48:18.122699Z,2016-04-06T00:49:18.122699Z,earthquake,2.170985666,known,20160406T004735/ON_MAN01_20160406T004735.mseed,[],,[]
5914,usp2016hdlg,"["" - Error! len(compo) != 3 (['Z'])""]",P,ON,,HHZ,-21.825656,-41.657401,369.1967305646836,-19.44933333,-44.143,0.0,2016-04-11T11:56:14.746004Z,2016-04-11T11:55:22.449999Z,2016-04-11T11:56:03.746004Z,2016-04-11T11:57:03.746004Z,earthquake,3.281836033,known,20160411T115522/ON_CAM01_20160411T115522.mseed,[],,[]
5912,usp2016hdlg,"["" - Error! len(compo) != 3 (['Z'])""]",P,ON,,HHZ,-22.86516,-43.964094,378.6540065983141,-19.44933333,-44.143,0.0,2016-04-11T11:56:16.094540Z,2016-04-11T11:55:22.449999Z,2016-04-11T11:56:05.094540Z,2016-04-11T11:57:05.094540Z,earthquake,3.281836033,known,20160411T115522/ON_MAN01_20160411T115522.mseed,[],,[]
5907,usp2016hsha,"["" - Error! len(compo) != 3 (['Z'])""]",P,ON,,HHZ,-13.72,-39.575278,388.36316807273,-11.01401997,-37.29999161,0.0,2016-04-19T14:45:57.121037Z,2016-04-19T14:45:01.610008Z,2016-04-19T14:45:46.121037Z,2016-04-19T14:46:46.121037Z,earthquake,1.766015543,suspected,20160419T144501/ON_GDU01_20160419T144501.mseed,[],,[]
5872,usp2016ippx,"["" - Error! len(compo) != 3 (['Z'])""]",P,ON,,HHZ,-21.825656,-41.657401,343.4400657831826,-19.90919685,-44.25274658,1000.0,2016-05-02T09:22:06.176619Z,2016-05-02T09:21:16.165910Z,2016-05-02T09:21:55.176619Z,2016-05-02T09:22:55.176619Z,earthquake,3.432329374,known,20160502T092116/ON_CAM01_20160502T092116.mseed,[],,[]
5873,usp2016ippx,"["" - Error! len(compo) != 3 (['Z'])""]",P,ON,,HHZ,-22.86516,-43.964094,328.6564959974273,-19.90919685,-44.25274658,1000.0,2016-05-02T09:22:04.413897Z,2016-05-02T09:21:16.165910Z,2016-05-02T09:21:53.413897Z,2016-05-02T09:22:53.413897Z,earthquake,3.432329374,known,20160502T092116/ON_MAN01_20160502T092116.mseed,[],,[]
5864,usp2016jfgc,"["" - Error! len(compo) != 3 (['Z'])""]",P,ON,,HHZ,-21.825656,-41.657401,356.9203601206732,-19.50432587,-44.03455353,0.0,2016-05-10T22:35:56.666687Z,2016-05-10T22:35:05.032445Z,2016-05-10T22:35:45.666687Z,2016-05-10T22:36:45.666687Z,earthquake,2.240114511,suspected,20160510T223505/ON_CAM01_20160510T223505.mseed,[],,[]
5862,usp2016jfgc,"["" - Error! len(compo) != 3 (['Z'])""]",P,ON,,HHZ,-22.86516,-43.964094,372.1823535575523,-19.50432587,-44.03455353,0.0,2016-05-10T22:35:58.449634Z,2016-05-10T22:35:05.032445Z,2016-05-10T22:35:47.449634Z,2016-05-10T22:36:47.449634Z,earthquake,2.240114511,suspected,20160510T223505/ON_MAN01_20160510T223505.mseed,[],,[]
5842,usp2016kliw,"["" - Error! len(compo) != 3 (['Z'])""]",P,ON,,HHZ,-22.86516,-43.964094,305.7832112751351,-24.71793175,-46.18870926,0.0,2016-05-28T12:20:16.364304Z,2016-05-28T12:19:33.688107Z,2016-05-28T12:20:05.364304Z,2016-05-28T12:21:05.364304Z,earthquake,2.589586681,suspected,20160528T121933/ON_MAN01_20160528T121933.mseed,[],,[]
5835,usp2016lgbf,"["" - Error! len(compo) != 3 (['Z'])""]",P,ON,,HHZ,-22.86516,-43.964094,116.46841015669855,-22.97207451,-45.09356308,0.0,2016-06-08T20:18:23.279006Z,2016-06-08T20:18:03.314753Z,2016-06-08T20:18:12.279006Z,2016-06-08T20:19:12.279006Z,earthquake,1.963298114,suspected,20160608T201803/ON_MAN01_20160608T201803.mseed,[],,[]
5827,usp2016lrtx,"["" - Error! len(compo) != 3 (['Z'])""]",P,ON,,HHZ,-22.86516,-43.964094,245.8610457034661,-23.90968704,-46.08634567,0.0,2016-06-15T06:15:48.651881Z,2016-06-15T06:15:10.445457Z,2016-06-15T06:15:37.651881Z,2016-06-15T06:16:37.651881Z,earthquake,2.25244237,known,20160615T061510/ON_MAN01_20160615T061510.mseed,[],,[]
5793,usp2016nhel,"["" - Error! len(compo) != 3 (['Z'])""]",P,ON,,HHZ,-21.825656,-41.657401,332.8628879319594,-21.91319466,-44.87662888,0.0,2016-07-07T22:10:25.476450Z,2016-07-07T22:09:36.863210Z,2016-07-07T22:10:14.476450Z,2016-07-07T22:11:14.476450Z,earthquake,2.63559721,suspected,20160707T220936/ON_CAM01_20160707T220936.mseed,[],,[]
5796,usp2016nhel,"["" - Error! len(compo) != 3 (['Z'])""]",P,ON,,HHZ,-22.86516,-43.964094,141.2191476205265,-21.91319466,-44.87662888,0.0,2016-07-07T22:10:01.050323Z,2016-07-07T22:09:36.863210Z,2016-07-07T22:09:50.050323Z,2016-07-07T22:10:50.050323Z,earthquake,2.63559721,suspected,20160707T220936/ON_MAN01_20160707T220936.mseed,[],,[]
5788,usp2016nhvy,"["" - Error! len(compo) != 3 (['Z'])""]",P,ON,,HHZ,-13.72,-39.575278,389.28366433930506,-12.32004929,-42.8678093,0.0,2016-07-08T07:01:25.782328Z,2016-07-08T07:00:29.767630Z,2016-07-08T07:01:14.782328Z,2016-07-08T07:02:14.782328Z,earthquake,2.371560485,known,20160708T070029/ON_GDU01_20160708T070029.mseed,[],,[]
5783,usp2016nivg,"["" - Error! len(compo) != 3 (['Z'])""]",P,ON,,HHZ,-28.531839,-49.129072,295.4273582914731,-27.99277115,-52.07775879,0.0,2016-07-08T19:48:18.161471Z,2016-07-08T19:47:34.734338Z,2016-07-08T19:48:07.161471Z,2016-07-08T19:49:07.161471Z,earthquake,2.543586746,suspected,20160708T194734/ON_TER01_20160708T194734.mseed,[],,[]
5781,usp2016nixb,"["" - Error! len(compo) != 3 (['Z'])""]",P,ON,,HHZ,-28.531839,-49.129072,178.26960489504086,-27.35137367,-50.35969162,0.0,2016-07-08T20:42:45.238430Z,2016-07-08T20:42:16.032382Z,2016-07-08T20:42:34.238430Z,2016-07-08T20:43:34.238430Z,earthquake,2.4908854,suspected,20160708T204216/ON_TER01_20160708T204216.mseed,[],,[]
5773,usp2016njma,"["" - Error! len(compo) != 3 (['Z'])""]",P,ON,,HHZ,-13.72,-39.575278,388.4732056907146,-12.42062283,-42.90303421,0.0,2016-07-09T04:16:25.966159Z,2016-07-09T04:15:30.406873Z,2016-07-09T04:16:14.966159Z,2016-07-09T04:17:14.966159Z,earthquake,2.623084203,known,20160709T041530/ON_GDU01_20160709T041530.mseed,[],,[]
5756,usp2016npye,"["" - Error! len(compo) != 3 (['Z'])""]",P,ON,,HHZ,-21.825656,-41.657401,285.3183995796523,-20.485075,-44.00359726,0.0,2016-07-12T17:14:08.161010Z,2016-07-12T17:13:25.388103Z,2016-07-12T17:13:57.161010Z,2016-07-12T17:14:57.161010Z,earthquake,2.3749987,suspected,20160712T171325/ON_CAM01_20160712T171325.mseed,[],,[]
5757,usp2016npye,"["" - Error! len(compo) != 3 (['Z'])""]",P,ON,,HHZ,-22.86516,-43.964094,263.5690727675653,-20.485075,-44.00359726,0.0,2016-07-12T17:14:05.602870Z,2016-07-12T17:13:25.388103Z,2016-07-12T17:13:54.602870Z,2016-07-12T17:14:54.602870Z,earthquake,2.3749987,suspected,20160712T171325/ON_MAN01_20160712T171325.mseed,[],,[]
5740,usp2016oaxm,"["" - Error! len(compo) != 3 (['Z'])""]",P,ON,,HHZ,-22.86516,-43.964094,291.80081295492755,-24.19590378,-46.43044662,0.0,2016-07-18T17:22:42.329978Z,2016-07-18T17:21:59.024455Z,2016-07-18T17:22:31.329978Z,2016-07-18T17:23:31.329978Z,earthquake,2.484907698,suspected,20160718T172159/ON_MAN01_20160718T172159.mseed,[],,[]
5729,usp2016ocpi,"["" - Error! len(compo) != 3 (['Z'])""]",P,ON,,HHZ,-21.825656,-41.657401,326.9900713155816,-20.11783333,-39.09183333,0.0,2016-07-19T15:31:31.599602Z,2016-07-19T15:30:44.399999Z,2016-07-19T15:31:20.599602Z,2016-07-19T15:32:20.599602Z,earthquake,3.823704478,known,20160719T153044/ON_CAM01_20160719T153044.mseed,[],,[]
5725,usp2016ocpi,"["" - Error! len(compo) != 3 (['Z'])""]",P,ON,,HHZ,-17.844167,-40.125667,274.20966364597865,-20.11783333,-39.09183333,0.0,2016-07-19T15:31:25.564084Z,2016-07-19T15:30:44.399999Z,2016-07-19T15:31:14.564084Z,2016-07-19T15:32:14.564084Z,earthquake,3.823704478,known,20160719T153044/ON_NAN01_20160719T153044.mseed,[],,[]
5716,usp2016ovcj,"["" - Error! len(compo) != 3 (['Z'])""]",P,ON,,HHZ,-21.825656,-41.657401,283.7406403436085,-20.49244881,-43.99065399,0.0,2016-07-29T18:33:09.597279Z,2016-07-29T18:32:26.588716Z,2016-07-29T18:32:58.597279Z,2016-07-29T18:33:58.597279Z,earthquake,2.423751592,known,20160729T183226/ON_CAM01_20160729T183226.mseed,[],,[]
5717,usp2016ovcj,"["" - Error! len(compo) != 3 (['Z'])""]",P,ON,,HHZ,-22.86516,-43.964094,262.7353868938142,-20.49244881,-43.99065399,0.0,2016-07-29T18:33:06.701954Z,2016-07-29T18:32:26.588716Z,2016-07-29T18:32:55.701954Z,2016-07-29T18:33:55.701954Z,earthquake,2.423751592,known,20160729T183226/ON_MAN01_20160729T183226.mseed,[],,[]
5708,usp2016pcgz,"["" - Error! len(compo) != 3 (['Z'])""]",P,ON,,HHZ,-22.86516,-43.964094,321.1887395873888,-19.97504807,-44.23031235,0.0,2016-08-02T16:51:01.248072Z,2016-08-02T16:50:14.177601Z,2016-08-02T16:50:50.248072Z,2016-08-02T16:51:50.248072Z,earthquake,2.326260475,known,20160802T165014/ON_MAN01_20160802T165014.mseed,[],,[]
5696,usp2016prmr,"["" - Error! len(compo) != 3 (['Z'])""]",P,ON,,HHZ,-15.360055,-39.519089,199.17043154815505,-17.06244278,-40.12371445,0.0,2016-08-11T00:45:28.259704Z,2016-08-11T00:44:56.008727Z,2016-08-11T00:45:17.259704Z,2016-08-11T00:46:17.259704Z,earthquake,2.766635776,known,20160811T004456/ON_CMC01_20160811T004456.mseed,[],,[]
5693,usp2016prmr,"["" - Error! len(compo) != 3 (['Z'])""]",P,ON,,HHZ,-13.72,-39.575278,374.5059453342808,-17.06244278,-40.12371445,0.0,2016-08-11T00:45:50.042480Z,2016-08-11T00:44:56.008727Z,2016-08-11T00:45:39.042480Z,2016-08-11T00:46:39.042480Z,earthquake,2.766635776,known,20160811T004456/ON_GDU01_20160811T004456.mseed,[],,[]
5697,usp2016prmr,"["" - Error! len(compo) != 3 (['Z'])""]",P,ON,,HHZ,-17.844167,-40.125667,86.5169889066456,-17.06244278,-40.12371445,0.0,2016-08-11T00:45:10.546569Z,2016-08-11T00:44:56.008727Z,2016-08-11T00:44:59.546569Z,2016-08-11T00:45:59.546569Z,earthquake,2.766635776,known,20160811T004456/ON_NAN01_20160811T004456.mseed,[],,[]
5686,usp2016prvz,"["" - Error! len(compo) != 3 (['E', 'E', 'E', 'E', 'E', 'E', 'E', 'E', 'E', 'E', 'E', 'E', 'E', 'E', 'E', 'E', 'E', 'E', 'E', 'E', 'E', 'E', 'E', 'E', 'E', 'E', 'E', 'E', 'E', 'E', 'E', 'E', 'E', 'E', 'E', 'N', 'N', 'N', 'N', 'N', 'N', 'N', 'N', 'N', 'N', 'N', 'N', 'N', 'N', 'N', 'N', 'N', 'N', 'N', 'N', 'N', 'N', 'N', 'N', 'N', 'N', 'N', 'N', 'N', 'N', 'N', 'N', 'N', 'N', 'N', 'Z', 'Z', 'Z', 'Z', 'Z', 'Z', 'Z', 'Z', 'Z', 'Z', 'Z', 'Z', 'Z', 'Z', 'Z', 'Z', 'Z', 'Z', 'Z', 'Z', 'Z', 'Z', 'Z', 'Z', 'Z', 'Z', 'Z', 'Z', 'Z', 'Z', 'Z', 'Z', 'Z', 'Z', 'Z'])""]",P,BX,,HHZ,-23.3932,-51.1177,388.8001579895398,-24.26520157,-47.42110062,0.0,2016-08-11T05:28:19.706697Z,2016-08-11T05:27:23.859269Z,2016-08-11T05:28:08.706697Z,2016-08-11T05:29:08.706697Z,earthquake,2.835973986,suspected,20160811T052723/BX_LDASE_20160811T052723.mseed,[],,[]
5687,usp2016prvz,"["" - Error! len(compo) != 3 (['Z'])""]",P,ON,,HHZ,-22.86516,-43.964094,385.4678334858917,-24.26520157,-47.42110062,0.0,2016-08-11T05:28:18.493872Z,2016-08-11T05:27:23.859269Z,2016-08-11T05:28:07.493872Z,2016-08-11T05:29:07.493872Z,earthquake,2.835973986,suspected,20160811T052723/ON_MAN01_20160811T052723.mseed,[],,[]
5669,usp2016qujv,"["" - Error! len(compo) != 3 (['Z'])""]",P,ON,,HHZ,-13.72,-39.575278,394.00036081123847,-11.23929596,-36.97437668,0.0,2016-08-26T20:16:18.662925Z,2016-08-26T20:15:22.615720Z,2016-08-26T20:16:07.662925Z,2016-08-26T20:17:07.662925Z,earthquake,2.431723575,suspected,20160826T201522/ON_GDU01_20160826T201522.mseed,[],,[]
5661,usp2016quxg,"["" - Error! len(compo) != 3 (['Z'])""]",P,ON,,HHZ,-21.825656,-41.657401,291.9465046047129,-20.25026321,-43.90982437,0.0,2016-08-27T03:03:23.826876Z,2016-08-27T03:02:39.838573Z,2016-08-27T03:03:12.826876Z,2016-08-27T03:04:12.826876Z,earthquake,2.189304054,suspected,20160827T030239/ON_CAM01_20160827T030239.mseed,[],,[]
5664,usp2016quxg,"["" - Error! len(compo) != 3 (['Z'])""]",P,ON,,HHZ,-22.86516,-43.964094,289.5876745495823,-20.25026321,-43.90982437,0.0,2016-08-27T03:03:23.139533Z,2016-08-27T03:02:39.838573Z,2016-08-27T03:03:12.139533Z,2016-08-27T03:04:12.139533Z,earthquake,2.189304054,suspected,20160827T030239/ON_MAN01_20160827T030239.mseed,[],,[]
5649,usp2016rdbz,"["" - Error! len(compo) != 3 (['Z'])""]",P,ON,,HHZ,-22.86516,-43.964094,282.80644614757387,-21.46733284,-41.66919708,0.0,2016-08-31T14:31:17.281353Z,2016-08-31T14:30:34.724829Z,2016-08-31T14:31:06.281353Z,2016-08-31T14:32:06.281353Z,earthquake,2.463748824,suspected,20160831T143034/ON_MAN01_20160831T143034.mseed,[],,[]
5637,usp2016rjuk,"["" - Error! len(compo) != 3 (['Z'])""]",P,ON,,HHZ,-21.825656,-41.657401,286.40294908073946,-20.25880814,-43.84997177,0.0,2016-09-04T06:38:48.207968Z,2016-09-04T06:38:05.077769Z,2016-09-04T06:38:37.207968Z,2016-09-04T06:39:37.207968Z,earthquake,2.573813004,suspected,20160904T063805/ON_CAM01_20160904T063805.mseed,[],,[]
5645,usp2016rjuk,"["" - Error! len(compo) != 3 (['Z'])""]",P,ON,,HHZ,-22.86516,-43.964094,288.8290533487522,-20.25880814,-43.84997177,0.0,2016-09-04T06:38:48.234214Z,2016-09-04T06:38:05.077769Z,2016-09-04T06:38:37.234214Z,2016-09-04T06:39:37.234214Z,earthquake,2.573813004,suspected,20160904T063805/ON_MAN01_20160904T063805.mseed,[],,[]
5604,usp2016smxv, - Error! pick.shape[0] != 1 (2),P,BR,,HHZ,-12.4085,-44.903,239.33417303788175,-10.47552776,-43.91759872,0.0,2016-09-20T05:19:26.639579Z,2016-09-20T05:18:49.665648Z,2016-09-20T05:19:15.639579Z,2016-09-20T05:20:15.639579Z,earthquake,2.240455035,suspected,20160920T051849/BR_SDBA_20160920T051849.mseed,[],,[]
5605,usp2016smxv, - Error! pick.shape[0] != 1 (2),P,BR,,HHZ,-12.4085,-44.903,239.33417303788175,-10.47552776,-43.91759872,0.0,2016-09-20T05:19:54.546554Z,2016-09-20T05:18:49.665648Z,2016-09-20T05:19:43.546554Z,2016-09-20T05:20:43.546554Z,earthquake,2.240455035,suspected,20160920T051849/BR_SDBA_20160920T051849.mseed,[],,[]
5597,usp2016terc,"["" - Error! len(compo) != 3 (['Z'])""]",P,ON,,HHZ,-22.86516,-43.964094,375.3333427707804,-24.37223625,-47.25857925,0.0,2016-09-29T22:22:39.188969Z,2016-09-29T22:21:45.385192Z,2016-09-29T22:22:28.188969Z,2016-09-29T22:23:28.188969Z,earthquake,2.394270435,known,20160929T222145/ON_MAN01_20160929T222145.mseed,[],,[]
5581,usp2016tuux,"["" - Error! len(compo) != 3 (['E', 'E', 'E', 'E', 'E', 'E', 'E', 'E', 'E', 'E', 'E', 'E', 'E', 'E', 'E', 'E', 'E', 'E', 'E', 'E', 'E', 'E', 'E', 'E', 'E', 'E', 'E', 'E', 'E', 'E', 'E', 'E', 'E', 'E', 'E', 'N', 'N', 'N', 'N', 'N', 'N', 'N', 'N', 'N', 'N', 'N', 'N', 'N', 'N', 'N', 'N', 'N', 'N', 'N', 'N', 'N', 'N', 'N', 'N', 'N', 'N', 'N', 'N', 'N', 'N', 'N', 'N', 'N', 'N', 'N', 'Z', 'Z', 'Z', 'Z', 'Z', 'Z', 'Z', 'Z', 'Z', 'Z', 'Z', 'Z', 'Z', 'Z', 'Z', 'Z', 'Z', 'Z', 'Z', 'Z', 'Z', 'Z', 'Z', 'Z', 'Z', 'Z', 'Z', 'Z', 'Z', 'Z', 'Z', 'Z', 'Z', 'Z', 'Z'])""]",P,BX,,HHZ,-23.3932,-51.1177,286.0172457353939,-25.21097755,-49.11638641,0.0,2016-10-08T18:26:25.659759Z,2016-10-08T18:25:43.200366Z,2016-10-08T18:26:14.659759Z,2016-10-08T18:27:14.659759Z,earthquake,2.759656638,known,20161008T182543/BX_LDASE_20161008T182543.mseed,[],,[]
5578,usp2016tuux,"["" - Error! len(compo) != 3 (['Z'])""]",P,ON,,HHZ,-28.531839,-49.129072,367.9592080689064,-25.21097755,-49.11638641,0.0,2016-10-08T18:26:36.227783Z,2016-10-08T18:25:43.200366Z,2016-10-08T18:26:25.227783Z,2016-10-08T18:27:25.227783Z,earthquake,2.759656638,known,20161008T182543/ON_TER01_20161008T182543.mseed,[],,[]
5554,usp2016vojq,"["" - Error! len(compo) != 3 (['Z'])""]",P,ON,,HHZ,-21.825656,-41.657401,265.5129704514339,-20.22320747,-43.55771637,0.0,2016-11-02T17:02:23.767467Z,2016-11-02T17:01:42.793766Z,2016-11-02T17:02:12.767467Z,2016-11-02T17:03:12.767467Z,earthquake,2.519937857,suspected,20161102T170142/ON_CAM01_20161102T170142.mseed,[],,[]
5553,usp2016vojq,"["" - Error! len(compo) != 3 (['Z'])""]",P,ON,,HHZ,-22.86516,-43.964094,295.5410131502861,-20.22320747,-43.55771637,0.0,2016-11-02T17:02:27.359585Z,2016-11-02T17:01:42.793766Z,2016-11-02T17:02:16.359585Z,2016-11-02T17:03:16.359585Z,earthquake,2.519937857,suspected,20161102T170142/ON_MAN01_20161102T170142.mseed,[],,[]
5544,usp2016wquz,"["" - Error! len(compo) != 3 (['E', 'E', 'E', 'E', 'E', 'E', 'E', 'E', 'E', 'E', 'E', 'E', 'E', 'E', 'E', 'E', 'E', 'E', 'E', 'E', 'E', 'E', 'E', 'E', 'E', 'E', 'E', 'E', 'E', 'E', 'E', 'E', 'E', 'E', 'E', 'N', 'N', 'N', 'N', 'N', 'N', 'N', 'N', 'N', 'N', 'N', 'N', 'N', 'N', 'N', 'N', 'N', 'N', 'N', 'N', 'N', 'N', 'N', 'N', 'N', 'N', 'N', 'N', 'N', 'N', 'N', 'N', 'N', 'N', 'N', 'Z', 'Z', 'Z', 'Z', 'Z', 'Z', 'Z', 'Z', 'Z', 'Z', 'Z', 'Z', 'Z', 'Z', 'Z', 'Z', 'Z', 'Z', 'Z', 'Z', 'Z', 'Z', 'Z', 'Z', 'Z', 'Z', 'Z', 'Z', 'Z', 'Z', 'Z', 'Z', 'Z', 'Z', 'Z'])""]",P,BX,,HHZ,-23.3932,-51.1177,340.4421028371385,-24.77862549,-48.12887573,0.0,2016-11-18T06:35:10.872722Z,2016-11-18T06:34:21.600298Z,2016-11-18T06:34:59.872722Z,2016-11-18T06:35:59.872722Z,earthquake,2.445061745,known,20161118T063421/BX_LDASE_20161118T063421.mseed,[],,[]
5515,usp2017aeqf,"["" - Error! len(compo) != 3 (['E', 'E', 'N', 'N', 'Z', 'Z'])""]",P,BR,,HHZ,-2.8967,-44.1246,52.43176192311341,-3.33120656,-43.9357605,0.0,2017-01-03T12:43:53.040380Z,2017-01-03T12:43:42.589384Z,2017-01-03T12:43:42.040380Z,2017-01-03T12:44:42.040380Z,earthquake,4.60040845,known,20170103T124342/BR_ROSB_20170103T124342.mseed,[],,[]
5514,usp2017aeql,"["" - Error! len(compo) != 3 (['E', 'N', 'N', 'Z'])""]",P,BR,,HHZ,-2.8967,-44.1246,53.5794719634227,-3.34,-43.93,0.0,2017-01-03T12:50:54.983239Z,2017-01-03T12:50:48.000000Z,2017-01-03T12:50:43.983239Z,2017-01-03T12:51:43.983239Z,earthquake,3.003967759,known,20170103T125048/BR_ROSB_20170103T125048.mseed,[],,[]
5368,usp2017iylg,"["" - Error! len(compo) != 3 (['Z', 'Z', '1', '2'])""]",P,ON,,HHZ,-17.844167,-40.125667,381.74176754462826,-20.57685471,-42.34033585,0.0,2017-05-08T05:15:06.358287Z,2017-05-08T05:14:11.273921Z,2017-05-08T05:14:55.358287Z,2017-05-08T05:15:55.358287Z,earthquake,2.655916877,suspected,20170508T051411/ON_NAN01_20170508T051411.mseed,[],,[]
5139,usp2017vpug,"["" - Error! len(compo) != 3 (['Z', 'Z', '1', '2'])""]",P,ON,,HHZ,-17.844167,-40.125667,118.0614181220797,-18.14171028,-39.05516815,0.0,2017-11-04T11:31:13.989350Z,2017-11-04T11:30:52.810391Z,2017-11-04T11:31:02.989350Z,2017-11-04T11:32:02.989350Z,earthquake,1.892310571,,20171104T113052/ON_NAN01_20171104T113052.mseed,[],,[]
5006,usp2018gpod,"["" - Error! len(compo) != 3 (['E', 'N', 'Z', 'Z'])""]",P,BL,,HHZ,-10.8732,-55.7965,190.074931333855,-12.5679493,-56.08399582,0.0,2018-04-04T21:24:15.372746Z,2018-04-04T21:23:45.247929Z,2018-04-04T21:24:04.372746Z,2018-04-04T21:25:04.372746Z,earthquake,2.82055822,suspected,20180404T212345/BL_CLDB_20180404T212345.mseed,[],,[]
4869,usp2018ncfr,"['fft_list.shape != (237,50) ((181, 50))', 'fft_list.shape != (237,50) ((167, 50))', 'fft_list.shape != (237,50) ((188, 50))', 'find is False and len(spectro) == 0']",P,NB,,HHZ,-7.357693,-36.921745,238.12204934978,-5.523925781,-35.79345322,0.0,2018-07-06T05:07:16.726319Z,2018-07-06T05:06:39.886200Z,2018-07-06T05:07:05.726319Z,2018-07-06T05:08:05.726319Z,earthquake,1.956601251,suspected,20180706T050639/NB_NBLV_20180706T050639.mseed,[],3.492418227755896,[]
4829,usp2018onml,"['fft_list.shape != (237,50) ((127, 50))', 'fft_list.shape != (237,50) ((134, 50))', 'fft_list.shape != (237,50) ((128, 50))', 'find is False and len(spectro) == 0']",P,NB,,HHZ,-5.543242,-39.583619,287.2827178983162,-5.821124077,-37.00513077,0.0,2018-07-26T14:33:39.041262Z,2018-07-26T14:32:57.292554Z,2018-07-26T14:33:28.041262Z,2018-07-26T14:34:28.041262Z,earthquake,1.844995647,known,20180726T143257/NB_NBPB_20180726T143257.mseed,[],2.5855027601289566,[]
4756,usp2018shns,"["" - Error! len(compo) != 3 (['Z', 'Z', '1', '2'])""]",P,ON,,HHZ,-17.844167,-40.125667,164.11524826285347,-16.44741631,-40.64377594,0.0,2018-09-18T06:32:17.566399Z,2018-09-18T06:31:49.987534Z,2018-09-18T06:32:06.566399Z,2018-09-18T06:33:06.566399Z,earthquake,1.887970837,known,20180918T063149/ON_NAN01_20180918T063149.mseed,[],,[]
4736,usp2018sinc,"["" - Error! len(compo) != 3 (['E', 'N'])""]",P,BR,,HHZ,-2.8967,-44.1246,388.088600249227,-3.468259573,-40.67958832,0.0,2018-09-18T19:21:20.445533Z,2018-09-18T19:20:25.890762Z,2018-09-18T19:21:09.445533Z,2018-09-18T19:22:09.445533Z,earthquake,3.055921097,known,20180918T192025/BR_ROSB_20180918T192025.mseed,[],,[]
4282,usp2019kcjz,"["" - Error! len(compo) != 3 (['E', 'E', 'N', 'N', 'Z', 'Z'])""]",P,BR,,HHZ,-11.9742,-51.2943,359.6288300343461,-15.18682098,-50.78798294,0.0,2019-05-24T14:41:36.039768Z,2019-05-24T14:40:43.494224Z,2019-05-24T14:41:25.039768Z,2019-05-24T14:42:25.039768Z,earthquake,2.994855983,known,20190524T144043/BR_SNDB_20190524T144043.mseed,[],,[]
3947,usp2019xvje,"["" - Error! len(compo) != 3 (['E', 'N', 'Z', 'Z'])""]",P,BL,,HHZ,-16.8467,-41.9597,377.6265753379313,-18.994,-44.72966667,0.0,2019-12-05T23:49:31.652496Z,2019-12-05T23:48:36.679999Z,2019-12-05T23:49:20.652496Z,2019-12-05T23:50:20.652496Z,earthquake,2.702045276,suspected,20191205T234836/BL_ARCA_20191205T234836.mseed,[],,[]
3532,usp2020kqww,"["" - Error! len(compo) != 3 (['E', 'E', 'N', 'N', 'N', 'Z', 'Z', 'Z', 'Z'])""]",P,BR,,HHZ,-11.9742,-51.2943,379.5482937049494,-15.18966293,-50.07171249,0.0,2020-05-31T13:06:39.454836Z,2020-05-31T13:05:46.090029Z,2020-05-31T13:06:28.454836Z,2020-05-31T13:07:28.454836Z,earthquake,3.41483216,suspected,20200531T130546/BR_SNDB_20200531T130546.mseed,[],,[]
3491,usp2020mejw,"["" - Error! len(compo) != 3 (['E', 'E', 'E', 'E', 'E', 'N', 'N', 'N', 'N', 'Z', 'Z', 'Z', 'Z'])""]",P,BL,,HHZ,-22.79461,-52.63569,299.8917310612952,-21.80296707,-49.92740631,0.0,2020-06-22T03:58:16.218738Z,2020-06-22T03:57:31.693184Z,2020-06-22T03:58:05.218738Z,2020-06-22T03:59:05.218738Z,earthquake,2.179449159,known,20200622T035731/BL_TRCB_20200622T035731.mseed,[],,[]
3451,usp2020nkhq,"['fft_list.shape != (237,50) ((236, 50))', 'fft_list.shape != (237,50) ((234, 50))', 'find is True and len(spectro) == 1']",P,BL,,HHZ,-22.79461,-52.63569,160.08107878755806,-23.25597763,-51.15564728,0.0,2020-07-09T15:10:45.194302Z,2020-07-09T15:10:18.908151Z,2020-07-09T15:10:34.194302Z,2020-07-09T15:11:34.194302Z,earthquake,1.623131388,known,20200709T151018/BL_TRCB_20200709T151018.mseed,[],2.2328365201551295,[]
3433,usp2020odll,"["" - Error! len(compo) != 3 (['E', 'E', 'E', 'N', 'N', 'Z', 'Z', 'Z'])""]",P,BR,,HHZ,-15.058097,-44.311197,164.29134984879568,-13.5867548,-44.10596466,0.0,2020-07-20T02:42:18.396510Z,2020-07-20T02:41:51.346043Z,2020-07-20T02:42:07.396510Z,2020-07-20T02:43:07.396510Z,earthquake,2.526622835,suspected,20200720T024151/BR_JANB_20200720T024151.mseed,[],,[]
3434,usp2020odll,"["" - Error! len(compo) != 3 (['E', 'E', 'E', 'N', 'N', 'N', 'Z', 'Z'])""]",P,BR,,HHZ,-12.4085,-44.903,156.42120977287178,-13.5867548,-44.10596466,0.0,2020-07-20T02:42:17.995648Z,2020-07-20T02:41:51.346043Z,2020-07-20T02:42:06.995648Z,2020-07-20T02:43:06.995648Z,earthquake,2.526622835,suspected,20200720T024151/BR_SDBA_20200720T024151.mseed,[],,[]
3226,usp2020rniy,"["" - Error! len(compo) != 3 (['1', '1', '1', '2', 'Z'])""]",P,VL,,HHZ,-20.4192,-43.9133,383.9484039510029,-18.84290504,-47.17414093,0.0,2020-09-06T05:24:37.159009Z,2020-09-06T05:23:42.237612Z,2020-09-06T05:24:26.159009Z,2020-09-06T05:25:26.159009Z,earthquake,2.900786339,suspected,20200906T052342/VL_FABR_20200906T052342.mseed,[],,[]
3165,usp2020stqk,"["" - Error! len(compo) != 3 (['E', 'N', 'N', 'Z'])""]",P,BL,,HHZ,-22.79461,-52.63569,350.33433502747835,-19.98079872,-54.18094254,0.0,2020-09-23T21:31:35.184507Z,2020-09-23T21:30:44.479705Z,2020-09-23T21:31:24.184507Z,2020-09-23T21:32:24.184507Z,earthquake,2.404831294,suspected,20200923T213044/BL_TRCB_20200923T213044.mseed,[],,[]
3028,usp2020ycvt,"["" - Error! len(compo) != 3 (['E', 'E', 'N', 'N', 'Z', 'Z'])""]",P,NB,,HHZ,-9.121932,-38.063215,352.86541995607416,-11.18327236,-40.52086258,0.0,2020-12-09T02:08:33.917105Z,2020-12-09T02:07:42.800546Z,2020-12-09T02:08:22.917105Z,2020-12-09T02:09:22.917105Z,earthquake,2.966408346,known,20201209T020742/NB_NBTA_20201209T020742.mseed,[],,[]
2975,usp2021bmrw,"["" - Error! len(compo) != 3 (['E', 'N', 'N', 'Z'])""]",P,BL,,HHZ,-20.2896,-46.3921,122.10147518578928,-19.38966667,-45.71816667,0.0,2021-01-22T04:12:15.607197Z,2021-01-22T04:11:55.840000Z,2021-01-22T04:12:04.607197Z,2021-01-22T04:13:04.607197Z,earthquake,3.020568183,known,20210122T041155/BL_CANS_20210122T041155.mseed,[],,[]
2944,usp2021bysn,"["" - Error! len(compo) != 3 (['E', 'E', 'E', 'E', 'E', 'N', 'Z'])""]",P,BL,,HHZ,-20.2896,-46.3921,260.429700632138,-20.87861252,-48.81055069,0.0,2021-01-28T18:09:27.491245Z,2021-01-28T18:08:47.834271Z,2021-01-28T18:09:16.491245Z,2021-01-28T18:10:16.491245Z,earthquake,2.761645041,known,20210128T180847/BL_CANS_20210128T180847.mseed,[],,[]
2799,usp2021gayn,"['fft_list.shape != (237,50) ((223, 50))', 'fft_list.shape != (237,50) ((226, 50))', 'fft_list.shape != (237,50) ((216, 50))', 'find is False and len(spectro) == 0']",P,NB,,HHZ,-6.417527,-35.290516,254.08882246774127,-5.870241642,-37.52006912,0.0,2021-03-27T21:36:15.400981Z,2021-03-27T21:35:36.414292Z,2021-03-27T21:36:04.400981Z,2021-03-27T21:37:04.400981Z,earthquake,2.490423531,known,20210327T213536/NB_NBPV_20210327T213536.mseed,[],4.924122180635979,[]
2202,usp2022bnyz,"["" - Error! len(compo) != 3 (['E', 'E', 'N', 'N', 'Z', 'Z'])""]",P,NB,,HHZ,-3.310348,-40.042927,178.1500683044042,-3.562148333,-38.45941544,10000.0,2022-01-22T20:55:34.459975Z,2022-01-22T20:55:06.350627Z,2022-01-22T20:55:23.459975Z,2022-01-22T20:56:23.459975Z,earthquake,2.509799806,known,20220122T205506/NB_NBMO_20220122T205506.mseed,[],,[]
1454,usp2023ajns,"['fft_list.shape != (237,50) ((236, 50))', 'fft_list.shape != (237,50) ((236, 50))', 'fft_list.shape != (237,50) ((236, 50))', 'find is False and len(spectro) == 0']",P,NB,,HHZ,-10.847009,-40.198957,117.12765608942664,-9.855293274,-39.82401657,0.0,2023-01-06T05:09:43.000000Z,2023-01-06T05:09:22.841341Z,2023-01-06T05:09:32.000000Z,2023-01-06T05:10:32.000000Z,earthquake,2.428939905,known,20230106T050922/NB_NBPN_20230106T050922.mseed,[],4.874088551271221,[]
1036,usp2023kdrt,"['fft_list.shape != (237,50) ((236, 50))', 'fft_list.shape != (237,50) ((236, 50))', 'fft_list.shape != (237,50) ((236, 50))', 'find is False and len(spectro) == 0']",P,NB,,HHZ,-4.224377,-38.291041,315.6816864794484,-2.974648952,-40.84575653,0.0,2023-05-25T07:44:35.500000Z,2023-05-25T07:43:48.994366Z,2023-05-25T07:44:24.500000Z,2023-05-25T07:45:24.500000Z,earthquake,1.933751592,known,20230525T074348/NB_NBCL_20230525T074348.mseed,[],2.4770228762321675,[]
992,usp2023lqzp,"["" - Error! len(compo) != 3 (['E', 'E', 'N', 'N', 'Z', 'Z'])""]",P,BR,,HHZ,-15.058097,-44.311197,168.23420998366234,-15.88852978,-42.99796295,0.0,2023-06-15T20:00:35.666665Z,2023-06-15T20:00:08.035501Z,2023-06-15T20:00:24.666665Z,2023-06-15T20:01:24.666665Z,earthquake,2.499032593,known,20230615T200008/BR_JANB_20230615T200008.mseed,[],,[]
745,usp2023tffw,"['fft_list.shape != (237,50) ((84, 50))', 'fft_list.shape != (237,50) ((78, 50))', 'find is True and len(spectro) == 1']",P,BR,,HHZ,-11.9742,-51.2943,316.9284425313364,-13.52966667,-48.84333333,0.0,2023-10-01T05:49:44.093824Z,2023-10-01T05:48:57.869999Z,2023-10-01T05:49:33.093824Z,2023-10-01T05:50:33.093824Z,earthquake,3.020935818,suspected,20231001T054857/BR_SNDB_20231001T054857.mseed,[],4.890744652604,[]
604,usp2023xmoi,"["" - Error! len(compo) != 3 (['E', 'E', 'N', 'N', 'Z', 'Z', 'Z'])""]",P,BL,,HHZ,-18.2952,-43.6648,159.48357668789615,-18.58016667,-45.14466667,0.0,2023-12-01T04:12:27.601609Z,2023-12-01T04:12:00.900000Z,2023-12-01T04:12:16.601609Z,2023-12-01T04:13:16.601609Z,earthquake,3.147284317,known,20231201T041200/BL_DIAM_20231201T041200.mseed,[],,[]
594,usp2023xtqq,"["" - Error! len(compo) != 3 (['2', '2', '2', '2', '2', '2', '1', '1', '1', '1', '1', '1', '1', 'Z', 'Z', 'Z'])""]",P,BL,,HHZ,-29.3148,-50.8533,235.56619809662016,-28.47956276,-53.07425308,0.0,2023-12-05T01:19:04.405512Z,2023-12-05T01:18:27.989427Z,2023-12-05T01:18:53.405512Z,2023-12-05T01:19:53.405512Z,earthquake,2.518986055,suspected,20231205T011827/BL_CNLB_20231205T011827.mseed,[],,[]
469,usp2024dnyp,"["" - Error! len(compo) != 3 (['E', 'N', 'N', 'Z', 'Z'])""]",P,BR,,HHZ,-15.706,-51.812,328.28508324237333,-13.61304855,-49.65170288,0.0,2024-02-20T07:49:29.811968Z,2024-02-20T07:48:41.519711Z,2024-02-20T07:49:18.811968Z,2024-02-20T07:50:18.811968Z,earthquake,2.9422201,known,20240220T074841/BR_ARAG_20240220T074841.mseed,[],,[]
444,usp2024eite,"['fft_list.shape != (237,50) ((233, 50))', 'fft_list.shape != (237,50) ((233, 50))', 'fft_list.shape != (237,50) ((233, 50))', 'find is False and len(spectro) == 0']",P,BL,,HHZ,-20.9984,-44.7635,182.19999306340327,-19.41266667,-44.29683333,0.0,2024-03-02T16:55:11.625989Z,2024-03-02T16:54:42.479999Z,2024-03-02T16:55:00.625989Z,2024-03-02T16:56:00.625989Z,earthquake,2.717841097,known,20240302T165442/BL_BSCB_20240302T165442.mseed,[],4.952342622661528,[]
28,usp2024omrh,"["" - Error! len(compo) != 3 (['E', 'N', 'N', 'N', 'Z'])""]",P,BL,,HHZ,-23.3439,-49.564,374.5401854473917,-20.03317261,-48.82185745,0.0,2024-07-25T03:53:18.739816Z,2024-07-25T03:52:24.962773Z,2024-07-25T03:53:07.739816Z,2024-07-25T03:54:07.739816Z,earthquake,2.366963892,known,20240725T035224/BL_FRTB_20240725T035224.mseed,[],,[]
