ID,Label
20150912T232435,0
20180131T052234,0
20150806T102128,0
20170309T022256,0
20180123T022350,0
20190425T031002,0
20190715T061550,0
20140522T054256,0
20190218T070046,0
20200822T012344,0
20220411T014555,0
20170818T083122,0
20210902T065455,0
20140806T002623,0
20160111T023934,0
20180813T103911,0
20210607T013211,0
20230424T230338,0
20230506T095659,0
20140525T042636,0
20140804T024559,0
20150730T053441,0
20150805T230439,0
20200323T051958,0
20230415T233100,0
20230801T064127,0
20170309T020159,0
20200307T031349,0
20200323T074347,0
20200526T055423,0
20220304T082751,0
20220502T015416,0
20230415T013455,0
20140515T060338,0
20140522T054726,0
20150910T233300,0
20160119T104255,0
20160320T025046,0
20190817T064950,0
20200119T075836,0
20200426T051054,0
20201101T022509,0
20210610T014044,0
20210610T080639,0
20211209T020620,0
20220402T040631,0
20141001T064241,0
20160304T005630,0
20160312T053735,0
20160915T022240,0
20180122T235038,0
20180927T095909,0
20190130T054247,0
20190130T055322,0
20190428T104540,0
20190715T054958,0
20200226T033115,0
20200430T061402,0
20200629T073622,0
20210512T103742,0
20210706T044700,0
20210713T231430,0
20220126T041622,0
20230317T053407,0
20231127T044816,0
20151020T010403,0
20160119T095801,0
20160329T022826,0
20160329T023014,0
20160428T030251,0
20160912T231213,0
20170607T051831,0
20180424T074748,0
20181008T235127,0
20190130T054716,0
20190130T060218,0
20190318T022049,0
20190426T000522,0
20200211T234936,0
20200909T053729,0
20201101T010313,0
20201101T010418,0
20210127T015002,0
20210127T035307,0
20210209T090930,0
20210222T051528,0
20210330T022417,0
20210416T035904,0
20210614T045152,0
20210725T042455,0
20220617T012914,0
20120124T044152,0
20140804T024634,0
20150622T223108,0
20160113T025937,0
20160205T024144,0
20160630T222641,0
20160806T090409,0
20160915T022146,0
20170803T070813,0
20180421T000824,0
20190426T051537,0
20200426T044505,0
20200506T013139,0
20200510T013436,0
20200511T042004,0
20200527T022024,0
20200709T095310,0
20200823T092657,0
20200827T061851,0
20200909T054012,0
20200910T062943,0
20200911T052508,0
20200914T074127,0
20200923T053113,0
20210219T081043,0
20220114T030457,0
20220115T073900,0
20220116T072451,0
20220127T060702,0
20220131T044408,0
20220530T014839,0
20220609T015830,0
20230409T093339,0
20120328T235240,0
20120508T040933,0
20140522T052802,0
20150729T100841,0
20150816T015944,0
20150914T012938,0
20160229T084543,0
20160312T073113,0
20160401T102848,0
20170607T052844,0
20180821T000722,0
20190209T012949,0
20190217T045002,0
20190618T022518,0
20190711T031426,0
20190902T060718,0
20200223T061712,0
20200228T082331,0
20200317T022922,0
20200330T033011,0
20200424T223527,0
20200429T024524,0
20200508T101412,0
20200512T042943,0
20200524T073437,0
20200909T030913,0
20200921T050037,0
20201224T091051,0
20210127T104815,0
20210307T224450,0
20210605T233657,0
20210607T013507,0
20210809T034019,0
20211222T054811,0
20220409T024256,0
20220430T051008,0
20220509T092019,0
20220523T063523,0
20220529T223507,0
20220617T004026,0
20221001T011641,0
20221120T093220,0
20230406T062419,0
20230423T070415,0
20230504T031338,0
20231128T055040,0
20121003T045247,0
20140408T083352,0
20140627T010741,0
20140804T015637,0
20150206T221005,0
20150219T014951,0
20150616T041704,0
20150726T002440,0
20151214T081606,0
20160210T021608,0
20160323T025850,0
20160624T035721,0
20170530T031211,0
20170713T222940,0
20180416T042031,0
20181112T232337,0
20190128T022047,0
20190610T231529,0
20190711T032300,0
20190722T100704,0
20191230T013102,0
20200406T032120,0
20200506T012645,0
20200817T022447,0
20200831T072728,0
20200901T063136,0
20200906T035835,0
20200914T105152,0
20200929T023053,0
20210124T042330,0
20210219T084010,0
20210227T003752,0
20210429T054506,0
20210517T232728,0
20210518T052318,0
20210618T044903,0
20210825T024402,0
20210830T005213,0
20210921T032745,0
20210922T024809,0
20220113T223033,0
20220115T093422,0
20220127T021737,0
20220523T062019,0
20220711T080939,0
20221106T050844,0
20230227T071709,0
20230408T045507,0
20230424T084101,0
20231124T054613,0
20231209T041003,0
20130112T071043,0
20140805T091724,0
20140821T095504,0
20150402T024219,0
20150510T093453,0
20151110T061702,0
20151116T053444,0
20160225T041417,0
20160225T050358,0
20160706T024859,0
20161004T093002,0
20180129T221741,0
20180318T093841,0
20180406T231848,0
20180520T044721,0
20180918T063149,0
20191231T032430,0
20200225T031433,0
20200311T011126,0
20200405T005135,0
20200703T053227,0
20200801T235524,0
20200827T060152,0
20200903T031250,0
20200909T021811,0
20201112T093530,0
20210115T223636,0
20210126T040603,0
20210127T082750,0
20210218T034741,0
20210221T050759,0
20210426T050212,0
20210719T043933,0
20220115T020750,0
20220115T222345,0
20220119T045721,0
20220207T003052,0
20220616T060626,0
20220623T095222,0
20220707T031545,0
20220801T033625,0
20220807T041426,0
20220824T070800,0
20221127T092442,0
20230121T055828,0
20230413T080838,0
20230417T033237,0
20230502T234010,0
20230525T074348,0
20230825T002817,0
20240226T063440,0
20130121T051932,0
20131101T010514,0
20131105T040632,0
20131105T052806,0
20140415T011726,0
20140709T221201,0
20141013T082921,0
20150124T041249,0
20150205T005327,0
20150417T001528,0
20150510T093501,0
20150701T233445,0
20151025T051551,0
20151219T072257,0
20160112T034435,0
20160223T025039,0
20160226T024227,0
20160321T081205,0
20160324T014943,0
20160329T033520,0
20170726T011237,0
20170908T035231,0
20170918T082424,0
20180311T081623,0
20180706T050639,0
20180814T010407,0
20181112T230735,0
20190119T073540,0
20190323T063609,0
20190803T234119,0
20191113T051534,0
20200226T025545,0
20200309T021836,0
20200414T231356,0
20200418T015540,0
20200427T062057,0
20200518T044504,0
20200625T010257,0
20200819T040324,0
20200824T005740,0
20200826T070644,0
20200902T010119,0
20200904T023048,0
20200926T060319,0
20201117T094056,0
20201218T224056,0
20210128T105750,0
20210725T035322,0
20210803T025750,0
20220114T025238,0
20220115T063206,0
20220118T231113,0
20220119T040602,0
20220128T055738,0
20220408T010013,0
20220508T104859,0
20220512T052530,0
20220530T012740,0
20220621T234323,0
20220627T010819,0
20220807T041732,0
20221030T040848,0
20221129T022727,0
20221204T040530,0
20230123T102042,0
20230208T031948,0
20230314T064720,0
20230804T053140,0
20230829T033517,0
20231014T001925,0
20231119T032020,0
20120423T092847,0
20120426T084528,0
20131102T102534,0
20131201T222951,0
20140513T024937,0
20150203T034729,0
20150205T073351,0
20150310T002225,0
20150418T004620,0
20150505T014136,0
20150830T032940,0
20150923T043056,0
20151110T074558,0
20160111T033106,0
20160118T031902,0
20160212T021004,0
20160214T025056,0
20160225T014806,0
20160226T050803,0
20160311T024819,0
20160323T013814,0
20160420T023435,0
20160702T022452,0
20161007T025118,0
20161122T032920,0
20161227T062117,0
20161228T223420,0
20170419T053108,0
20171004T070839,0
20180118T235636,0
20180507T081037,0
20180725T232826,0
20180806T072240,0
20180825T000244,0
20181113T015206,0
20181221T234103,0
20190323T065726,0
20190427T034215,0
20190519T042432,0
20190527T003516,0
20190722T230324,0
20200106T222816,0
20200301T084519,0
20200311T003249,0
20200508T001803,0
20200607T231013,0
20200807T035325,0
20200817T090610,0
20200903T022157,0
20200906T003324,0
20201013T070104,0
20201102T040639,0
20201207T072550,0
20201220T005730,0
20210128T101751,0
20210628T060157,0
20210803T064559,0
20210807T102424,0
20210816T011932,0
20210906T063826,0
20211113T065314,0
20220119T053400,0
20220208T013815,0
20220219T045814,0
20220316T224751,0
20220329T091355,0
20220410T073351,0
20220426T060951,0
20220426T061720,0
20220429T064634,0
20220513T024116,0
20220513T040705,0
20220516T021737,0
20220609T003628,0
20220615T001427,0
20220801T025933,0
20220808T230947,0
20221010T063535,0
20221213T032627,0
20221214T012844,0
20230305T044001,0
20230324T022607,0
20230401T101337,0
20230405T221104,0
20230408T045653,0
20230410T061830,0
20230516T000856,0
20230522T225110,0
20230902T053155,0
20231003T051534,0
20231107T075251,0
20231118T011338,0
20240202T061237,0
20240204T095650,0
20120501T084838,0
20130118T001934,0
20140309T060229,0
20140317T065529,0
20150402T230218,0
20150525T013953,0
20150706T023642,0
20151106T035536,0
20160304T001055,0
20160405T043355,0
20160405T093622,0
20160406T004735,0
20160510T223505,0
20160519T032023,0
20160709T081531,0
20160712T020115,0
20160718T220717,0
20160827T030239,0
20160906T034820,0
20160920T051849,0
20161021T030200,0
20170219T225500,0
20170228T092348,0
20170301T082811,0
20170329T044804,0
20170511T012933,0
20170906T090928,0
20171030T090123,0
20180706T033645,0
20190112T095407,0
20190314T085256,0
20190326T053758,0
20190423T065318,0
20190508T103420,0
20190514T064336,0
20190607T092900,0
20190608T233224,0
20190716T224043,0
20190728T103334,0
20191108T222939,0
20191214T021846,0
20200114T223446,0
20200220T080331,0
20200622T035731,0
20200713T020603,0
20201018T022117,0
20201120T025057,0
20201123T050604,0
20201129T053141,0
20210107T024629,0
20210209T101418,0
20210220T003207,0
20210319T053957,0
20210811T052812,0
20211021T041424,0
20220120T080600,0
20220305T052219,0
20220425T021655,0
20220514T012949,0
20220522T221259,0
20220526T232337,0
20220531T003858,0
20220601T031734,0
20220601T071540,0
20220628T072833,0
20221124T020235,0
20230209T092620,0
20230314T064621,0
20230402T073349,0
20230413T015223,0
20230623T055511,0
20230824T083808,0
20230919T011335,0
20231005T094012,0
20231027T082013,0
20231119T093038,0
20231214T051903,0
20240211T221302,0
20120217T071112,0
20120506T224855,0
20140604T235716,0
20141020T074925,0
20150120T010753,0
20150205T070120,0
20150311T035748,0
20150910T232853,0
20151025T051950,0
20151116T053752,0
20151219T070427,0
20151219T095702,0
20160317T032234,0
20160323T082619,0
20160604T033149,0
20160615T061510,0
20160716T101104,0
20160719T051328,0
20170401T005518,0
20170808T100417,0
20180126T070102,0
20180319T061432,0
20180411T105157,0
20180615T071604,0
20180617T005510,0
20180825T233851,0
20190120T043649,0
20190318T024155,0
20190620T090509,0
20190925T070153,0
20190927T234649,0
20200321T024751,0
20200608T081910,0
20200731T090344,0
20200807T234547,0
20200829T052329,0
20200911T052910,0
20200912T022906,0
20201028T065445,0
20201202T220830,0
20210211T080926,0
20210307T231752,0
20210608T083124,0
20210730T001629,0
20210901T220211,0
20211105T060938,0
20220105T051005,0
20220216T071523,0
20220219T050915,0
20220220T003357,0
20220304T025858,0
20220314T064307,0
20220320T101722,0
20220321T013358,0
20220407T090019,0
20220414T090320,0
20220421T072833,0
20220505T084217,0
20221120T033647,0
20221213T012537,0
20230204T053737,0
20230317T011107,0
20230422T064210,0
20230427T034454,0
20230527T043435,0
20230527T050737,0
20230603T094907,0
20230609T103914,0
20230623T042433,0
20230716T061213,0
20230718T224411,0
20230808T033623,0
20230825T094743,0
20230904T094023,0
20230904T095456,0
20230906T230219,0
20231026T093841,0
20231214T005218,0
20240114T231931,0
20240130T014853,0
20130213T045908,0
20140130T234800,0
20150328T022633,0
20150811T010849,0
20151113T020431,0
20160120T023107,0
20160128T013601,0
20160214T051018,0
20160305T225159,0
20160406T002758,0
20160428T064727,0
20160708T070029,0
20160727T052915,0
20160910T084211,0
20160929T222145,0
20161118T063421,0
20170405T233728,0
20170611T054310,0
20170803T070032,0
20170930T050354,0
20180313T063506,0
20180928T024149,0
20181206T015357,0
20190215T093341,0
20200314T102953,0
20200628T035321,0
20200911T095706,0
20200925T004934,0
20200929T022800,0
20210303T102458,0
20210604T041559,0
20210607T100809,0
20210701T101206,0
20220115T074557,0
20220119T003641,0
20220127T032526,0
20220417T032113,0
20220508T074848,0
20220731T033446,0
20220907T082841,0
20221101T105741,0
20230106T050922,0
20230130T223518,0
20230206T022326,0
20230224T005629,0
20230503T044129,0
20230805T035238,0
20231111T052909,0
20231115T223938,0
20231116T092253,0
20240116T074107,0
20120911T230541,0
20130511T024543,0
20130730T095231,0
20131101T220749,0
20140627T014759,0
20140927T220000,0
20141012T063230,0
20150110T034929,0
20150326T022456,0
20150508T085105,0
20150706T024208,0
20150713T090136,0
20150728T071351,0
20151025T052231,0
20160109T015822,0
20160117T000640,0
20160302T065914,0
20160709T055959,0
20160805T070125,0
20170203T043541,0
20170506T084941,0
20170803T104146,0
20171222T095403,0
20180524T000842,0
20180808T050854,0
20180911T055719,0
20181118T052906,0
20190318T021749,0
20190423T073809,0
20190508T003152,0
20190618T092819,0
20190704T105303,0
20190718T010558,0
20190905T054357,0
20191017T230702,0
20191027T072011,0
20200316T092459,0
20200407T045926,0
20200610T075535,0
20200707T232203,0
20200720T024151,0
20200830T104346,0
20200901T093628,0
20200926T045948,0
20201213T083410,0
20210919T081702,0
20211001T092637,0
20220128T063039,0
20220129T103732,0
20220219T051005,0
20220304T082940,0
20220326T034039,0
20220411T231849,0
20220413T074411,0
20220627T081638,0
20220804T103929,0
20220819T093316,0
20230121T044812,0
20230207T084631,0
20230530T072227,0
20230619T032911,0
20230619T055750,0
20230623T042457,0
20230823T012531,0
20231026T011806,0
20130523T041656,0
20140823T042704,0
20140823T094331,0
20141006T073233,0
20160213T090250,0
20160215T023528,0
20160707T220936,0
20160709T041530,0
20160904T063805,0
20161119T030531,0
20170305T084611,0
20170711T055815,0
20180313T030653,0
20180821T001926,0
20181115T221146,0
20190328T011211,0
20190514T063803,0
20191005T062622,0
20200116T235018,0
20200604T225457,0
20210125T060751,0
20210414T061654,0
20210607T043450,0
20210817T021653,0
20220330T060848,0
20230101T002438,0
20230420T084931,0
20230727T004714,0
20230806T230711,0
20231207T045357,0
20231216T100648,0
20131024T223441,0
20131027T030206,0
20140906T231119,0
20140923T074219,0
20141115T024836,0
20141230T223240,0
20150605T012942,0
20151113T020704,0
20160122T051645,0
20160130T074026,0
20160428T072609,0
20160520T232723,0
20170327T070141,0
20170506T231457,0
20170508T051411,0
20170612T012347,0
20170619T064704,0
20170803T062546,0
20170926T045101,0
20180908T052354,0
20190109T085554,0
20190310T044822,0
20190724T054603,0
20191205T234836,0
20200114T231900,0
20200122T221808,0
20200712T035821,0
20200919T090611,0
20201208T095621,0
20210501T071331,0
20210624T022728,0
20210725T045745,0
20210803T090419,0
20220224T234848,0
20220520T223631,0
20220921T085054,0
20230421T021037,0
20230513T083310,0
20230523T063654,0
20231105T043523,0
20240116T052639,0
20120321T095134,0
20120714T064016,0
20130304T074218,0
20141113T095633,0
20150204T232235,0
20150709T020728,0
20150712T094645,0
20150814T233818,0
20151025T051619,0
20151113T015223,0
20151202T014115,0
20160328T024141,0
20160408T000506,0
20160808T020217,0
20160811T004456,0
20160811T052723,0
20170107T022741,0
20170312T022739,0
20170312T055537,0
20170325T220854,0
20180512T023623,0
20181204T043952,0
20181220T004920,0
20190131T082234,0
20190606T225530,0
20190724T051019,0
20190830T014731,0
20200508T004843,0
20200517T232053,0
20200608T062011,0
20210509T002222,0
20210613T033215,0
20211230T081755,0
20220112T034849,0
20220222T020337,0
20220518T072049,0
20220626T091718,0
20220706T021412,0
20220902T035742,0
20221202T095601,0
20230516T000725,0
20230927T084749,0
20231120T065713,0
20120506T000248,0
20121223T060642,0
20130203T084751,0
20140408T025523,0
20141101T062236,0
20141116T055114,0
20150921T222833,0
20151106T042035,0
20151106T104836,0
20151115T105508,0
20160423T075940,0
20170305T010946,0
20170315T050539,0
20170603T004127,0
20171015T060042,0
20171027T091852,0
20180225T022624,0
20180726T040421,0
20180922T223703,0
20190320T103237,0
20191022T061547,0
20191114T064944,0
20200117T075903,0
20200617T014050,0
20200906T052342,0
20201011T010758,0
20201016T231450,0
20210221T231414,0
20210814T035949,0
20210915T053919,0
20220322T080825,0
20220430T005317,0
20220604T013349,0
20220901T071235,0
20221228T034230,0
20230201T013535,0
20230723T053906,0
20230803T045837,0
20120122T071034,0
20130205T010256,0
20131115T074234,0
20140211T035633,0
20140619T043928,0
20150215T082713,0
20150330T033237,0
20150401T080908,0
20150414T225048,0
20160103T002536,0
20160226T052939,0
20160716T102246,0
20161004T011759,0
20170104T003020,0
20170104T100842,0
20180914T060824,0
20190121T090130,0
20190802T033113,0
20191227T031640,0
20200329T015451,0
20200426T004442,0
20201209T020742,0
20210122T041155,0
20210207T052922,0
20210317T013835,0
20210328T055001,0
20210514T235753,0
20210916T064825,0
20220110T231336,0
20220615T092105,0
20221103T074222,0
20230121T040827,0
20230623T042503,0
20231001T054857,0
20231126T030308,0
20120221T063526,0
20120424T013412,0
20131202T061640,0
20150521T021213,0
20150605T233220,0
20151106T035654,0
20160120T023346,0
20160324T080526,0
20160422T084616,0
20160709T034723,0
20160813T022641,0
20160908T084827,0
20170104T092104,0
20170224T022129,0
20170324T090518,0
20180125T012720,0
20180627T011745,0
20181102T231727,0
20200120T101729,0
20210213T105453,0
20210218T070613,0
20210220T090940,0
20210407T004041,0
20210725T030632,0
20210802T035950,0
20211125T072727,0
20211210T021713,0
20230421T064000,0
20230921T072432,0
20231201T041200,0
20231214T023358,0
20231229T052539,0
20131127T055006,0
20140828T103505,0
20141207T104705,0
20150110T065510,0
20161029T034731,0
20170604T062347,0
20181219T235415,0
20190501T062939,0
20200610T075222,0
20210303T034320,0
20220220T082520,0
20220515T064527,0
20230130T042848,0
20230203T041754,0
20230525T045126,0
20230730T234659,0
20120314T104046,0
20130730T042204,0
20140603T004536,0
20141123T004607,0
20150720T220042,0
20151023T065311,0
20170902T063339,0
20170921T083357,0
20171001T014621,0
20180311T090545,0
20180820T101532,0
20181009T013406,0
20181027T063657,0
20181106T003834,0
20190808T232826,0
20191109T073024,0
20191112T104033,0
20191117T014639,0
20191209T053550,0
20201226T044209,0
20121222T085622,0
20130418T101050,0
20141220T003615,0
20150226T093900,0
20160314T094816,0
20160502T092116,0
20160722T044957,0
20170227T070540,0
20170719T224601,0
20170909T041339,0
20180131T102400,0
20190419T023033,0
20190913T224641,0
20200707T221707,0
20210219T085146,0
20210414T065716,0
20210515T042716,0
20221103T075758,0
20160302T051917,0
20160304T104723,0
20170324T090601,0
20170822T030609,0
20170827T083100,0
20170831T064100,0
20170918T031650,0
20191104T104330,0
20191125T232726,0
20200831T064149,0
20210305T235426,0
20210330T222940,0
20210419T032219,0
20210420T020842,0
20210608T022853,0
20210615T095204,0
20210725T032659,0
20220914T014434,0
20130622T060447,0
20140715T062541,0
20140911T031358,0
20141116T051723,0
20160913T062903,0
20190517T022848,0
20190905T222314,0
20210205T045303,0
20210303T033512,0
20210422T010401,0
20210915T090958,0
20220401T082514,0
20150601T042709,0
20160831T084218,0
20170618T062206,0
20171019T104450,0
20181122T083713,0
20190418T081144,0
20190731T061050,0
20201204T070823,0
20210408T064432,0
20210706T064034,0
20210814T002553,0
20211109T042615,0
20220415T084557,0
20130227T232852,0
20150907T042125,0
20160113T070957,0
20160501T023328,0
20160515T063815,0
20160617T024048,0
20160716T102457,0
20160813T043507,0
20170301T224633,0
20190617T220820,0
20190717T074707,0
20210202T042631,0
20210207T230805,0
20210509T224331,0
20211104T022412,0
20121219T045439,0
20140911T031718,0
20160809T230908,0
20160830T093428,0
20190720T104712,0
20191209T053707,0
20200729T081937,0
20210310T231834,0
20220331T005707,0
20230123T023449,0
20150511T082143,0
20150620T100813,0
20151106T034709,0
20151125T043030,0
20160119T011141,0
20160422T231701,0
20161028T012945,0
20161220T220321,0
20170326T103357,0
20171018T062822,0
20180420T001236,0
20181002T233906,0
20190420T074008,0
20190804T064324,0
20210201T102302,0
20210218T035550,0
20210506T232226,0
20140722T005303,0
20150211T094631,0
20151120T063534,0
20151125T010500,0
20151129T104131,0
20160312T001405,0
20160324T031418,0
20160509T012252,0
20161128T063553,0
20170129T232402,0
20170218T062947,0
20171022T074831,0
20180923T094201,0
20210324T021133,0
20220404T091248,0
20151013T055122,0
20151124T235520,0
20151125T234934,0
20151223T023429,0
20160512T221305,0
20170306T020150,0
20180605T093605,0
20200830T104430,0
20150919T221713,0
20161025T094732,0
20180628T012409,0
20190412T075449,0
20210207T224046,0
20210411T042102,0
20211012T043434,0
20150728T024234,0
20151124T234414,0
20160105T022524,0
20160118T012905,0
20190726T004436,0
20220724T081708,0
20230117T095925,0
20230707T034014,0
20170901T222822,0
20210428T032640,0
20151126T060123,0
20170228T045627,0
20210909T011423,0
20151125T092622,0
20141126T012625,0
20160131T074151,0
20210822T082810,0
20151127T005254,0
20220608T015328,0
20230405T061928,0
20190416T031929,0
20151126T054518,0
20220608T005545,0
20151124T224537,0
20151124T225050,0
