,ID,Label
0,20140409T204940,0
1,20200415T144020,0
2,20220404T150742,0
3,20140719T173030,0
4,20150912T232435,0
5,20180131T052234,0
6,20190219T170854,0
7,20140529T145830,0
8,20150203T153035,0
11,20150806T102128,0
12,20160324T144815,0
13,20170309T022256,0
14,20180123T022350,0
15,20190425T031002,0
16,20190715T061550,0
17,20140522T054256,0
18,20140606T154844,0
19,20190218T070046,0
20,20200822T012344,0
21,20220411T014555,0
22,20220523T063143,0
23,20230314T083412,0
24,20160119T112609,0
27,20170818T083122,0
29,20210902T065455,0
30,20140529T122054,0
31,20140806T002623,0
32,20160111T023934,0
34,20170327T123315,0
35,20180813T103911,0
36,20180813T185054,0
39,20210607T013211,0
40,20230424T230338,0
41,20230506T095659,0
42,20140525T042636,0
43,20140804T024559,0
44,20150216T212501,0
45,20150730T053441,0
46,20150805T230439,0
47,20180121T173624,0
48,20180601T184528,0
49,20181017T201145,0
51,20200323T051958,0
53,20200904T170720,0
54,20210125T064010,0
55,20230415T233100,0
56,20230801T064127,0
57,20130109T131352,0
61,20140616T200926,0
63,20150807T110117,0
65,20160920T201657,0
67,20170309T020159,0
68,20180710T115552,0
69,20190113T213223,0
70,20191031T192906,0
71,20200307T031349,0
73,20200323T074347,0
75,20200526T055423,0
77,20220304T082751,0
78,20220330T201019,0
79,20220502T015416,0
80,20220523T063948,0
81,20220711T111720,0
83,20230415T013455,0
85,20230504T123031,0
86,20140319T211749,0
87,20140515T060338,0
89,20140522T054726,0
90,20140610T201941,0
92,20140715T195953,0
94,20140717T140657,0
95,20140729T145949,0
97,20140808T145958,0
99,20140819T144023,0
101,20140829T195952,0
103,20141007T195929,0
105,20141007T204245,0
107,20150316T200239,0
109,20150910T233300,0
113,20151016T194544,0
116,20160119T104255,0
119,20160320T025046,0
122,20160321T191400,0
123,20160912T214632,0
125,20170305T161209,0
127,20170818T215145,0
128,20180414T205018,0
130,20190817T064950,0
131,20200119T075836,0
133,20200308T153343,0
135,20200426T051054,0
137,20200629T065914,0
139,20201101T022509,0
140,20210419T204808,0
142,20210610T014044,0
143,20210610T080639,0
144,20211209T020620,0
145,20220121T190549,0
146,20220326T140403,0
147,20220402T040631,0
148,20140429T163032,0
149,20140530T202044,0
151,20140609T145924,0
153,20140616T150239,0
155,20140625T203120,0
158,20140725T192216,0
160,20140818T145944,0
162,20141001T064241,0
164,20150714T180030,0
167,20160304T005630,0
172,20160312T053735,0
173,20160912T202234,0
175,20160915T022240,0
178,20180122T235038,0
182,20180813T181954,0
185,20180927T095909,0
187,20190130T054247,0
191,20190130T055322,0
195,20190428T104540,0
196,20190715T054958,0
198,20200226T033115,0
200,20200430T061402,0
202,20200629T073622,0
204,20210404T190605,0
205,20210405T165924,0
207,20210512T103742,0
210,20210706T044700,0
215,20210707T000513,0
216,20210713T231430,0
220,20220126T041622,0
222,20220407T212625,0
223,20230317T053407,0
227,20231127T044816,0
230,20240225T171210,0
231,20130305T145933,0
235,20130402T193419,0
239,20131102T143406,0
243,20140515T145742,0
245,20140516T200122,0
247,20140605T202027,0
249,20140623T150104,0
250,20140806T204255,0
251,20140822T195901,0
253,20140825T175937,0
255,20141001T201825,0
257,20141229T173938,0
263,20150206T112406,0
266,20150314T154417,0
270,20150730T145925,0
273,20151020T010403,0
276,20160119T095801,0
279,20160223T184401,0
283,20160329T022826,0
286,20160329T023014,0
289,20160428T030251,0
293,20160912T151739,0
296,20160912T231213,0
298,20170103T183555,0
299,20170607T051831,0
301,20180314T212518,0
304,20180424T074748,0
306,20181008T235127,0
308,20190130T054716,0
312,20190130T060218,0
315,20190318T022049,0
316,20190426T000522,0
324,20190809T110943,0
326,20200211T234936,0
328,20200529T193757,0
331,20200909T053729,0
334,20201101T010313,0
336,20201101T010418,0
338,20210127T015002,0
340,20210127T035307,0
342,20210129T153656,0
346,20210209T090930,0
348,20210222T051528,0
351,20210312T143801,0
352,20210318T210716,0
353,20210330T022417,0
355,20210416T035904,0
357,20210614T045152,0
360,20210702T214536,0
361,20210725T042455,0
362,20220130T195755,0
363,20220511T161938,0
365,20220617T012914,0
368,20220805T194148,0
371,20230609T182654,0
375,20120124T044152,0
379,20130406T210422,0
381,20140411T185137,0
382,20140522T201906,0
383,20140526T200435,0
385,20140721T195848,0
387,20140723T202013,0
389,20140804T024634,0
390,20141113T192220,0
391,20150622T223108,0
395,20160112T124209,0
399,20160113T025937,0
404,20160205T024144,0
410,20160223T193401,0
415,20160628T195305,0
419,20160630T222641,0
422,20160806T090409,0
424,20160914T204836,0
427,20160915T022146,0
430,20170103T130207,0
431,20170803T070813,0
433,20170818T214104,0
435,20180421T000824,0
437,20180605T160717,0
442,20180711T111250,0
444,20181105T180019,0
447,20190318T112402,0
449,20190416T155852,0
452,20190426T051537,0
454,20191205T175753,0
456,20200113T124643,0
458,20200407T121215,0
460,20200426T044505,0
463,20200506T013139,0
465,20200510T013436,0
469,20200511T042004,0
473,20200515T204226,0
475,20200527T022024,0
477,20200531T130255,0
479,20200708T133818,0
481,20200709T095310,0
482,20200709T151018,0
486,20200812T125926,0
488,20200819T215102,0
490,20200823T092657,0
493,20200827T061851,0
496,20200827T110122,0
498,20200830T210918,0
501,20200909T054012,0
504,20200910T062943,0
506,20200911T052508,0
509,20200914T074127,0
512,20200923T053113,0
515,20200929T195257,0
516,20201012T185418,0
518,20210219T081043,0
520,20210220T191824,0
522,20210602T213808,0
525,20210708T141542,0
527,20210923T201218,0
530,20211104T151009,0
532,20211207T145759,0
535,20220114T030457,0
538,20220115T073900,0
543,20220116T072451,0
546,20220127T060702,0
549,20220131T044408,0
551,20220420T185735,0
553,20220515T161525,0
554,20220530T014839,0
557,20220609T015830,0
560,20221024T150048,1
565,20230324T144432,0
569,20230409T093339,0
573,20231128T191217,0
577,20120328T235240,0
584,20120508T040933,0
592,20130208T135714,0
596,20140423T174700,0
597,20140520T192310,0
599,20140521T195850,0
602,20140522T052802,0
603,20140528T145920,0
604,20140920T185851,0
607,20150205T142919,0
608,20150318T143152,0
613,20150527T140050,0
617,20150618T141053,0
619,20150729T100841,0
622,20150808T121221,0
625,20150816T015944,0
629,20150914T012938,0
633,20151215T195710,0
636,20160229T084543,0
641,20160306T200232,0
647,20160312T073113,0
648,20160401T102848,0
653,20170607T052844,0
656,20170810T121523,0
659,20180310T210530,0
661,20180331T193811,0
664,20180516T122452,0
667,20180609T161230,0
669,20180612T210806,0
671,20180621T204549,0
676,20180726T173857,0
678,20180821T000722,0
680,20181210T163650,0
683,20181218T161918,0
686,20190202T181321,0
688,20190209T012949,0
691,20190217T045002,0
694,20190613T181704,0
695,20190618T022518,0
700,20190711T031426,0
704,20190902T060718,0
709,20200223T061712,0
712,20200228T082331,0
715,20200317T022922,0
717,20200330T033011,0
719,20200424T223527,0
721,20200429T024524,0
724,20200508T101412,0
727,20200512T042943,0
730,20200524T073437,0
733,20200704T143536,0
735,20200728T144930,0
737,20200812T193257,0
739,20200830T134143,0
743,20200902T163633,0
746,20200909T030913,0
749,20200921T050037,0
751,20201224T091051,0
754,20210127T104815,0
756,20210307T224450,0
758,20210314T142232,0
760,20210526T170214,0
763,20210528T213345,0
768,20210605T233657,0
769,20210607T013507,0
772,20210805T180740,0
775,20210809T034019,0
777,20211222T054811,0
781,20220116T114353,0
784,20220409T024256,0
786,20220410T152755,0
788,20220430T051008,0
790,20220509T092019,0
791,20220523T063523,0
793,20220529T223507,0
797,20220617T004026,0
800,20221001T011641,0
803,20221120T093220,0
805,20230406T062419,0
807,20230415T185632,0
810,20230423T070415,0
813,20230504T031338,0
816,20230627T162915,0
820,20231128T055040,0
825,20231129T162259,0
829,20121003T045247,0
837,20130203T190544,0
840,20131102T112851,0
844,20140408T083352,0
848,20140616T192016,0
850,20140627T010741,0
854,20140721T195012,0
857,20140804T015637,0
860,20141107T211256,0
861,20150206T221005,0
865,20150219T014951,0
871,20150311T200109,0
876,20150316T200108,0
883,20150319T185143,0
886,20150616T041704,0
893,20150726T002440,0
897,20150803T145945,0
901,20151214T081606,0
905,20151215T140239,0
908,20160112T184628,0
912,20160121T161310,0
915,20160210T021608,0
921,20160223T151308,0
925,20160223T195653,0
931,20160224T140033,0
933,20160323T025850,0
935,20160419T144501,0
939,20160624T035721,0
943,20170530T031211,0
946,20170627T200543,0
949,20170713T222940,0
953,20180303T173030,0
957,20180310T155157,0
960,20180310T193248,0
962,20180416T042031,0
964,20180613T110950,0
966,20180630T154455,0
971,20180726T143257,0
976,20180810T160548,0
980,20180813T123859,0
983,20181021T154618,0
986,20181112T232337,0
989,20181113T141817,0
992,20181214T194402,0
997,20190128T022047,0
1000,20190610T231529,0
1002,20190711T032300,0
1007,20190722T100704,0
1009,20191206T210145,0
1012,20191230T013102,0
1015,20200131T195935,0
1020,20200224T201328,0
1024,20200406T032120,0
1027,20200426T112520,0
1031,20200503T131607,0
1034,20200506T012645,0
1036,20200507T141806,0
1038,20200514T212446,0
1042,20200728T193350,0
1045,20200805T201728,0
1048,20200817T022447,0
1050,20200830T122148,0
1054,20200831T072728,0
1056,20200901T063136,0
1060,20200906T035835,0
1061,20200914T105152,0
1064,20200929T023053,0
1066,20201120T174448,0
1070,20210124T042330,0
1073,20210207T154000,0
1076,20210219T084010,0
1078,20210227T003752,0
1086,20210429T054506,0
1089,20210517T232728,0
1092,20210518T052318,0
1096,20210618T044903,0
1099,20210702T143941,0
1100,20210825T024402,0
1103,20210830T005213,0
1106,20210921T032745,0
1107,20210922T024809,0
1110,20220113T223033,0
1113,20220115T093422,0
1116,20220127T021737,0
1119,20220404T165044,0
1121,20220505T152504,0
1124,20220509T190754,0
1125,20220523T062019,0
1127,20220711T080939,0
1130,20221106T050844,0
1132,20230227T071709,0
1135,20230408T045507,0
1140,20230424T084101,0
1143,20230424T191818,0
1144,20230715T212830,0
1147,20230716T134558,0
1150,20230721T145822,0
1154,20231004T193357,0
1158,20231124T054613,0
1163,20231128T204250,0
1167,20231209T041003,0
1169,20130112T071043,0
1177,20130216T202545,0
1181,20131102T192942,0
1186,20140507T200135,0
1190,20140725T145921,0
1193,20140730T202920,0
1194,20140805T091724,0
1197,20140821T095504,0
1200,20150203T145100,0
1204,20150402T024219,0
1209,20150510T093453,0
1213,20151110T061702,0
1219,20151116T053444,0
1222,20160101T184934,0
1225,20160216T180239,0
1229,20160225T041417,0
1235,20160225T050358,0
1241,20160706T024859,0
1244,20161004T093002,0
1246,20170804T182904,0
1249,20170910T202416,0
1251,20171104T113052,0
1257,20180129T221741,0
1261,20180318T093841,0
1264,20180406T231848,0
1267,20180520T044721,0
1269,20180713T112450,0
1272,20180725T112429,0
1274,20180821T200157,0
1277,20180918T063149,0
1283,20180918T150832,0
1290,20180920T163920,0
1294,20181004T140825,0
1297,20181218T134235,0
1304,20181231T215754,0
1308,20190704T210647,0
1310,20190710T193928,0
1316,20190731T153118,0
1318,20190807T194753,0
1321,20190914T164305,0
1328,20191031T183234,0
1330,20191130T215803,0
1334,20191226T212026,0
1337,20191231T032430,0
1340,20200205T113937,0
1342,20200221T182035,0
1349,20200225T031433,0
1358,20200311T011126,0
1360,20200323T163323,0
1361,20200325T195941,0
1362,20200331T193532,0
1365,20200405T005135,0
1369,20200517T192323,0
1372,20200629T200740,0
1374,20200702T162430,0
1379,20200703T053227,0
1382,20200717T144815,0
1384,20200801T235524,0
1387,20200826T144743,0
1390,20200827T060152,0
1393,20200903T031250,0
1395,20200909T021811,0
1398,20200917T144333,0
1400,20200929T201512,0
1402,20201107T160632,0
1405,20201112T093530,0
1408,20201221T151706,0
1411,20210115T223636,0
1414,20210126T040603,0
1417,20210127T082750,0
1419,20210217T142732,0
1421,20210218T034741,0
1422,20210221T050759,0
1425,20210405T170740,0
1428,20210424T203823,0
1429,20210426T050212,0
1433,20210526T143403,0
1434,20210615T180921,0
1436,20210702T144815,0
1437,20210706T190945,0
1440,20210712T115613,0
1441,20210719T043933,0
1442,20210725T171716,0
1445,20210809T170010,0
1448,20210811T150400,0
1449,20211126T163343,0
1451,20211223T190811,0
1452,20220115T020750,0
1455,20220115T132651,0
1458,20220115T222345,0
1461,20220119T045721,0
1466,20220207T003052,0
1470,20220530T161538,0
1474,20220616T060626,0
1477,20220623T095222,0
1479,20220707T031545,0
1481,20220801T033625,0
1486,20220805T140127,0
1489,20220807T041426,0
1492,20220824T070800,0
1495,20221123T150248,0
1499,20221127T092442,0
1505,20221201T194153,0
1510,20221206T185727,0
1513,20230121T055828,0
1516,20230213T195358,0
1518,20230226T205444,0
1520,20230227T180752,0
1523,20230406T152703,0
1527,20230413T080838,0
1529,20230417T033237,0
1534,20230502T234010,0
1539,20230525T074348,0
1542,20230825T002817,0
1546,20240226T063440,0
1549,20120502T135032,0
1555,20130121T051932,0
1558,20130406T151542,0
1563,20131101T010514,0
1570,20131105T040632,0
1577,20131105T052806,0
1584,20140405T171941,0
1588,20140415T011726,0
1590,20140530T210323,0
1594,20140617T180529,0
1596,20140705T144137,0
1598,20140709T221201,0
1599,20141013T082921,0
1604,20141014T200138,0
1609,20141113T143921,0
1610,20150124T041249,0
1617,20150205T005327,0
1619,20150207T170122,0
1621,20150319T210559,0
1627,20150417T001528,0
1631,20150417T204355,0
1640,20150429T202215,0
1643,20150510T093501,0
1648,20150610T200125,0
1651,20150630T192003,0
1656,20150701T233445,0
1659,20150903T125052,0
1662,20151025T051551,0
1667,20151105T175642,0
1673,20151219T072257,0
1677,20160112T034435,0
1683,20160206T190159,0
1685,20160223T025039,0
1692,20160223T143800,0
1697,20160223T184434,0
1702,20160226T024227,0
1708,20160321T081205,0
1711,20160324T014943,0
1714,20160329T033520,0
1717,20160608T201803,0
1724,20160628T194927,0
1726,20170103T132304,0
1727,20170103T141910,0
1728,20170626T193903,0
1730,20170628T151955,0
1732,20170726T011237,0
1733,20170908T035231,0
1736,20170918T082424,0
1741,20180311T081623,0
1744,20180407T171840,0
1749,20180505T131752,0
1753,20180528T182341,0
1755,20180706T050639,0
1763,20180814T010407,0
1768,20181004T205744,0
1770,20181024T171956,0
1774,20181024T205320,0
1778,20181112T230735,0
1783,20190107T171159,0
1784,20190119T073540,0
1787,20190323T063609,0
1788,20190504T122504,0
1789,20190520T210623,0
1796,20190521T214707,0
1798,20190530T133037,0
1800,20190710T205846,0
1804,20190720T111018,0
1805,20190802T203212,0
1813,20190803T234119,0
1814,20191113T051534,0
1816,20191126T205145,0
1819,20200121T145200,0
1822,20200216T212338,0
1824,20200226T025545,0
1826,20200228T205620,0
1829,20200309T021836,0
1834,20200408T212021,0
1836,20200414T231356,0
1838,20200418T015540,0
1843,20200427T062057,0
1844,20200518T044504,0
1848,20200625T010257,0
1852,20200723T142312,0
1857,20200804T170341,0
1861,20200819T040324,0
1864,20200819T134127,0
1866,20200824T005740,0
1868,20200826T070644,0
1870,20200831T172620,0
1872,20200902T010119,0
1874,20200904T023048,0
1877,20200915T135948,0
1878,20200915T201017,0
1880,20200926T060319,0
1882,20201029T182732,0
1884,20201117T094056,0
1888,20201218T224056,0
1891,20210128T105750,0
1896,20210219T190200,0
1897,20210221T173959,0
1899,20210221T214109,0
1902,20210604T142112,0
1906,20210704T202402,0
1908,20210725T035322,0
1909,20210803T025750,0
1912,20210902T145312,0
1913,20210918T143309,0
1915,20210918T150350,0
1917,20211104T213551,0
1920,20211224T161203,0
1922,20220114T025238,0
1928,20220115T063206,0
1933,20220118T231113,0
1938,20220119T040602,0
1943,20220128T055738,0
1947,20220208T133841,0
1950,20220316T205359,0
1953,20220317T200526,0
1958,20220322T150118,0
1960,20220329T192129,0
1962,20220408T010013,0
1964,20220412T205333,0
1969,20220429T214317,0
1971,20220505T193029,0
1973,20220508T104859,0
1977,20220512T052530,0
1982,20220530T012740,0
1984,20220606T134911,0
1988,20220621T234323,0
1993,20220627T010819,0
1998,20220807T041732,0
2002,20220912T194539,0
2008,20220927T152429,0
2010,20221030T040848,0
2013,20221129T022727,0
2016,20221204T040530,0
2020,20230106T145607,0
2023,20230123T102042,0
2025,20230208T031948,0
2030,20230215T122945,0
2034,20230314T064720,0
2036,20230328T145909,0
2041,20230414T210656,0
2044,20230518T171059,0
2046,20230712T143946,0
2049,20230804T053140,0
2053,20230829T033517,0
2057,20231014T001925,0
2060,20231102T191312,0
2063,20231116T164136,0
2068,20231119T032020,0
2071,20120423T092847,0
2077,20120426T084528,0
2085,20120619T143550,0
2093,20130802T192427,0
2098,20131030T175856,0
2104,20131102T102534,0
2110,20131103T114157,0
2116,20131201T222951,0
2122,20140405T172203,0
2125,20140513T024937,0
2131,20140519T163828,0
2134,20140602T190015,0
2140,20140613T184323,0
2144,20150203T034729,0
2151,20150205T073351,0
2158,20150310T002225,0
2164,20150319T133824,0
2170,20150418T004620,0
2174,20150505T014136,0
2180,20150612T202721,0
2183,20150830T032940,0
2190,20150923T043056,0
2196,20151027T194017,0
2202,20151110T074558,0
2210,20160111T033106,0
2215,20160118T031902,0
2219,20160212T021004,0
2224,20160214T025056,0
2228,20160223T185500,0
2234,20160225T014806,0
2240,20160226T050803,0
2243,20160311T024819,0
2247,20160316T184245,0
2252,20160323T013814,0
2255,20160420T023435,0
2258,20160702T022452,0
2262,20161007T025118,0
2264,20161122T032920,0
2270,20161227T062117,0
2273,20161228T223420,0
2277,20170103T162122,0
2278,20170419T053108,0
2281,20171004T070839,0
2282,20171018T195608,0
2284,20180118T235636,0
2289,20180507T081037,0
2292,20180608T202501,0
2295,20180725T232826,0
2303,20180803T173538,0
2310,20180806T072240,0
2317,20180813T195809,0
2320,20180825T000244,0
2323,20181010T212919,0
2326,20181024T174554,0
2330,20181113T015206,0
2332,20181220T150231,0
2338,20181221T234103,0
2344,20190211T152621,0
2351,20190323T065726,0
2352,20190427T034215,0
2358,20190516T144558,0
2363,20190519T042432,0
2365,20190523T134640,0
2367,20190527T003516,0
2372,20190722T230324,0
2378,20190724T212546,0
2384,20191007T175913,0
2388,20191121T203205,0
2392,20191218T215622,0
2400,20200106T222816,0
2403,20200301T084519,0
2408,20200311T003249,0
2415,20200401T113435,0
2420,20200416T165951,0
2426,20200419T204300,0
2435,20200508T001803,0
2443,20200607T231013,0
2449,20200609T143154,0
2457,20200622T200749,0
2461,20200703T143248,0
2463,20200725T170625,0
2465,20200728T143259,0
2470,20200807T035325,0
2477,20200817T090610,0
2479,20200903T022157,0
2482,20200906T003324,0
2484,20201013T070104,0
2485,20201015T145615,0
2487,20201015T155124,0
2489,20201102T040639,0
2493,20201207T072550,0
2497,20201220T005730,0
2504,20210107T152744,0
2506,20210128T101751,0
2509,20210220T193449,0
2512,20210315T200325,0
2514,20210617T193128,0
2516,20210628T060157,0
2519,20210702T204548,0
2520,20210803T064559,0
2521,20210807T102424,0
2524,20210816T011932,0
2533,20210906T063826,0
2536,20210906T151904,0
2538,20210928T154643,0
2541,20211113T065314,0
2543,20220115T113836,0
2547,20220117T182712,0
2549,20220119T053400,0
2552,20220208T013815,0
2556,20220219T045814,0
2560,20220220T150735,0
2565,20220316T224751,0
2570,20220324T134142,0
2573,20220329T091355,0
2579,20220410T073351,0
2583,20220412T214653,0
2587,20220426T060951,0
2589,20220426T061720,0
2591,20220429T064634,0
2593,20220505T110026,0
2595,20220506T143423,0
2599,20220513T024116,0
2608,20220513T040705,0
2609,20220516T021737,0
2614,20220523T180216,0
2617,20220530T135847,0
2621,20220530T150147,0
2625,20220609T003628,0
2630,20220615T001427,0
2633,20220708T192226,0
2635,20220727T172907,0
2638,20220801T025933,0
2639,20220808T230947,0
2642,20220912T192713,0
2645,20220927T115839,0
2648,20220928T182049,0
2652,20221010T063535,0
2653,20221012T150329,0
2657,20221016T142420,0
2660,20221122T163421,0
2664,20221208T110148,0
2668,20221213T032627,0
2672,20221214T012844,0
2674,20221215T194505,0
2677,20230110T211555,0
2682,20230112T205150,0
2686,20230221T191120,0
2688,20230305T044001,0
2693,20230324T022607,0
2696,20230401T101337,0
2698,20230405T221104,0
2700,20230407T161637,0
2706,20230408T045653,0
2710,20230410T061830,0
2714,20230418T133823,0
2718,20230430T121604,0
2722,20230503T183221,0
2725,20230503T205758,0
2729,20230504T201221,0
2734,20230516T000856,0
2737,20230522T225110,0
2740,20230526T142934,0
2745,20230529T150225,0
2749,20230614T164641,0
2750,20230616T192318,0
2754,20230618T211345,0
2761,20230629T150107,0
2763,20230704T142456,0
2766,20230728T121905,0
2772,20230728T161057,0
2776,20230815T182916,0
2778,20230824T130305,0
2782,20230825T193439,0
2787,20230828T141408,0
2790,20230902T053155,0
2795,20231003T051534,0
2797,20231010T142814,0
2803,20231026T191247,0
2806,20231107T075251,0
2810,20231118T011338,0
2812,20240202T061237,0
2816,20240204T095650,0
2820,20120323T153125,0
2828,20120329T171523,0
2836,20120501T084838,0
2844,20130118T001934,0
2846,20130202T201051,0
2850,20131028T142240,0
2856,20131204T191228,0
2863,20140105T203211,0
2868,20140309T060229,0
2870,20140317T065529,0
2873,20140405T170841,0
2878,20140405T171155,0
2882,20140417T164448,0
2884,20140604T151225,0
2892,20140624T202102,0
2895,20140729T204204,0
2899,20140730T200137,0
2901,20140811T140756,0
2904,20140825T203452,0
2907,20140901T195932,0
2910,20140918T195138,0
2913,20141028T133359,0
2918,20141129T153146,0
2920,20150402T230218,0
2922,20150415T121838,0
2927,20150509T145118,0
2930,20150509T145844,0
2933,20150515T161031,0
2939,20150525T013953,0
2947,20150630T194954,0
2951,20150706T023642,0
2956,20150708T200440,0
2960,20151105T182331,0
2961,20151106T035536,0
2963,20160202T140858,0
2969,20160223T151203,0
2974,20160226T200107,0
2977,20160301T122506,0
2983,20160304T001055,0
2990,20160305T204154,0
2996,20160316T204707,0
3002,20160316T204825,0
3007,20160405T043355,0
3015,20160405T093622,0
3023,20160406T004735,0
3031,20160510T223505,0
3038,20160519T032023,0
3040,20160709T081531,0
3042,20160712T020115,0
3046,20160718T220717,0
3047,20160827T030239,0
3057,20160906T034820,0
3060,20160920T051849,0
3062,20161021T030200,0
3067,20170112T192812,0
3071,20170113T180109,0
3075,20170219T225500,0
3079,20170228T092348,0
3081,20170301T082811,0
3084,20170329T044804,0
3087,20170511T012933,0
3090,20170804T200449,0
3098,20170906T090928,0
3102,20171030T090123,0
3108,20171202T180234,0
3110,20180502T162456,0
3116,20180510T182122,0
3118,20180625T184755,0
3123,20180706T033645,0
3130,20180802T144047,0
3133,20180913T142953,0
3140,20181024T213422,0
3145,20181205T135544,0
3153,20190112T095407,0
3156,20190314T085256,0
3157,20190326T053758,0
3162,20190423T065318,0
3165,20190508T103420,0
3168,20190514T064336,0
3175,20190607T092900,0
3179,20190608T233224,0
3188,20190716T224043,0
3190,20190728T103334,0
3192,20190911T210706,0
3194,20191108T222939,0
3196,20191214T021846,0
3198,20200114T223446,0
3200,20200120T204438,0
3202,20200124T190837,0
3206,20200128T143723,0
3212,20200220T080331,0
3216,20200221T190819,0
3223,20200429T191540,0
3231,20200622T035731,0
3238,20200628T022305,0
3240,20200713T020603,0
3244,20200830T121142,0
3248,20200904T161610,0
3250,20200905T201821,0
3252,20200925T194555,0
3256,20201018T022117,0
3264,20201029T192534,0
3266,20201120T025057,0
3268,20201123T050604,0
3276,20201129T053141,0
3283,20210107T024629,0
3285,20210107T141048,0
3291,20210209T101418,0
3292,20210220T003207,0
3293,20210221T133316,0
3296,20210319T053957,0
3301,20210811T052812,0
3302,20210929T201812,0
3304,20211021T041424,0
3309,20211021T183058,0
3311,20220114T210419,0
3319,20220118T202926,0
3323,20220119T143201,0
3325,20220120T080600,0
3330,20220305T052219,0
3332,20220317T205722,0
3336,20220425T021655,0
3338,20220514T012949,0
3344,20220522T221259,0
3351,20220526T232337,0
3354,20220529T203342,0
3359,20220531T003858,0
3363,20220601T031734,0
3366,20220601T071540,0
3372,20220628T072833,0
3376,20220725T145605,0
3381,20220822T145553,0
3388,20221028T155446,0
3392,20221124T020235,0
3396,20230109T152608,0
3400,20230126T130832,0
3404,20230201T180327,0
3408,20230209T092620,0
3411,20230221T191629,0
3413,20230310T152029,0
3415,20230314T064621,0
3417,20230314T145718,0
3421,20230317T190626,0
3423,20230402T073349,0
3426,20230408T194001,0
3429,20230413T015223,0
3432,20230422T205536,0
3433,20230424T131028,0
3436,20230424T204621,0
3438,20230501T132608,0
3442,20230504T161323,0
3444,20230524T184558,0
3448,20230527T131541,0
3451,20230601T203435,0
3453,20230623T055511,0
3455,20230824T083808,0
3456,20230831T135314,0
3459,20230919T011335,0
3463,20231005T094012,0
3465,20231025T150314,0
3468,20231027T082013,0
3474,20231119T093038,0
3477,20231128T124311,0
3481,20231214T051903,0
3485,20231216T122549,0
3490,20240211T221302,0
3494,20120217T071112,0
3498,20120506T224855,0
3510,20130303T133631,0
3518,20131125T130610,0
3522,20131226T162522,0
3527,20140406T134350,0
3528,20140406T144700,0
3529,20140417T163405,0
3531,20140420T160944,0
3533,20140522T145929,0
3540,20140530T141306,0
3544,20140604T235716,0
3551,20140617T170004,0
3553,20140716T200914,0
3557,20140818T181803,0
3561,20140905T182457,0
3562,20141020T074925,0
3567,20141029T152052,0
3573,20150120T010753,0
3574,20150205T070120,0
3585,20150311T035748,0
3586,20150313T184242,0
3592,20150317T190704,0
3596,20150320T133118,0
3602,20150414T145908,0
3608,20150506T152237,0
3616,20150910T232853,0
3620,20151009T151014,0
3627,20151025T051950,0
3632,20151116T053752,0
3635,20151219T070427,0
3639,20151219T095702,0
3643,20160111T172135,0
3647,20160126T142143,0
3650,20160218T115201,0
3654,20160223T162726,0
3659,20160225T165133,0
3665,20160317T032234,0
3673,20160323T082619,0
3676,20160604T033149,0
3679,20160615T061510,0
3685,20160716T101104,0
3689,20160719T051328,0
3694,20160802T165014,0
3701,20170112T193721,0
3704,20170401T005518,0
3707,20170419T120716,0
3711,20170529T201116,0
3714,20170808T100417,0
3716,20171229T135120,0
3718,20180126T070102,0
3720,20180319T061432,0
3722,20180411T105157,0
3726,20180511T122907,0
3728,20180511T214605,0
3733,20180605T202247,0
3738,20180615T071604,0
3742,20180617T005510,0
3744,20180825T233851,0
3753,20180917T155915,0
3756,20180923T150249,0
3762,20180928T203516,0
3767,20181005T204453,0
3772,20190120T043649,0
3774,20190318T024155,0
3775,20190319T111904,0
3776,20190422T171011,0
3779,20190523T162715,0
3782,20190620T090509,0
3785,20190802T190353,0
3789,20190925T070153,0
3791,20190927T234649,0
3792,20191004T145620,0
3796,20191104T204611,0
3798,20191120T160025,0
3799,20200316T165848,0
3804,20200321T024751,0
3811,20200325T152840,0
3815,20200405T145235,0
3824,20200501T163542,0
3825,20200608T081910,0
3827,20200731T090344,0
3829,20200807T234547,0
3833,20200829T052329,0
3835,20200830T120814,0
3839,20200830T211144,0
3843,20200910T194443,0
3844,20200911T052910,0
3847,20200912T022906,0
3849,20200912T122845,0
3852,20200929T200251,0
3854,20201028T065445,0
3862,20201202T220830,0
3867,20210122T170112,0
3871,20210211T080926,0
3876,20210307T231752,0
3879,20210415T205336,0
3883,20210502T135334,0
3893,20210506T145359,0
3896,20210608T083124,0
3898,20210615T195736,0
3901,20210704T165548,0
3905,20210706T144052,0
3908,20210725T180734,0
3909,20210725T201520,0
3910,20210730T001629,0
3917,20210901T220211,0
3919,20211031T153636,0
3923,20211105T060938,0
3924,20211205T210950,0
3926,20211208T185421,0
3928,20220105T051005,0
3931,20220130T195344,0
3933,20220216T071523,0
3934,20220216T201649,0
3939,20220219T050915,0
3940,20220220T003357,0
3943,20220304T025858,0
3945,20220314T064307,0
3951,20220320T101722,0
3955,20220321T013358,0
3958,20220324T122855,0
3959,20220407T090019,0
3962,20220408T190940,0
3963,20220414T090320,0
3966,20220419T172724,0
3967,20220421T072833,0
3972,20220505T084217,0
3973,20220617T142445,0
3977,20220715T211226,0
3983,20221008T175851,0
3985,20221017T204359,0
3988,20221103T150135,0
3991,20221120T033647,0
3993,20221207T154042,0
3998,20221213T012537,0
4003,20230204T053737,0
4010,20230215T151231,0
4015,20230310T150254,0
4021,20230317T011107,0
4025,20230330T164058,0
4029,20230401T143845,0
4035,20230405T182754,0
4037,20230422T064210,0
4041,20230425T192647,0
4045,20230427T034454,0
4048,20230429T141906,0
4053,20230501T143323,0
4055,20230508T180315,0
4057,20230510T115513,0
4062,20230523T145758,0
4065,20230527T043435,0
4069,20230527T050737,0
4071,20230603T094907,0
4075,20230609T103914,0
4078,20230623T042433,0
4082,20230716T061213,0
4084,20230718T224411,0
4087,20230808T033623,0
4091,20230814T161401,0
4095,20230825T094743,0
4099,20230829T163914,0
4103,20230904T094023,0
4106,20230904T095456,0
4109,20230906T230219,0
4113,20231011T144603,0
4119,20231026T093841,0
4120,20231102T150714,0
4125,20231214T005218,0
4130,20240114T231931,0
4134,20240116T114026,0
4137,20240121T193851,0
4140,20240129T194805,0
4143,20240130T014853,0
4146,20120721T132735,0
4149,20121002T153516,0
4158,20130125T193037,0
4166,20130213T045908,0
4170,20131103T113956,0
4173,20131206T154136,0
4180,20140130T234800,0
4187,20140429T170953,0
4189,20140508T145401,0
4195,20140520T170211,0
4199,20140528T194842,0
4202,20140530T213012,0
4203,20140626T195551,0
4205,20140702T195951,0
4208,20140705T192636,0
4215,20140806T163207,0
4217,20141001T190400,0
4222,20141203T150811,0
4232,20150203T193815,0
4235,20150328T022633,0
4240,20150511T160959,0
4248,20150811T010849,0
4251,20150920T170439,0
4255,20151008T195836,0
4262,20151105T161215,0
4271,20151113T020431,0
4275,20151113T193715,0
4282,20151114T153143,0
4283,20151213T183734,0
4287,20160106T203911,0
4289,20160113T171627,0
4294,20160120T023107,0
4299,20160128T013601,0
4304,20160214T051018,0
4307,20160223T192151,0
4313,20160305T225159,0
4315,20160327T185456,0
4320,20160406T002758,0
4326,20160428T064727,0
4329,20160708T070029,0
4332,20160712T171325,0
4339,20160727T052915,0
4341,20160729T183226,0
4348,20160812T131123,0
4351,20160826T201522,0
4355,20160910T084211,0
4357,20160929T222145,0
4361,20161118T063421,0
4367,20170103T130414,0
4368,20170103T131512,0
4369,20170306T150947,0
4371,20170405T233728,0
4373,20170611T054310,0
4379,20170803T070032,0
4381,20170830T162226,0
4383,20170907T165631,0
4387,20170930T050354,0
4388,20180313T063506,0
4390,20180710T204608,0
4392,20180717T212930,0
4398,20180808T195747,0
4409,20180918T113036,0
4418,20180925T191859,0
4425,20180928T024149,0
4429,20181206T015357,0
4433,20181218T141249,0
4436,20181226T134008,0
4442,20190102T145904,0
4450,20190215T093341,0
4453,20190318T192802,0
4454,20190325T163743,0
4457,20190422T201419,0
4462,20190602T175203,0
4463,20190724T210719,0
4464,20190807T202540,0
4469,20190818T185658,0
4476,20190927T200653,0
4478,20191001T152835,0
4479,20191018T214523,0
4481,20191119T122858,0
4489,20191222T151826,0
4492,20200204T205705,0
4495,20200311T154829,0
4504,20200314T102953,0
4507,20200323T162344,0
4516,20200430T170025,0
4518,20200516T183659,0
4521,20200616T210929,0
4522,20200628T035321,0
4524,20200722T181343,0
4529,20200725T202401,0
4533,20200901T113244,0
4536,20200911T095706,0
4539,20200921T145349,0
4541,20200923T213044,0
4545,20200925T004934,0
4550,20200925T194337,0
4554,20200929T022800,0
4556,20201201T131534,0
4564,20201224T144420,0
4566,20210120T212931,0
4572,20210131T154250,0
4574,20210303T102458,0
4576,20210307T114552,0
4581,20210318T193609,0
4582,20210422T132018,0
4584,20210604T041559,0
4585,20210607T100809,0
4588,20210701T101206,0
4592,20210725T154932,0
4593,20210909T212345,0
4595,20210915T173427,0
4597,20210925T192534,0
4602,20211012T173216,0
4607,20220115T074557,0
4614,20220115T132306,0
4617,20220118T153624,0
4622,20220119T003641,0
4627,20220122T153054,0
4630,20220127T032526,0
4636,20220322T202341,0
4638,20220408T191829,0
4639,20220417T032113,0
4640,20220508T074848,0
4642,20220629T204023,0
4648,20220630T151344,0
4651,20220731T033446,0
4653,20220731T193958,0
4655,20220907T082841,0
4659,20221101T105741,0
4663,20221219T133107,0
4667,20221225T150254,0
4671,20230106T050922,0
4675,20230112T151818,0
4679,20230116T173354,0
4682,20230130T223518,0
4687,20230205T204537,0
4689,20230206T022326,0
4699,20230224T005629,0
4701,20230225T212424,0
4703,20230301T154814,0
4707,20230324T142314,0
4714,20230408T210137,0
4719,20230420T164919,0
4725,20230503T044129,0
4732,20230527T215254,0
4733,20230719T150517,0
4736,20230805T035238,0
4738,20230822T211939,0
4741,20231111T052909,0
4748,20231115T223938,0
4757,20231116T092253,0
4759,20240116T074107,0
4764,20240201T163309,0
4765,20120620T135244,0
4773,20120911T230541,0
4781,20130420T145821,0
4783,20130501T125307,0
4789,20130511T024543,0
4790,20130730T095231,0
4791,20130731T212621,0
4798,20131101T220749,0
4799,20140401T160658,0
4802,20140417T163022,0
4804,20140625T193502,0
4806,20140627T014759,0
4809,20140728T211632,0
4814,20140729T171158,0
4817,20140813T203458,0
4819,20140822T170801,0
4822,20140825T150137,0
4827,20140828T205250,0
4830,20140923T143709,0
4833,20140927T115435,0
4839,20140927T220000,0
4844,20140929T202759,0
4849,20141012T063230,0
4852,20141028T112355,0
4854,20141112T135048,0
4859,20141126T191607,0
4861,20141203T215744,0
4863,20150106T163952,0
4866,20150110T034929,0
4870,20150318T204045,0
4880,20150326T022456,0
4883,20150402T175341,0
4885,20150410T125921,0
4886,20150508T085105,0
4891,20150706T024208,0
4896,20150707T211730,0
4900,20150713T090136,0
4905,20150721T150856,0
4907,20150725T214250,0
4913,20150728T071351,0
4917,20150804T161615,0
4920,20150915T213823,0
4923,20150920T170304,0
4927,20150923T124902,0
4932,20151008T165831,0
4937,20151025T052231,0
4942,20160109T015822,0
4944,20160117T000640,0
4953,20160118T182912,0
4957,20160203T180450,0
4965,20160302T065914,0
4967,20160307T153504,0
4975,20160310T182550,0
4985,20160708T194734,0
4990,20160708T204216,0
4995,20160709T055959,0
4996,20160709T201353,0
4999,20160718T172159,0
5007,20160805T070125,0
5009,20160831T143034,0
5014,20161102T170142,0
5024,20170203T043541,0
5026,20170506T084941,0
5027,20170511T204807,0
5031,20170608T170303,0
5032,20170803T104146,0
5034,20170901T184405,0
5040,20171222T095403,0
5042,20180524T000842,0
5044,20180808T050854,0
5050,20180911T055719,0
5052,20180921T201244,0
5055,20180927T152024,0
5059,20181015T130238,0
5062,20181106T143809,0
5063,20181118T052906,0
5065,20190128T140522,0
5070,20190207T182647,0
5074,20190318T021749,0
5076,20190323T191838,0
5077,20190423T073809,0
5082,20190508T003152,0
5089,20190618T092819,0
5092,20190704T105303,0
5094,20190718T010558,0
5096,20190905T054357,0
5099,20190919T214921,0
5111,20190926T150132,0
5119,20191017T230702,0
5121,20191027T072011,0
5124,20191202T161838,0
5126,20191205T154850,0
5128,20200120T210424,0
5135,20200316T092459,0
5139,20200407T045926,0
5145,20200610T075535,0
5146,20200707T232203,0
5149,20200711T140609,0
5157,20200720T024151,0
5159,20200720T131845,0
5161,20200830T104346,0
5167,20200901T093628,0
5171,20200926T045948,0
5173,20201125T212812,0
5174,20201129T153516,0
5178,20201213T083410,0
5181,20210205T145725,0
5184,20210211T215622,0
5186,20210213T123615,0
5188,20210327T213536,0
5191,20210428T155132,0
5197,20210522T140809,0
5198,20210528T172436,0
5200,20210613T170507,0
5203,20210701T040154,0
5204,20210818T161455,0
5207,20210916T211753,0
5211,20210919T081702,0
5221,20210923T185929,0
5223,20211001T092637,0
5225,20211125T150934,0
5227,20211210T183609,0
5229,20220119T135440,0
5233,20220122T205506,0
5236,20220128T063039,0
5241,20220129T103732,0
5243,20220219T051005,0
5249,20220304T082940,0
5251,20220317T170949,0
5257,20220326T034039,0
5265,20220411T231849,0
5269,20220413T074411,0
5274,20220521T154044,0
5276,20220627T081638,0
5282,20220713T165113,0
5290,20220721T133006,0
5295,20220804T103929,0
5300,20220819T093316,0
5304,20221203T171721,0
5307,20230121T044812,0
5312,20230207T084631,0
5316,20230215T140714,0
5321,20230504T184111,0
5323,20230530T072227,0
5324,20230530T212524,0
5326,20230615T200008,0
5330,20230619T032911,0
5343,20230619T055750,0
5356,20230623T042457,0
5360,20230813T163857,0
5366,20230823T012531,0
5368,20230831T130724,0
5371,20231008T125207,0
5375,20231026T011806,0
5380,20231027T144841,0
5387,20120208T184732,0
5397,20120415T180405,0
5404,20120520T193210,0
5407,20120711T201951,0
5417,20130317T202829,0
5421,20130425T151329,0
5425,20130523T041656,0
5429,20131006T125323,0
5431,20131031T225610,0
5432,20140107T121400,0
5435,20140122T153948,0
5439,20140412T173612,0
5441,20140512T163239,0
5443,20140624T180656,0
5451,20140722T194921,0
5453,20140823T042704,0
5455,20140823T094331,0
5457,20141002T204810,0
5458,20141006T073233,0
5463,20141107T203457,0
5464,20141225T164148,0
5465,20150311T112400,0
5468,20150425T194421,0
5472,20151105T161352,0
5481,20160106T203842,0
5485,20160213T090250,0
5487,20160215T023528,0
5495,20160301T180158,0
5504,20160306T200845,0
5510,20160309T190003,0
5517,20160324T123812,0
5523,20160324T135436,0
5531,20160528T121933,0
5539,20160628T194928,0
5543,20160706T164756,0
5544,20160707T220936,0
5552,20160709T041530,0
5555,20160904T063805,0
5567,20161119T030531,0
5569,20161216T134727,0
5573,20170103T140820,0
5574,20170305T084611,0
5575,20170307T174109,0
5580,20170606T160555,0
5583,20170617T174249,0
5585,20170619T181057,0
5587,20170627T150757,0
5590,20170627T165341,0
5593,20170706T180545,0
5602,20170711T055815,0
5603,20170719T111311,0
5606,20180309T165516,0
5610,20180313T030653,0
5616,20180406T151522,0
5622,20180513T210244,0
5625,20180711T190302,0
5626,20180821T001926,0
5629,20180903T210928,0
5633,20181009T163512,0
5637,20181021T193802,0
5643,20181023T112313,0
5645,20181115T221146,0
5647,20181223T115820,0
5650,20190328T011211,0
5654,20190514T063803,0
5656,20190713T125620,0
5657,20190714T192959,0
5660,20190730T205701,0
5662,20191005T062622,0
5664,20191019T191102,0
5665,20200115T115712,0
5669,20200116T235018,0
5670,20200314T122512,0
5675,20200402T204944,0
5678,20200515T200154,0
5679,20200604T225457,0
5687,20200904T170254,0
5695,20200910T182042,0
5696,20200915T150355,0
5704,20210107T204350,0
5706,20210125T060751,0
5708,20210412T175743,0
5713,20210414T061654,0
5719,20210513T200834,0
5721,20210607T043450,0
5726,20210817T021653,0
5730,20210826T171648,0
5731,20210923T160619,0
5732,20220118T191658,0
5737,20220213T165100,0
5745,20220330T060848,0
5751,20220412T122514,0
5754,20230101T002438,0
5759,20230123T145814,0
5766,20230311T191943,0
5771,20230420T084931,0
5777,20230703T173242,0
5781,20230727T004714,0
5786,20230806T192408,0
5794,20230806T230711,0
5801,20231001T170903,0
5810,20231207T045357,0
5815,20231216T100648,0
5823,20130105T130147,0
5831,20130425T151120,0
5835,20131024T223441,0
5842,20131027T030206,0
5851,20140405T170911,0
5857,20140515T141759,0
5861,20140604T205531,0
5864,20140821T170300,0
5866,20140828T162722,0
5868,20140906T144746,0
5873,20140906T231119,0
5874,20140911T161013,0
5876,20140923T074219,0
5877,20140930T180018,0
5880,20141113T143957,0
5881,20141115T024836,0
5884,20141222T184639,0
5886,20141230T223240,0
5892,20150325T181523,0
5904,20150410T210543,0
5908,20150411T141309,0
5917,20150605T012942,0
5924,20150804T192632,0
5932,20151009T151249,0
5934,20151113T020704,0
5938,20151216T185930,0
5941,20160122T051645,0
5943,20160130T074026,0
5945,20160329T191619,0
5948,20160401T142918,0
5951,20160427T152335,0
5953,20160428T072609,0
5955,20160520T232723,0
5962,20170327T070141,0
5966,20170506T231457,0
5969,20170508T051411,0
5976,20170612T012347,0
5979,20170616T154620,0
5984,20170619T064704,0
5985,20170803T062546,0
5987,20170913T210445,0
5988,20170926T045101,0
5989,20171106T153626,0
5999,20180514T200124,0
6001,20180908T052354,0
6004,20181214T165344,0
6009,20181219T175319,0
6013,20190109T085554,0
6016,20190310T044822,0
6019,20190312T160930,0
6021,20190724T054603,0
6023,20190909T210627,0
6024,20191205T234836,0
6036,20200114T231900,0
6042,20200122T221808,0
6051,20200317T212654,0
6055,20200430T192618,0
6058,20200712T035821,0
6062,20200807T213901,0
6074,20200830T112515,0
6077,20200831T153652,0
6079,20200919T090611,0
6081,20201208T095621,0
6083,20201221T143601,0
6086,20210201T111618,0
6087,20210203T020702,0
6088,20210310T202312,0
6091,20210501T071331,0
6096,20210508T175823,0
6097,20210624T022728,0
6098,20210725T045745,0
6099,20210803T090419,0
6101,20210928T210318,0
6104,20211207T151914,0
6106,20211210T161856,0
6111,20220224T234848,0
6118,20220520T223631,0
6123,20220627T162130,0
6127,20220702T182402,0
6130,20220921T085054,0
6137,20221019T215529,0
6139,20221024T154854,0
6143,20221205T114733,0
6147,20230104T114247,0
6153,20230421T021037,0
6160,20230513T083310,0
6162,20230523T063654,0
6164,20230707T192535,0
6166,20230917T154526,0
6169,20231105T043523,0
6171,20240116T052639,0
6178,20240302T165442,0
6185,20120321T095134,0
6186,20120714T064016,0
6190,20121129T140910,0
6193,20130219T121943,0
6194,20130304T074218,0
6196,20131009T204028,0
6202,20131031T140340,0
6205,20131101T115117,0
6212,20140404T170551,0
6213,20140522T150229,0
6216,20140603T192800,0
6219,20140611T163953,0
6222,20140618T130417,0
6225,20140709T202455,0
6226,20140825T170133,0
6228,20140920T160531,0
6233,20141113T095633,0
6234,20150204T232235,0
6244,20150414T145453,0
6246,20150705T125408,0
6254,20150709T020728,0
6262,20150712T094645,0
6266,20150814T233818,0
6267,20151025T051619,0
6272,20151113T015223,0
6276,20151202T014115,0
6284,20160101T152525,0
6288,20160115T144332,0
6290,20160306T202929,0
6297,20160328T024141,0
6298,20160408T000506,0
6302,20160808T020217,0
6304,20160811T004456,0
6311,20160811T052723,0
6319,20160813T163422,0
6322,20160908T125612,0
6325,20161008T182543,0
6333,20170107T022741,0
6334,20170312T022739,0
6336,20170312T055537,0
6337,20170325T220854,0
6339,20170414T160102,0
6341,20170427T141854,0
6344,20170518T165556,0
6348,20170613T213134,0
6351,20170825T205205,0
6353,20180115T140431,0
6358,20180116T132047,0
6361,20180404T212345,0
6363,20180406T151922,0
6371,20180512T023623,0
6372,20180525T211633,0
6378,20180914T135805,0
6381,20181128T213619,0
6383,20181204T043952,0
6386,20181220T004920,0
6394,20190131T082234,0
6400,20190214T194611,0
6406,20190606T225530,0
6408,20190724T051019,0
6410,20190830T014731,0
6413,20191126T112233,0
6414,20200211T182827,0
6418,20200508T004843,0
6420,20200517T232053,0
6426,20200608T062011,0
6433,20200808T210709,0
6448,20200830T115709,0
6452,20201120T184159,0
6454,20201209T021859,0
6455,20210111T210320,0
6456,20210128T180847,0
6463,20210131T192253,0
6464,20210509T002222,0
6466,20210613T033215,0
6469,20210729T114539,0
6474,20210919T142205,0
6476,20211230T081755,0
6477,20220112T034849,0
6485,20220113T182553,0
6494,20220114T113523,0
6501,20220222T020337,0
6502,20220518T072049,0
6503,20220626T091718,0
6505,20220706T021412,0
6508,20220902T035742,0
6511,20221202T095601,0
6513,20230320T213352,0
6516,20230424T145405,0
6521,20230516T000725,0
6523,20230609T214917,0
6526,20230927T084749,0
6528,20231120T065713,0
6529,20231230T135934,0
6532,20120506T000248,0
6544,20121223T060642,0
6552,20130203T084751,0
6557,20130220T184442,0
6564,20140408T025523,0
6566,20140423T164524,0
6568,20140602T170447,0
6570,20140621T170648,0
6576,20140903T175407,0
6578,20141001T212007,0
6580,20141101T062236,0
6582,20141116T055114,0
6585,20150325T130756,0
6592,20150409T160925,0
6594,20150526T121906,0
6602,20150601T151900,0
6606,20150727T185832,0
6612,20150921T222833,0
6616,20150927T174158,0
6618,20151106T042035,0
6623,20151106T104836,0
6626,20151109T174934,0
6629,20151115T105508,0
6633,20160423T075940,0
6637,20160731T125447,0
6639,20161001T163107,0
6643,20170212T113354,0
6645,20170305T010946,0
6653,20170315T050539,0
6659,20170603T004127,0
6661,20170731T111250,0
6662,20170907T162320,0
6663,20171004T185040,0
6664,20171015T060042,0
6671,20171027T091852,0
6672,20171228T160529,0
6676,20180120T120923,0
6680,20180225T022624,0
6690,20180315T204859,0
6692,20180726T040421,0
6703,20180922T214202,0
6705,20180922T223703,0
6706,20181017T184714,0
6708,20181026T141726,0
6717,20190320T103237,0
6718,20190330T110806,0
6719,20191022T061547,0
6724,20191114T064944,0
6725,20191207T121854,0
6729,20200117T075903,0
6731,20200617T014050,0
6732,20200906T052342,0
6741,20201011T010758,0
6745,20201016T231450,0
6750,20210221T231414,0
6751,20210517T111107,0
6754,20210814T035949,0
6759,20210901T210353,0
6763,20210915T053919,0
6769,20220113T183207,0
6777,20220118T120215,0
6782,20220322T080825,0
6786,20220401T202519,0
6789,20220412T203410,0
6792,20220430T005317,0
6798,20220513T180144,0
6801,20220604T013349,0
6802,20220729T204451,0
6810,20220803T145915,0
6812,20220901T071235,0
6814,20220915T202132,0
6818,20221029T133443,0
6819,20221124T215703,0
6825,20221228T034230,0
6833,20230201T013535,0
6840,20230723T053906,0
6842,20230803T045837,0
6847,20230815T164248,0
6850,20230824T140740,0
6853,20230905T212039,0
6856,20120122T071034,0
6857,20120324T170221,0
6864,20120522T170905,0
6867,20130205T010256,0
6876,20130304T122916,0
6881,20131105T163813,0
6888,20131115T074234,0
6890,20140211T035633,0
6896,20140515T150328,0
6897,20140520T170808,0
6899,20140619T043928,0
6902,20140812T181012,0
6904,20140903T175051,0
6908,20141225T154421,0
6909,20150122T122005,0
6915,20150215T082713,0
6916,20150330T033237,0
6917,20150401T080908,0
6918,20150414T225048,0
6924,20150513T112433,0
6928,20150729T185759,0
6931,20150817T180901,0
6934,20150826T140901,0
6939,20160103T002536,0
6940,20160110T140309,0
6944,20160226T052939,0
6946,20160716T102246,0
6948,20161004T011759,0
6950,20170103T125048,0
6951,20170104T003020,0
6952,20170104T100842,0
6953,20170405T172059,0
6955,20170705T155800,0
6957,20180914T060824,0
6958,20181130T200518,0
6964,20190121T090130,0
6968,20190524T144043,0
6970,20190802T033113,0
6973,20191203T150835,0
6985,20191227T031640,0
6992,20200327T124726,0
6999,20200329T015451,0
7004,20200426T004442,0
7006,20200929T202053,0
7008,20201209T020742,0
7010,20210122T041155,0
7016,20210207T052922,0
7018,20210317T013835,0
7024,20210328T055001,0
7025,20210514T235753,0
7031,20210916T064825,0
7032,20220110T231336,0
7042,20220615T092105,0
7051,20221103T074222,0
7053,20230121T040827,0
7058,20230502T155117,0
7060,20230504T173811,0
7062,20230623T042503,0
7066,20231001T054857,0
7068,20231126T030308,0
7070,20120221T063526,0
7079,20120424T013412,0
7080,20131202T061640,0
7081,20141002T204337,0
7083,20150105T154445,0
7087,20150212T130734,0
7088,20150215T122524,0
7089,20150407T115017,0
7092,20150521T021213,0
7097,20150605T233220,0
7098,20150920T114919,0
7108,20151106T035654,0
7111,20160120T023346,0
7112,20160324T080526,0
7115,20160326T155022,0
7116,20160327T110722,0
7124,20160422T084616,0
7127,20160709T034723,0
7129,20160813T022641,0
7133,20160908T084827,0
7135,20170104T092104,0
7136,20170105T181021,0
7139,20170224T022129,0
7140,20170324T090518,0
7143,20170613T203111,0
7144,20180125T012720,0
7148,20180627T011745,0
7151,20180815T145432,0
7153,20180918T192025,0
7156,20181102T231727,0
7157,20190110T110518,0
7159,20200120T101729,0
7162,20201221T210842,0
7168,20210213T105453,0
7170,20210218T070613,0
7171,20210220T090940,0
7172,20210407T004041,0
7179,20210517T170923,0
7180,20210725T030632,0
7181,20210802T035950,0
7183,20211021T150311,0
7187,20211125T072727,0
7189,20211210T021713,0
7191,20230414T115447,0
7200,20230421T064000,0
7201,20230921T072432,0
7203,20231201T041200,0
7212,20231214T023358,0
7216,20231229T052539,0
7217,20130525T174859,0
7218,20131127T055006,0
7225,20140406T133928,0
7226,20140828T103505,0
7228,20141207T104705,0
7231,20150110T065510,0
7232,20150803T174640,0
7233,20151109T211108,0
7235,20151207T210803,0
7238,20161029T034731,0
7239,20170112T191547,0
7243,20170522T210224,0
7246,20170528T180528,0
7247,20170604T062347,0
7249,20170706T194602,0
7251,20170907T141619,0
7252,20181219T235415,0
7260,20190111T151848,0
7262,20190501T062939,0
7263,20190524T153758,0
7265,20191007T122816,0
7269,20200610T075222,0
7271,20210117T171205,0
7272,20210131T193445,0
7273,20210303T034320,0
7278,20220220T082520,0
7279,20220515T064527,0
7283,20220928T211537,0
7285,20230130T042848,0
7291,20230203T041754,0
7292,20230525T045126,0
7294,20230730T234659,0
7301,20120314T104046,0
7304,20120914T200946,0
7308,20130105T121845,0
7315,20130730T042204,0
7316,20140522T185625,0
7317,20140603T004536,0
7320,20140610T205009,0
7323,20141123T004607,0
7326,20150204T133434,0
7328,20150622T140025,0
7330,20150720T220042,0
7335,20151023T065311,0
7340,20151213T174619,0
7342,20160411T115522,0
7350,20170414T182033,0
7351,20170902T063339,0
7352,20170921T083357,0
7354,20171001T014621,0
7355,20171108T153941,0
7359,20180311T090545,0
7363,20180717T175945,0
7364,20180820T101532,0
7372,20181009T013406,0
7374,20181027T063657,0
7378,20181106T003834,0
7383,20190808T232826,0
7385,20191109T073024,0
7388,20191112T104033,0
7389,20191117T014639,0
7392,20191209T053550,0
7394,20201226T044209,0
7396,20201228T181652,0
7398,20210131T192430,0
7399,20220814T123036,0
7400,20230623T170145,0
7405,20231014T151420,0
7407,20121222T085622,0
7411,20130409T173259,0
7412,20130418T101050,0
7417,20131029T151729,0
7424,20140404T165952,0
7425,20140406T193104,0
7427,20141220T003615,0
7431,20150226T093900,0
7442,20150915T212703,0
7444,20160120T164005,0
7446,20160314T094816,0
7452,20160502T092116,0
7461,20160722T044957,0
7462,20170211T212601,0
7463,20170227T070540,0
7470,20170719T224601,0
7471,20170909T041339,0
7473,20171004T164655,0
7474,20180131T102400,0
7477,20190419T023033,0
7478,20190913T224641,0
7480,20200531T130546,0
7481,20200613T150947,0
7482,20200707T221707,0
7483,20201017T165429,0
7487,20210131T192041,0
7488,20210219T085146,0
7489,20210414T065716,0
7490,20210515T042716,0
7492,20210622T163013,0
7494,20210919T182011,0
7498,20221103T075758,0
7500,20230216T121837,0
7503,20230720T191100,0
7504,20140722T175211,0
7506,20160302T051917,0
7512,20160304T104723,0
7515,20170217T171542,0
7518,20170324T090601,0
7521,20170822T030609,0
7522,20170827T083100,0
7523,20170831T064100,0
7525,20170918T031650,0
7534,20191104T104330,0
7544,20191125T232726,0
7559,20200831T064149,0
7565,20201231T113607,0
7567,20210305T235426,0
7568,20210330T222940,0
7573,20210419T032219,0
7574,20210420T020842,0
7575,20210508T115529,0
7576,20210608T022853,0
7577,20210615T095204,0
7578,20210725T032659,0
7579,20220914T014434,0
7582,20120517T135031,0
7583,20130622T060447,0
7584,20140715T062541,0
7586,20140911T031358,0
7587,20141116T051723,0
7589,20150321T210021,0
7590,20150706T171215,0
7591,20160913T062903,0
7594,20170724T152426,0
7595,20171017T143529,0
7596,20190517T022848,0
7597,20190803T155717,0
7604,20190805T131003,0
7605,20190905T222314,0
7606,20190913T172955,0
7608,20191121T213854,0
7609,20210131T193229,0
7610,20210205T045303,0
7611,20210220T190243,0
7612,20210224T144254,0
7613,20210303T033512,0
7618,20210422T010401,0
7619,20210915T090958,0
7624,20220401T082514,0
7627,20221127T200712,0
7630,20230604T181324,0
7631,20121105T110128,0
7633,20131025T110939,0
7640,20140502T113733,0
7641,20140530T181648,0
7642,20140605T125548,0
7644,20140616T143507,0
7646,20140712T154951,0
7648,20150601T042709,0
7649,20150606T113701,0
7651,20160427T151253,0
7653,20160705T215735,0
7655,20160831T084218,0
7656,20170618T062206,0
7657,20171019T104450,0
7658,20180413T122848,0
7660,20181122T083713,0
7661,20190418T081144,0
7662,20190731T061050,0
7664,20191210T110619,0
7665,20200830T111807,0
7669,20201204T070823,0
7670,20210220T181028,0
7671,20210220T203538,0
7672,20210407T114546,0
7673,20210408T064432,0
7674,20210706T064034,0
7677,20210814T002553,0
7678,20211109T042615,0
7679,20220415T084557,0
7680,20220731T190529,0
7684,20120331T160948,0
7685,20130227T232852,0
7691,20140722T190635,0
7695,20150324T195622,0
7697,20150907T042125,0
7699,20151126T205048,0
7700,20151209T144953,0
7701,20160113T070957,0
7702,20160223T183526,0
7708,20160501T023328,0
7711,20160515T063815,0
7712,20160617T024048,0
7713,20160716T102457,0
7715,20160719T153044,0
7721,20160813T043507,0
7722,20161225T135934,0
7724,20170301T224633,0
7725,20190617T220820,0
7729,20190717T074707,0
7730,20191126T194208,0
7731,20210131T193648,0
7732,20210131T194846,0
7733,20210131T200344,0
7734,20210202T042631,0
7735,20210207T230805,0
7736,20210509T224331,0
7737,20211104T022412,0
7738,20121219T045439,0
7745,20140911T031718,0
7746,20150614T111337,0
7747,20160303T165120,0
7748,20160809T230908,0
7749,20160830T093428,0
7751,20170212T202109,0
7753,20170303T181501,0
7755,20190520T194632,0
7765,20190720T104712,0
7767,20190929T155052,0
7768,20191209T053707,0
7770,20200729T081937,0
7773,20200909T133513,0
7776,20210310T231834,0
7778,20210809T184101,0
7779,20220331T005707,0
7781,20230123T023449,0
7784,20150511T082143,0
7785,20150520T140547,0
7786,20150521T190147,0
7787,20150620T100813,0
7788,20151106T034709,0
7789,20151124T181007,0
7790,20151125T043030,0
7791,20160119T011141,0
7792,20160422T231701,0
7793,20160815T213155,0
7794,20161003T201705,0
7795,20161028T012945,0
7796,20161220T220321,0
7797,20170326T103357,0
7798,20170526T174921,0
7799,20171018T062822,0
7800,20180420T001236,0
7801,20181002T233906,0
7802,20190420T074008,0
7803,20190804T064324,0
7805,20191021T202303,0
7806,20210201T102302,0
7807,20210218T035550,0
7808,20210506T232226,0
7810,20210903T162906,0
7812,20230616T112205,0
7817,20140722T005303,0
7818,20150211T094631,0
7819,20150731T171756,0
7820,20151120T063534,0
7821,20151125T010500,0
7822,20151129T104131,0
7823,20160312T001405,0
7824,20160324T031418,0
7825,20160509T012252,0
7826,20161128T063553,0
7827,20170129T232402,0
7829,20170218T062947,0
7832,20170716T171545,0
7834,20170813T214424,0
7835,20171022T074831,0
7836,20180626T114307,0
7837,20180923T094201,0
7838,20181115T204336,0
7839,20200131T185341,0
7841,20210219T182816,0
7842,20210224T175950,0
7843,20210324T021133,0
7844,20210518T152056,0
7845,20220404T091248,0
7846,20151013T055122,0
7847,20151124T235520,0
7848,20151125T234934,0
7849,20151223T023429,0
7850,20160512T221305,0
7852,20161007T195955,0
7854,20161117T203414,0
7855,20170306T020150,0
7856,20180528T154115,0
7858,20180605T093605,0
7859,20181110T204012,0
7860,20181203T213626,0
7861,20200325T113039,0
7864,20200830T104430,0
7870,20210403T144101,0
7875,20150919T221713,0
7876,20161025T094732,0
7877,20171208T141945,0
7878,20180315T201329,0
7879,20180628T012409,0
7880,20190412T075449,0
7881,20210207T224046,0
7882,20210331T212409,0
7887,20210411T042102,0
7888,20210927T215231,0
7889,20211012T043434,0
7890,20150328T214814,0
7891,20150728T024234,0
7892,20151124T234414,0
7893,20160105T022524,0
7894,20160118T012905,0
7895,20190726T004436,0
7897,20220724T081708,0
7898,20230117T095925,0
7899,20141017T163431,0
7900,20150101T145018,0
7901,20151028T171055,0
7902,20160112T115110,0
7903,20190528T144149,0
7904,20230707T034014,0
7905,20160511T210150,0
7906,20170103T124342,0
7907,20170901T222822,0
7908,20180419T164758,0
7909,20180426T125526,0
7910,20200315T183339,0
7911,20210222T180013,0
7912,20210326T155742,0
7917,20151125T184755,0
7918,20210428T032640,0
7920,20151126T060123,0
7921,20151126T134224,0
7922,20170228T045627,0
7923,20210909T011423,0
7924,20151125T092622,0
7925,20141126T012625,0
7927,20160131T074151,0
7928,20161209T172047,0
7929,20210822T082810,0
7930,20221111T123446,0
7931,20151127T005254,0
7932,20220608T015328,0
7933,20230405T061928,0
7934,20190416T031929,0
7935,20211002T125233,0
7936,20210131T190512,0
7937,20151126T054518,0
7938,20161218T133011,0
7939,20190105T192538,0
7940,20220608T005545,0
7941,20151124T224537,0
7942,20151124T225050,0
