20221228011349,X
20221220161143,X
20221212203224,X
20221209133719,X
20221126035510,X
20221117190647,X
20221117134727,X
20221114093248,X
20221028173953,X
20221027181335,X
20221027170505,X
20221027140639,X
20221027131437,X
20221027130004,X
20221016143408,X
20221016141606,X
20221003225431,X
20220923181620,X
20220830134009,X
20220823173102,X
20220823113052,X
20220823113033,X
20220823112320,X
20220823112143,X
20220823112113,X
20220822182455,X
20220822181205,X
20220817091525,X
20220816115248,X
20220801190426,X
20220801172617,X
20220716171042,X
20220701013636,X
20220622180033,X
20220608235440,X
20220529072914,X
20220521233145,X
20220517143425,X
20220512183020,X
20220501124827,X
20220423050344,X
20220423034435,X
20220423031256,X
20220423030649,X
20220401105423,X
20220203152450,X
20220201153939,X
20220111025825,X
20220108005048,X
