time,label_cat
20150730T145925,X
20141001T190400,X
20151116T053444,X
20180927T152024,X
20210512T103742,X
20230906T230219,X
20160706T024859,X
20160929T222145,X
20140409T204940,X
20170103T130414,X
20221010T063535,X
20170329T044804,X
20210426T050212,X
20220407T212625,X
20140613T184323,X
20171030T090123,X
20220807T041426,X
20170930T050354,X
20151105T161215,X
20151105T182331,X
20160707T220936,X
20171222T095403,X
20140602T190015,X
20150920T170439,X
20200314T122512,X
20231027T082013,X
20160702T022452,X
20220115T073900,X
20160712T020115,X
20140825T203452,X
20210613T170507,X
20200226T025545,X
20190423T065318,X
20221101T105741,X
20221106T050844,X
20230405T221104,X
20220502T015416,X
20210310T202312,X
20180625T184755,X
20130425T151120,X
20160324T014943,X
20170103T131512,X
20220324T134142,X
20210221T173959,X
20211021T041424,X
20180528T182341,X
20170228T092348,X
20191121T203205,X
20160218T115201,X
20151025T051551,X
20170103T162122,X
20180821T001926,X
20220629T204023,X
20150728T071351,X
20231014T001925,X
20220119T143201,X
20170219T225500,X
20180825T000244,X
20220114T030457,X
20210428T155132,X
20200225T031433,X
20230415T233100,X
20230314T145718,X
20170803T104146,X
20180917T155915,X
20181218T141249,X
20200415T144019,X
20150510T093501,X
20220530T161538,X
20230715T212830,X
20181024T174554,X
20220621T234323,X
20220119T045721,X
20200609T143154,X
20230707T192535,X
20230623T042457,X
20180511T214605,X
20220219T051005,X
20150806T102128,X
20160428T064727,X
20140513T024937,X
20160329T191619,X
20140716T200914,X
20191120T160025,X
20200904T161610,X
20220514T012949,X
20210307T114552,X
20160112T124209,X
20130121T051932,X
20160329T033520,X
20150701T233445,X
20141107T211256,X
20210219T190200,X
20220322T202341,X
20210618T044903,X
20190802T203212,X
20160719T051328,X
20200309T021836,X
20190927T200653,X
20140319T211749,X
20180918T113036,X
20160122T051645,X
20181226T134008,X
20160805T070125,X
20190514T064336,X
20180918T063149,X
20220530T150147,X
20220118T202926,X
20180319T061432,X
20140821T095504,X
20200515T200154,X
20140927T115435,X
20191017T230702,X
20160712T171325,X
20140519T163828,X
20221122T163421,X
20130109T131352,X
20230501T143323,X
20180808T050854,X
20130203T190544,X
20200628T035321,X
20160203T180450,X
20160128T013601,X
20220529T203342,X
20231207T045357,X
20190710T193928,X
20200703T143248,X
20140522T201906,X
20150417T204355,X
20180421T000824,X
20170818T083122,X
20141113T192220,X
20170405T233728,X
20210416T035904,X
20160706T164756,X
20140719T173030,X
20220413T074411,X
20190607T092900,X
20160920T051849,X
20200501T163542,X
20220520T223631,X
20200226T033115,X
20140729T145949,X
20230504T123031,X
20231119T032020,X
20201120T025057,X
20170103T141910,X
20170511T204807,X
20201107T160632,X
20240204T095650,X
20160215T023528,X
20160806T090409,X
20190422T171011,X
20181004T140825,X
20150311T035748,X
20191031T192906,X
20150920T170304,X
20220523T063523,X
20140130T234800,X
20200709T151018,X
20160910T084211,X
20170103T130207,X
20220118T153624,X
20190711T032300,X
20160904T063805,X
20190704T105303,X
20140616T192016,X
20120208T184732,X
20151215T140239,X
20240225T171210,X
20190113T213223,X
20200402T204944,X
20161119T030531,X
20190423T073809,X
20140906T144746,X
20170103T132304,X
20180630T154455,X
20200807T213901,X
20190428T104540,X
20140401T160658,X
20140507T200135,X
20230314T064720,X
20170327T123315,X
20200610T075535,X
20121002T153516,X
20170804T182904,X
20140423T174700,X
20190527T003516,X
20150805T230439,X
20210730T001629,X
20210506T145359,X
20140528T194842,X
20210522T140809,X
20191202T161838,X
20120711T201951,X
20140808T145958,X
20200429T191540,X
20141107T203457,X
20161122T032920,X
20140530T210323,X
20160420T023435,X
20190711T031426,X
20220725T145605,X
20150402T175341,X
20201102T040639,X
20140730T200137,X
20151113T020431,X
20140923T143709,X
20140823T042704,X
20151114T153143,X
20140717T140657,X
20230504T031338,X
20141028T133359,X
20190425T031002,X
20150622T223108,X
20150830T032940,X
20201218T224056,X
20230823T012531,X
20160316T204825,X
20151025T051950,X
20230408T045507,X
20201221T143601,X
20160121T161310,X
20230510T115513,X
20200228T205620,X
20231111T052909,X
20200904T170720,X
20150816T015944,X
20170719T111311,X
20140730T202920,X
20220116T114353,X
20140604T205531,X
20220531T003858,X
20220402T040631,X
20150318T204045,X
20191205T175753,X
20180813T123859,X
20150708T200440,X
20150618T141053,X
20140804T024634,X
20140804T015637,X
20140905T182457,X
20140317T065529,X
20230618T211345,X
20140405T171941,X
20200923T213044,X
20230421T021037,X
20140923T074219,X
20230822T211939,X
20180416T042031,X
20170713T222940,X
20150417T001528,X
20230422T064210,X
20150319T210559,X
20230104T114247,X
20140723T202013,X
20140728T211632,X
20200128T143723,X
20220616T060626,X
20230204T053737,X
20130802T192427,X
20200211T234936,X
20220117T182712,X
20200115T115712,X
20180825T233851,X
20170804T200449,X
20150411T141309,X
20150110T034929,X
20240130T014853,X
20140405T170841,X
20211210T161856,X
20220329T091355,X
20200317T212654,X
20151106T035536,X
20201201T131534,X
20210816T011932,X
20170619T064704,X
20180821T000722,X
20160718T172159,X
20141225T164148,X
20140617T180529,X
20190710T205846,X
20140515T145742,X
20181115T221146,X
20170113T180109,X
20141002T204810,X
20160216T180239,X
20120323T153125,X
20230527T043435,X
20220513T040705,X
20171106T153626,X
20200405T005135,X
20150313T184242,X
20220426T061720,X
20201202T220830,X
20191218T215622,X
20170803T070032,X
20190608T233224,X
20240116T074107,X
20220412T205333,X
20180821T200157,X
20220617T142445,X
20180510T182122,X
20150612T202721,X
20220114T025238,X
20210502T135334,X
20210107T204350,X
20220411T231849,X
20220119T040602,X
20230408T045653,X
20130731T212621,X
20140625T203120,X
20170511T012933,X
20220113T223033,X
20230225T212424,X
20160112T034435,X
20150106T163952,X
20191018T214523,X
20220115T074557,X
20190802T190353,X
20220426T060951,X
20220115T063206,X
20170611T054310,X
20150807T110117,X
20140725T145921,X
20190520T210623,X
20190728T103334,X
20140606T154844,X
20200608T081910,X
20160312T073113,X
20220118T231113,X
20140610T201941,X
20191206T210145,X
20140515T141759,X
20140811T140756,X
20230806T192408,X
20160405T093622,X
20160716T101104,X
20181112T230735,X
20140715T195953,X
20210608T083124,X
20150410T125921,X
20140520T170211,X
20200131T195935,X
20170803T062546,X
20190328T011211,X
20190107T171159,X
20201123T050604,X
20200807T234547,X
20151105T161352,X
20140729T204204,X
20150714T180030,X
20190914T164305,X
20210218T034741,X
20151214T081606,X
20180605T160717,X
20170810T121523,X
20170103T140820,X
20230408T194001,X
20170103T183555,X
20160729T183226,X
20150506T152237,X
20140719T174108,X
20150402T230218,X
20180406T231848,X
20161228T223420,X
20180601T184528,X
20130118T001934,X
20210526T170214,X
20230121T044812,X
20170616T154620,X
20191005T062622,X
20140829T195952,X
20231008T125207,X
20230615T200008,X
20140721T195012,X
20140405T170911,X
20160510T223505,X
20141029T152052,X
20220119T003641,X
20190714T192959,X
20200904T170254,X
20160202T140858,X
20150328T022633,X
20150205T073351,X
20230504T184111,X
20170529T201116,X
20160615T061510,X
20160226T050803,X
20150311T112400,X
20220128T055738,X
20201207T072550,X
20200910T182042,X
20151027T194017,X
20191104T204611,X
20141203T215744,X
20230401T143845,X
20200622T200749,X
20200723T142312,X
20170508T051411,X
20200822T012344,X
20210902T065455,X
20170726T011237,X
20200616T210929,X
20201125T212812,X
20210128T105750,X
20221207T154042,X
20230527T131541,X
20210513T200834,X
20161102T170142,X
20140702T195951,X
20220127T032526,X
20201129T053141,X
20230703T173242,X
20210211T080926,X
20230417T033237,X
20150804T161615,X
20130213T045908,X
20190530T133037,X
20131006T125323,X
20200607T231013,X
20140624T180656,X
20200925T194337,X
20220407T090019,X
20140823T094331,X
20210929T201812,X
20200323T162344,X
20230806T230711,X
20220702T182402,X
20170306T150947,X
20230415T013455,X
20230503T205758,X
20230305T044001,X
20160130T074026,X
20150903T125052,X
20220207T003052,X
20220119T053400,X
20180711T111250,X
20220120T080600,X
20220317T170949,X
20151113T020704,X
20160709T201353,X
20160327T185456,X
20140828T205250,X
20170203T043541,X
20190731T153118,X
20220715T211226,X
20130420T145821,X
20190102T145904,X
20210209T101418,X
20200424T223527,X
20181221T234103,X
20181112T232337,X
20200702T162430,X
20200321T024751,X
20180129T221741,X
20160109T015822,X
20190514T063803,X
20190326T053758,X
20171202T180234,X
20160317T032234,X
20230829T163914,X
20120506T224855,X
20190724T212546,X
20151219T070427,X
20200416T165951,X
20220220T150735,X
20200713T020603,X
20190704T210647,X
20190416T155852,X
20201028T065445,X
20190618T022518,X
20140609T145924,X
20220927T152429,X
20170808T100417,X
20160302T065914,X
20150120T010753,X
20220627T010819,X
20151219T072257,X
20230408T210137,X
20220617T012914,X
20150525T013953,X
20160405T043355,X
20200325T152840,X
20210701T101206,X
20150527T140050,X
20160406T002758,X
20220425T021655,X
20220115T132306,X
20140429T170953,X
20230112T151818,X
20190613T181704,X
20200925T004934,X
20140522T054256,X
20190215T093341,X
20140806T204255,X
20200407T045926,X
20220216T201649,X
20180621T204549,X
20240226T063440,X
20170803T070813,X
20191019T191102,X
20200622T035731,X
20180803T173538,X
20140929T202759,X
20200418T015540,X
20230919T011335,X
20140918T195138,X
20151025T052231,X
20200323T074347,X
20190523T162715,X
20231214T005218,X
20230324T142314,X
20170626T193903,X
20210319T053957,X
20190508T003152,X
20150425T194421,X
20180406T151522,X
20210919T081702,X
20220711T080939,X
20200307T031349,X
20140530T141306,X
20170628T151955,X
20160310T182550,X
20200314T102953,X
20220330T060848,X
20220530T135847,X
20170627T200543,X
20220523T062019,X
20160708T070029,X
20230410T061830,X
20160324T123812,X
20140405T172203,X
20150721T150856,X
20160630T222641,X
20200106T222816,X
20200120T210424,X
20191031T183234,X
20210925T192534,X
20220609T003628,X
20140512T163239,X
20170307T174109,X
20190426T000522,X
20230130T223518,X
20190925T070153,X
20140825T175937,X
20140806T002623,X
20171229T135120,X
20220219T045814,X
20190209T012949,X
20220801T033625,X
20201213T083410,X
20160323T025850,X
20170419T120716,X
20190207T182647,X
20140417T163405,X
20170327T070141,X
20130523T041656,X
20200604T225457,X
20140406T134350,X
20180309T165516,X
20160117T000640,X
20150511T160959,X
20140530T202044,X
20170627T165341,X
20180617T005510,X
20141006T073233,X
20150610T200125,X
20150509T145118,X
20220521T154044,X
20200415T144020,X
20150804T192632,X
20160608T201803,X
20190715T061550,X
20170907T165631,X
20220804T103929,X
20160324T144815,X
20200122T221808,X
20231027T144841,X
20170627T150757,X
20181223T115820,X
20160709T041530,X
20190519T042432,X
20130501T125307,X
20160906T034820,X
20140616T200926,X
20160323T013814,X
20190926T150132,X
20190325T163743,X
20220208T013815,X
20151105T175642,X
20171018T195608,X
20150515T161031,X
20151009T151249,X
20230414T210656,X
20231216T100649,X
20230405T182754,X
20230121T055828,X
20141007T204245,X
20181113T015206,X
20150707T211730,X
20150319T133824,X
20180806T072240,X
20140705T192636,X
20140927T220000,X
20130425T151329,X
20141020T074925,X
20160126T142143,X
20180608T202501,X
20191027T072011,X
20230101T002438,X
20220601T031734,X
20220421T072833,X
20140729T171158,X
20220615T001427,X
20191113T051534,X
20160727T052915,X
20170926T045101,X
20170305T161209,X
20181023T112313,X
20170606T160555,X
20130216T202545,X
20200711T140609,X
20220506T143423,X
20231026T191247,X
20190716T224043,X
20200204T205705,X
20200508T001803,X
20220513T024116,X
20160224T140033,X
20180502T162456,X
20190905T054357,X
20160708T194734,X
20130202T201051,X
20190310T044822,X
20191108T222939,X
20160113T171627,X
20141112T135048,X
20141129T153146,X
20170617T174249,X
20181015T130238,X
20140624T202102,X
20150124T041249,X
20120619T143550,X
20230801T064127,X
20211126T163343,X
20230420T084931,X
20230902T053155,X
20220713T165113,X
20140508T145401,X
20220321T013358,X
20220921T085054,X
20151216T185930,X
20151219T095702,X
20151110T061702,X
20150216T212501,X
20200224T201328,X
20130402T193419,X
20141222T184639,X
20170506T231457,X
20180411T105157,X
20190128T022047,X
20220305T052219,X
20190610T231529,X
20140521T195850,X
20230123T102042,X
20160301T180158,X
20200124T190837,X
20140825T150137,X
20140625T193502,X
20240211T221302,X
20210415T205336,X
20211224T161203,X
20230424T204621,X
20220115T093422,X
20181021T193802,X
20140406T144700,X
20160214T051018,X
20160709T055959,X
20220115T132651,X
20140122T153948,X
20190427T034215,X
20231107T075251,X
20200311T154829,X
20230601T203435,X
20191214T021846,X
20220609T015830,X
20141028T112355,X
20210412T175743,X
20140721T195848,X
20141230T223240,X
20140627T010741,X
20221028T155446,X
20230609T103914,X
20161007T025118,X
20230523T063654,X
20230527T215254,X
20230522T225110,X
20171004T070839,X
20210604T041559,X
20190919T214921,X
20140828T162722,X
20140806T163207,X
20180928T203516,X
20140616T150239,X
20240114T231931,X
20160709T081531,X
20161227T062117,X
20230815T182916,X
20220324T122855,X
20210916T211753,X
20221219T133107,X
20150205T070120,X
20230123T145814,X
20170112T193721,X
20140804T024559,X
20240116T114026,X
20181024T171956,X
20230716T061213,X
20220429T064634,X
20221124T020235,X
20160226T200107,X
20190422T201419,X
20140822T170801,X
20160101T184934,X
20181024T205320,X
20220114T210419,X
20200121T145200,X
20181118T052906,X
20231216T122549,X
20130208T135714,X
20120721T132735,X
20140420T160944,X
20220512T052530,X
20201224T144420,X
20141115T024836,X
20180331T193811,X
20200323T051958,X
20220118T191658,X
20140515T060338,X
20200925T194555,X
20141013T082921,X
20140429T163032,X
20150429T202215,X
20230420T164919,X
20140617T170004,X
20201208T095621,X
20181009T163512,X
20220314T064307,X
20170506T084941,X
20230110T211555,X
20180313T030653,X
20220409T024256,X
20181010T212919,X
20220115T113836,X
20220606T134911,X
20200625T010257,X
20160708T204216,X
20141001T201825,X
20151215T195710,X
20140417T163022,X
20130406T210422,X
20230402T073349,X
20180505T131752,X
20200221T190819,X
20231116T092253,X
20161021T030200,X
20210928T210318,X
20140528T145920,X
20220412T214653,X
20140623T150104,X
20220627T162130,X
20200316T092459,X
20181004T205744,X
20170419T053108,X
20231004T193357,X
20191119T122858,X
20140626T195551,X
20190817T064950,X
20220822T145553,X
20230424T191818,X
20230407T161637,X
20200419T204300,X
20230530T212524,X
20181219T175319,X
20160311T024819,X
20180918T150832,X
20180808T195747,X
20140529T122054,X
20130406T151542,X
20180407T171840,X
20160519T032023,X
20220404T165044,X
20180920T163920,X
20220116T072451,X
20160528T121933,X
20190128T140522,X
20210213T123615,X
20170612T012347,X
20180911T055719,X
20160312T053735,X
20140722T194921,X
20160321T081205,X
20120520T193210,X
20230406T062419,X
20210205T145725,X
20150808T121221,X
20210528T172436,X
20140520T192310,X
20151116T053752,X
20220529T223507,X
20220408T010013,X
20150803T145945,X
20150203T034729,X
20140901T195932,X
20230206T022326,X
20170706T180545,X
20200301T084519,X
20191205T154850,X
20140409T204943,X
20140818T145944,X
20160305T225159,X
20160307T153504,X
20190902T060718,X
20170901T184405,X
20140813T203458,X
20210211T215622,X
20220601T071540,X
20180903T210928,X
20220417T032113,X
20200512T042943,X
20180507T081037,X
20160604T033149,X
20140911T161013,X
20201220T005730,X
20140522T052802,X
20140821T170300,X
20190722T230324,X
20220508T104859,X
20170908T035231,X
20180913T142953,X
20141126T191607,X
20200807T035325,X
20140522T054726,X
20230513T083310,X
20230424T230338,X
20220628T072833,X
20220530T014839,X
20191001T152835,X
20200430T170025,X
20120423T092847,X
20170608T170303,X
20130305T145933,X
20150414T145908,X
20170906T090928,X
20150509T145844,X
20230207T084631,X
20181205T135544,X
20230503T044129,X
20221225T150254,X
20180122T235038,X
20200116T235018,X
20210107T141048,X
20200401T113435,X
20170918T082424,X
20220105T051005,X
20140417T164448,X
20160210T021608,X
20231119T093038,X
20201018T022117,X
20141007T195929,X
20161216T134727,X
20180814T010407,X
20200912T122845,X
20140605T202027,X
20170830T162226,X
20180615T071604,X
20141001T064241,X
20170112T192812,X
20191222T151826,X
20181005T204453,X
20220516T021737,X
20220224T234848,X
20220522T221259,X
20160520T232723,X
20200114T223446,X
20220316T224751,X
20200720T024151,X
20220213T165100,X
20190724T210719,X
20190911T210706,X
20230506T095659,X
20200311T003249,X
20180118T235636,X
20141113T143921,X
20160324T135436,X
20230429T141906,X
20150505T014136,X
20140627T014759,X
20220326T034039,X
20180725T232826,X
20190618T092819,X
20150325T181523,X
20181106T143809,X
20190718T010558,X
20230415T185632,X
20231115T223938,X
20180605T202247,X
20160120T023107,X
20140822T195901,X
20141012T063230,X
20210220T003207,X
20170619T181057,X
20140906T231119,X
20170910T202416,X
20160406T004735,X
20170711T055815,X
20230530T072227,X
20170607T052844,X
20141014T200138,X
20200205T113937,X
20180923T150249,X
20180513T210244,X
20190730T205701,X
20220410T073351,X
20220617T004026,X
20160206T190159,X
20200405T145235,X
20200120T204438,X
20210704T165548,X
20200316T165848,X
20180717T212930,X
20210201T111618,X
20211031T153636,X
20161004T093002,X
20200722T181343,X
20141203T150811,X
20190818T185658,X
20140709T221201,X
20160427T152335,X
20230324T022607,X
20230314T064621,X
20160213T090250,X
20160827T030239,X
20190120T043649,X
20160802T165014,X
20220115T222345,X
20230516T000856,X
20140818T181803,X
20220410T152755,X
20210501T071331,X
20230619T032911,X
20181220T150231,X
20220430T051008,X
20180711T190302,X
20140408T083352,X
20200114T231900,X
20230504T161323,X
20160401T142918,X
20170401T005518,X
20150713T090136,X
20211223T190811,X
20140819T144023,X
20150508T085105,X
20231001T170903,X
20220128T063039,X
20230623T042433,X
20170913T210445,X
20151110T074558,X
20140309T060229,X
20140525T042636,X
20220627T081638,X
20190218T070046,X
20140411T185137,X
20200819T040324,X
20140526T200435,X
20140920T185851,X
20160316T204707,X
20160321T191400,X
20230126T130832,X
20181231T215754,X
20140412T173612,X
20180514T200124,X
20140604T151225,X
20170530T031211,X
20191004T145620,X
20240202T061237,X
20221120T033647,X
20180925T191859,X
20191205T234836,X
20220412T122514,X
20191007T175913,X
20210817T021653,X
20140930T180018,X
20140705T144137,X
20140516T200122,X
20210607T043450,X
20200308T153343,X
20161118T063421,X
20150410T210543,X
20140725T192216,X
20150730T053441,X
20140604T235716,X
20220530T012740,X
20190523T134640,X
20220526T232337,X
20140405T171155,X
20190217T045002,X
20221213T012537,X
20140805T091724,X
20230619T055750,X
20231102T191312,X
20160214T025056,X
20150510T093453,X
20130730T095231,X
20141113T143957,X
20200915T150355,X
20140522T145929,X
20190211T152621,X
20130511T024543,X
20210508T175823,X
20131027T030206,X
20190807T202540,X
20220115T020750,X
20140415T011726,X
20220119T135440,X
20190620T090509,X
20200221T182035,X
20211208T185421,X
20200323T163323,X
20190312T160930,X
20160118T182912,X
20220411T014555,X
20230629T150107,X
20140530T213012,X
20210414T061654,X
20220927T115839,X
