folder,sisbra_time,sisbra_lat,sisbra_lon,sisbra_mag,agency,source_comments,state,localities
20141113T143940_row2730,2014-11-13T14:39:40Z,-9.27,-64.65,0.8,BARROS_ETAL_SBGF2015,(Barros_etal_SBGf2015) SIR mR_SC3=2.7,RO,Jirau
20141113T202809_row2733,2014-11-13T20:28:09.700000Z,-9.27,-64.65,1.3,BARROS_ETAL_SBGF2015,(Barros_etal_SBGf2015) SIR mR_SC3=1.6,RO,Jirau
20170103T210502_row3395,2017-01-03T21:05:02Z,-3.14,-43.86,2.2,DIAS ET AL. GJINT. 2018,(Dias et al. GJInt. 2018),MA,Cachoeira Grande
20170107T022741_row3400,2017-01-07T02:27:41Z,-3.14,-43.86,2.1,DIAS ET AL. GJINT. 2018,(Dias et al. GJInt. 2018),MA,Cachoeira Grande
20170110T043044_row3401,2017-01-10T04:30:44Z,-3.14,-43.86,0.2,DIAS ET AL. GJINT. 2018,(Dias et al. GJInt. 2018),MA,Cachoeira Grande
20170111T225404_row3403,2017-01-11T22:54:04Z,-3.14,-43.86,1.2,DIAS ET AL. GJINT. 2018,(Dias et al. GJInt. 2018),MA,Cachoeira Grande
20170111T231156_row3404,2017-01-11T23:11:56Z,-3.14,-43.86,0.8,DIAS ET AL. GJINT. 2018,(Dias et al. GJInt. 2018),MA,Cachoeira Grande
20170112T085502_row3405,2017-01-12T08:55:02Z,-3.14,-43.86,1.0,DIAS ET AL. GJINT. 2018,(Dias et al. GJInt. 2018),MA,Cachoeira Grande
20170117T001657_row3410,2017-01-17T00:16:57Z,-3.14,-43.86,0.2,DIAS ET AL. GJINT. 2018,(Dias et al. GJInt. 2018),MA,Cachoeira Grande
20170119T071435_row3411,2017-01-19T07:14:35Z,-3.14,-43.86,0.9,DIAS ET AL. GJINT. 2018,(Dias et al. GJInt. 2018),MA,Cachoeira Grande
20170119T233557_row3412,2017-01-19T23:35:57Z,-3.14,-43.86,0.1,DIAS ET AL. GJINT. 2018,(Dias et al. GJInt. 2018),MA,Cachoeira Grande
20170122T144052_row3413,2017-01-22T14:40:52Z,-3.14,-43.86,1.3,DIAS ET AL. GJINT. 2018,(Dias et al. GJInt. 2018),MA,Cachoeira Grande
20170202T071510_row3416,2017-02-02T07:15:10.600000Z,-3.143,-43.857,0.6,DIAS ET AL. GJINT. 2018; UNB; USP,(Dias et al. GJInt. 2018; UnB; USP),MA,Cachoeira Grande
20031010T171706_row1848,2003-10-10T17:17:06Z,-24.02,-45.97,2.2,ESAR,(ESAR),RJ,Plataforma continental
20041227T142405_row1895,2004-12-27T14:24:05Z,-22.23,-44.8,2.2,ESAR,(ESAR),SP,Cruzeiro
20051226T134145_row1916,2005-12-26T13:41:45Z,-25.03,-45.26,2.0,ESAR,(ESAR),SP,Plataforma continental
20051231T053246_row1917,2005-12-31T05:32:46Z,-22.53,-46.77,2.1,ESAR,(ESAR),SP,Serra Negra
20060103T192952_row1918,2006-01-03T19:29:52Z,-21.69,-42.38,2.1,ESAR,(ESAR),MG,Leopoldina
20060701T143904_row1938,2006-07-01T14:39:04Z,-21.08,-46.71,2.1,ESAR,(ESAR),MG,Jacui
20070905T040908_row1965,2007-09-05T04:09:08Z,-24.62,-43.28,2.3,ESAR,(ESAR),RJ,Plataforma continental
20080310T181742_row1982,2008-03-10T18:17:42Z,-23.72,-46.32,2.1,ESAR,(ESAR),SP,Ribeirao Pires
20080315T033230_row1983,2008-03-15T03:32:30Z,-24.99,-45.37,2.2,ESAR,(ESAR),SP,Plataforma continental
20080408T173113_row1992,2008-04-08T17:31:13Z,-23.59,-46.33,2.2,ESAR,(ESAR),SP,RIBEIRAO PIRES
20080513T194812_row2001,2008-05-13T19:48:12Z,-23.72,-46.3,2.0,ESAR,(ESAR),SP,RIBEIRAO PIRES
20080515T200705_row2002,2008-05-15T20:07:05Z,-21.43,-42.64,2.1,ESAR,(ESAR),MG,CATAGUASES
20081215T203657_row2016,2008-12-15T20:36:57Z,-23.63,-45.79,2.1,ESAR,(ESAR),SP,SALESOPOLIS
20090223T191941_row2022,2009-02-23T19:19:41Z,-24.42,-45.77,2.3,ESAR,(ESAR),RJ,Plataforma continental
20090305T011046_row2025,2009-03-05T01:10:46Z,-24.28,-44.59,2.2,ESAR,(ESAR),SP,Plataforma continental
20090309T164649_row2027,2009-03-09T16:46:49Z,-24.0,-45.86,2.4,ESAR,(ESAR),SP,Plataforma continental
20090311T175927_row2028,2009-03-11T17:59:27Z,-24.47,-45.92,2.4,ESAR,(ESAR),SP,Plataforma continental
20090331T154306_row2033,2009-03-31T15:43:06Z,-24.67,-44.96,2.2,ESAR,(ESAR),SP,Plataforma continental
20090430T202152_row2037,2009-04-30T20:21:52Z,-23.29,-46.28,2.4,ESAR,(ESAR),SP,STA ISABEL
20090620T145307_row2044,2009-06-20T14:53:07Z,-24.72,-45.57,2.2,ESAR,(ESAR),SP,Plataforma continental
20090701T145952_row2047,2009-07-01T14:59:52Z,-24.78,-45.32,2.2,ESAR,(ESAR),SP,Plataforma continental
20090711T183022_row2051,2009-07-11T18:30:22Z,-24.03,-45.9,2.4,ESAR,(ESAR),SP,Plataforma continental
20090903T153912_row2062,2009-09-03T15:39:12Z,-23.91,-45.85,2.4,ESAR,(ESAR),SP,Plataforma continental
20091031T174144_row2073,2009-10-31T17:41:44Z,-24.06,-46.04,2.4,ESAR,(ESAR),SP,Plataforma continental
20091105T185619_row2075,2009-11-05T18:56:19Z,-24.18,-45.98,2.4,ESAR,(ESAR),SP,Plataforma continental
20091123T164051_row2077,2009-11-23T16:40:51Z,-24.12,-45.83,2.4,ESAR,(ESAR),SP,Plataforma continental
20100215T185038_row2097,2010-02-15T18:50:38Z,-24.34,-45.82,2.4,ESAR,(ESAR),SP,Plataforma continental
20100304T195148_row2107,2010-03-04T19:51:48Z,-24.31,-45.82,2.4,ESAR,(ESAR),SP,Plataforma continental
20100306T143434_row2108,2010-03-06T14:34:34Z,-24.45,-45.72,2.2,ESAR,(ESAR),SP,Plataforma continental
20100318T202131_row2114,2010-03-18T20:21:31Z,-23.43,-45.93,2.0,ESAR,(ESAR),SP,Salesopolis
20100320T190423_row2115,2010-03-20T19:04:23Z,-24.01,-46.08,2.2,ESAR,(ESAR),SP,Plataforma continental
20100322T135750_row2116,2010-03-22T13:57:50Z,-24.66,-45.27,2.1,ESAR,(ESAR),SP,Plataforma continental
20100424T154439_row2136,2010-04-24T15:44:39Z,-25.18,-44.93,2.4,ESAR,(ESAR),SP,Plataforma continental
20100506T080931_row2141,2010-05-06T08:09:31Z,-24.1,-44.76,2.0,ESAR,(ESAR),SP,Plataforma continental
20100519T005448_row2142,2010-05-19T00:54:48Z,-22.97,-44.09,2.1,ESAR,(ESAR),RJ,Mangaratiba
20100525T192634_row2144,2010-05-25T19:26:34Z,-21.77,-43.45,2.0,ESAR,(ESAR),MG,Juiz de Fora
20100531T023311_row2149,2010-05-31T02:33:11Z,-23.48,-45.8,2.3,ESAR,(ESAR),SP,Paraibuna
20100831T191216_row2157,2010-08-31T19:12:16Z,-21.82,-43.41,2.0,ESAR,(ESAR),MG,JUIZ DE FORA
20101014T035131_row2164,2010-10-14T03:51:31Z,-24.38,-45.08,2.3,ESAR,(ESAR),SP,Plataforma Continental
20101105T144959_row2170,2010-11-05T14:49:59Z,-24.47,-45.25,2.1,ESAR,(ESAR),SP,Plataforma Continental
20101109T145057_row2171,2010-11-09T14:50:57Z,-21.48,-43.58,2.2,ESAR,(ESAR),MG,JUIZ DE FORA
20110106T193008_row2185,2011-01-06T19:30:08Z,-22.96,-44.55,2.0,ESAR,(ESAR),RJ,NW de ESAR
20110203T182644_row2192,2011-02-03T18:26:44Z,-22.13,-43.12,2.0,ESAR,(ESAR),RJ,Tres Rios
20110220T140632_row2195,2011-02-20T14:06:32Z,-24.78,-45.03,2.4,ESAR,(ESAR),SP,Plataforma continental
20110521T195104_row2221,2011-05-21T19:51:04Z,-24.09,-46.04,2.1,ESAR,(ESAR),SP,Plataforma continental
20110811T151601_row2236,2011-08-11T15:16:01Z,-22.91,-44.17,2.1,ESAR,(ESAR),RJ,NW de ESAR
20110812T100204_row2237,2011-08-12T10:02:04Z,-22.92,-44.17,2.4,ESAR,(ESAR),RJ,NW de ESAR
20110812T100728_row2238,2011-08-12T10:07:28Z,-22.91,-44.17,2.3,ESAR,(ESAR),RJ,NW de ESAR
20111001T014004_row2247,2011-10-01T01:40:04Z,-25.17,-44.72,2.2,ESAR,(ESAR),SP,Plataforma Continental
20111004T140131_row2248,2011-10-04T14:01:31Z,-22.87,-44.42,2.0,ESAR,(ESAR),RJ,A norte de ESAR
20111119T040319_row2269,2011-11-19T04:03:19Z,-21.3,-43.97,2.2,ESAR,(ESAR),MG,Barbacena
20111120T041503_row2270,2011-11-20T04:15:03Z,-23.63,-44.92,2.2,ESAR,(ESAR),SP,Plataforma Continental
20030620T061939_row1822,2003-06-20T06:19:39Z,-7.54,-71.62,6.4,GS;IAG;UNB,(GS;IAG;UnB) Bauru-SP-IMM,AC,Acre
20040312T025002_row1861,2004-03-12T02:50:02Z,-8.22,-38.37,2.2,IAG,(IAG),PE,Carqueja
20100222T074634_row2098,2010-02-22T07:46:34Z,-21.41,-48.5,0.8,IAG,(IAG),SP,Taquaritinga
20120402T044730_row2310,2012-04-02T04:47:30Z,-16.59,-43.9,1.3,IAG,(IAG) sentido,MG,Montes Claros
20120721T132156_row2350,2012-07-21T13:21:56Z,-30.36,-53.46,0.9,IAG,(IAG) VilaProgresso 3evts.,RS,Cacapava do Sul
20160419T144543_row3204,2016-04-19T14:45:43Z,-21.37,-48.57,1.5,IAG,(IAG),SP,Jurupema
20160525T054902_row3237,2016-05-25T05:49:02Z,-21.367,-48.582,1.5,IAG,(IAG),SP,Jurupema
20160525T091343_row3238,2016-05-25T09:13:43Z,-21.366,-48.576,1.5,IAG,(IAG),SP,Jurupema
20070524T153058_row1957,2007-05-24T15:30:58Z,-15.03,-44.3,3.8,IAG MR 3.5; UNB=3.5; ISC MB 4.1,(IAG mR 3.5; UnB=3.5; ISC mb 4.1),MG,Itacarambi
20030109T031932_row1802,2003-01-09T03:19:32Z,-23.83,-42.98,3.5,IAG;IPT,(IAG;IPT),SP,Margem Cont.
20040601T040311_row1873,2004-06-01T04:03:11Z,-22.99,-41.89,2.3,IAG;IPT,(IAG;IPT),RJ,MARGEM CONT
20110818T211454_row2240,2011-08-18T21:14:54Z,-30.44,-49.96,3.3,IAG;IPT,(IAG;IPT),RS,Plataforma Continental
20110928T050437_row2246,2011-09-28T05:04:37Z,-29.61,-50.24,2.2,IAG;IPT,(IAG;IPT) serie de evts.,RS,Maquineh
20020506T061202_row1761,2002-05-06T06:12:02Z,-19.45,-44.03,2.9,IAG;IPT;UNB,(IAG;IPT;UnB)  IAG2.7-UnB3.0,MG,Pedro Leopoldo
20040516T142937_row1863,2004-05-16T14:29:37Z,-25.22,-44.72,3.9,IAG;IPT;UNESP-RC,(IAG;IPT;UNESP-RC),SP,Margem Cont.
20131125T130411_row2500,2013-11-25T13:04:11Z,-5.46,-36.14,2.8,IAG;UFRN,(IAG;UFRN),RN,Pedra Preta
20131201T222656_row2502,2013-12-01T22:26:56Z,-5.57,-36.16,1.7,IAG;UFRN,(IAG;UFRN),RN,Pedra Preta
20030427T225745_row1814,2003-04-27T22:57:45Z,-8.21,-71.64,5.6,IAG;UNB,(IAG;UnB) R.Branco IIMM,AC,Rio Branco
20121115T030315_row2377,2012-11-15T03:03:15Z,-16.703,-43.88,2.3,IAG;UNB,(IAG;UnB) IAG local net,MG,Montes Claros
20121129T140912_row2383,2012-11-29T14:09:12Z,-16.7,-43.88,1.6,IAG;UNB,(IAG;UnB),MG,Montes Claros
20121219T053219_row2390,2012-12-19T05:32:19Z,-16.7,-43.88,2.1,IAG;UNB,(IAG;UnB),MG,Montes Claros
20131111T001500_row2497,2013-11-11T00:15:00Z,-0.1,-67.1,3.0,IAG;UNB,(IAG;UnB),AM,S.Gabriel da Cachoeira
20070513T130055_row1956,2007-05-13T13:00:55Z,-21.06,-48.5,2.2,IAG;UNESP,(IAG;UNESP),SP,BEBEDOURO
20091103T231708_row2074,2009-11-03T23:17:08Z,-21.67,-50.17,2.1,IAG;UNESP,(IAG;UNESP),SP,ALTO ALEGRE
20100329T031118_row2120,2010-03-29T03:11:18Z,-26.47,-49.08,1.2,IPT,(IPT) sentido pela populacao,SC,Jaragua do Sul
20100329T042422_row2121,2010-03-29T04:24:22Z,-26.49,-49.17,1.8,IPT,(IPT) sentido pela populacao,SC,Jaragua do Sul
20100329T230538_row2122,2010-03-29T23:05:38Z,-26.53,-49.01,0.9,IPT,(IPT) sentido pela populacao,SC,Jaragua do Sul
20100402T220050_row2123,2010-04-02T22:00:50Z,-26.46,-49.23,1.0,IPT,(IPT) sentido pela populacao,SC,Jaragua do Sul
20080423T001942_row1995,2008-04-23T00:19:42Z,-25.7,-45.41,2.1,IPT IAG,(IPT IAG) replica,SP,Plat. Continental
20080423T003855_row1997,2008-04-23T00:38:55Z,-25.7,-45.41,1.8,IPT IAG,(IPT IAG) replica,SP,Plataf. Cont.
20010513T072815_row1747,2001-05-13T07:28:15Z,-27.27,-51.62,1.4,IPT: ML DE IT4 MC1,(IPT: ML de IT4 MC1),SC,Lacerdopolis
20110714T031500_row2229,2011-07-14T03:15:00Z,-23.38,-45.66,2.4,IPT;ESAR;IAG,(IPT;ESAR;IAG),SP,Paraibuna
20001101T042801_row1732,2000-11-01T04:28:01Z,-8.05,-74.89,5.2,ISC,(ISC),AC,Cruz.do Sul
20030708T032532_row1825,2003-07-08T03:25:32Z,-6.98,-71.82,5.1,ISC,(ISC),AC,Acre
20160408T043504_row3195,2016-04-08T04:35:04Z,-36.33,-45.78,4.4,ISC MB 4.4,(ISC mb 4.4),RS,South Atlantic
20001101T042745_row1731,2000-11-01T04:27:45Z,-7.97,-74.35,5.8,ISC; IAG,(ISC; IAG),AC,Cruz.do Sul
20020420T052155_row1758,2002-04-20T05:21:55Z,1.37,-34.95,4.1,ISC; MS=3.2,(ISC; Ms=3.2),RN,Atlantico C.
20021012T200910_row1795,2002-10-12T20:09:10Z,-8.32,-71.67,6.4,ISC;IAG;UNB,(ISC;IAG;UnB),AC,Acre
20190805T004042_row3880,2019-08-05T00:40:42Z,1.1,-27.98,5.8,MB-MAGSC3,(mb-magSC3) Arq.S.Pedro-SPaulo,BR,Central Mid Atl.Ridge
20171010T015839_row3546,2017-10-10T01:58:39Z,-8.33,-36.13,1.7,MLV_SC3-0.5,(MLv_SC3-0.5) UFRN,PE,Sao Caetano
20121024T122026_row2375,2012-10-24T12:20:26Z,-24.28,-42.52,2.4,ON,(ON),RJ,Plataforma continental
20140105T203210_row2510,2014-01-05T20:32:10Z,-5.44,-36.11,1.3,RSBR,(RSBR) IAG) SC3 ML-0.5,RN,Pedra_Preta
20140107T084000_row2511,2014-01-07T08:40:00Z,-16.7,-43.9,2.5,RSBR,(RSBR) UnB),MG,Montes Claros
20140401T161123_row2522,2014-04-01T16:11:23Z,-16.63,-43.74,2.0,RSBR,(RSBR) IAG;JANB),MG,Montes Claros
20140715T062541_row2628,2014-07-15T06:25:41Z,-8.61,-53.28,2.8,RSBR,(RSBR) SC3 mb=3.6,PA,Rio Peti
20140922T093810_row2694,2014-09-22T09:38:10Z,-8.6,-53.31,3.4,RSBR,(RSBR) UnB,PA,Sul do Pará
20141012T124634_row2711,2014-10-12T12:46:34Z,4.22,-52.67,4.2,RSBR,(RSBR) UnB,GY,Cayenne
20150123T050629_row2763,2015-01-23T05:06:29Z,-13.15,-49.24,2.4,RSBR,(RSBR),TO,Tocantins
20150729T185759_row2910,2015-07-29T18:57:59Z,-11.65,-47.53,2.1,RSBR,(RSBR),TO,Natividade
20150928T074150_row2950,2015-09-28T07:41:50Z,3.51,-27.78,4.1,RSBR,(RSBR),PE,Arquip.S.Pedro S.Paulo
20190128T044942_row3754,2019-01-28T04:49:42Z,-20.54,-41.2,2.2,RSBR,(RSBR) ok,ES,Castelo
20151105T161602_row2975,2015-11-05T16:16:02Z,-20.211,-43.455,1.4,RSBR AGURTO ETAL 2016,(RSBR Agurto etal 2016),MG,Mariana Mina-Germano
20151105T175928_row2977,2015-11-05T17:59:28Z,-20.21,-43.45,1.7,RSBR AGURTO ETAL 2016,(RSBR Agurto etal 2016),MG,Mariana Mina-Germano
20150216T212502_row2789,2015-02-16T21:25:02Z,-9.59,-65.57,3.5,RSBR UNB,(RSBR UnB),RO,BR-364
20160320T025046_row3156,2016-03-20T02:50:46Z,-12.81,-39.16,2.1,RSBR-USP,(RSBR-USP),BA,Conceicao do Almeida
20180414T205018_row3622,2018-04-14T20:50:18Z,-3.63,-40.39,1.3,RSBR-USP,(RSBR-USP),CE,Meruoca
20181102T231727_row3714,2018-11-02T23:17:27Z,-0.85,-58.76,2.9,RSBR-USP,(RSBR-USP),PA,Oriximina
20190318T180217_row3781,2019-03-18T18:02:17Z,-10.02,-36.78,2.5,RSBR-USP,(RSBR-USP) (USP),AL,Olho dAgua Grande
20190318T181124_row3782,2019-03-18T18:11:24Z,-9.96,-36.63,1.6,RSBR-USP,(RSBR-USP) (USP),AL,Feira Grande
20190724T051019_row3866,2019-07-24T05:10:19Z,-5.04,-39.58,2.0,RSBR-USP,(RSBR-USP),CE,Quixeramobim
20190726T004435_row3870,2019-07-26T00:44:35Z,-5.04,-39.57,3.1,RSBR-USP,(RSBR-USP),CE,Quixeramobim
20190803T155716_row3877,2019-08-03T15:57:16Z,-19.93,-43.12,2.6,RSBR-USP,(RSBR-USP),MG,Rio Piracicaba
20200909T133513_row4244,2020-09-09T13:35:13Z,-8.28,-36.05,2.5,RSBR-USP,(RSBR-USP),PE,Caruaru
20210312T210220_row4521,2021-03-12T21:02:20Z,-25.8,-56.89,0.0,RSBR-USP,(RSBR-USP),PY,Missiones
20171016T110010_row3550,2017-10-16T11:00:10Z,-4.31,-38.39,3.0,RSBR-USP-UFRN,(RSBR-USP-UFRN),CE,Cascavel
20130409T173254_row2437,2013-04-09T17:32:54Z,-6.51,-50.06,2.8,RSBR;UNB NO=16,(RSBR;UnB NO=16) Explosão?,PA,Canaã dos Carajás
20130220T054729_row2424,2013-02-20T05:47:29Z,-18.52,-45.49,1.3,RSBR;UNB NO=18,(RSBR;UnB NO=18) (*),MG,Represa Três Marias
20170817T201604_row3511,2017-08-17T20:16:04Z,-19.17,-44.84,2.6,RSVL-USP,(RSVL-USP) suspected quake,MG,Minas Gerais
20170821T172214_row3515,2017-08-21T17:22:14Z,-19.81,-44.21,2.5,RSVL-USP,(RSVL-USP) suspected quake,MG,Minas Gerais
20171002T030142_row3541,2017-10-02T03:01:42Z,-19.78,-44.07,2.1,RSVL-USP,(RSVL-USP) suspected quake,MG,Minas Gerais
20171008T055339_row3545,2017-10-08T05:53:39Z,-21.28,-44.82,1.4,RSVL-USP,(RSVL-USP) suspected quake,MG,Minas Gerais
20171013T023654_row3548,2017-10-13T02:36:54Z,-19.85,-43.77,1.5,RSVL-USP,(RSVL-USP) suspected quake,MG,Minas Gerais
20171103T202229_row3557,2017-11-03T20:22:29Z,-21.24,-44.86,2.7,RSVL-USP,(RSVL-USP) suspected quake,MG,Minas Gerais
20171106T180339_row3561,2017-11-06T18:03:39Z,-21.08,-44.62,2.5,RSVL-USP,(RSVL-USP) suspected quake,MG,Minas Gerais
20171107T143148_row3562,2017-11-07T14:31:48Z,-19.56,-44.12,2.5,RSVL-USP,(RSVL-USP) suspected quake,MG,Minas Gerais
20181107T145903_row3716,2018-11-07T14:59:03Z,-20.9,-43.81,2.5,RSVL-USP,(RSVL-USP) suspected quake,MG,Minas Gerais
20181114T054919_row3721,2018-11-14T05:49:19Z,-21.21,-44.49,2.7,RSVL-USP,(RSVL-USP) suspected quake,MG,Minas Gerais
20181121T200828_row3725,2018-11-21T20:08:28Z,-21.1,-44.56,2.6,RSVL-USP,(RSVL-USP) suspected quake,MG,Minas Gerais
20190518T153058_row3820,2019-05-18T15:30:58Z,-6.25,-49.7,2.0,RSVL-USP,(RSVL-USP) suspected quake,PA,Carajás
20190526T064540_row3828,2019-05-26T06:45:40Z,-20.25,-43.53,2.0,RSVL-USP,(RSVL-USP) suspected quake,MG,Minas Gerais
20190531T044220_row3834,2019-05-31T04:42:20Z,-5.76,-50.5,1.9,RSVL-USP,(RSVL-USP) suspected quake,PA,Carajás
20190607T030437_row3837,2019-06-07T03:04:37Z,-5.88,-50.6,1.7,RSVL-USP,(RSVL-USP) suspected quake,PA,Carajás
20190611T094848_row3842,2019-06-11T09:48:48Z,-5.76,-50.51,1.7,RSVL-USP,(RSVL-USP) felt,PA,Carajás
20190705T053603_row3853,2019-07-05T05:36:03Z,-6.59,-50.12,2.4,RSVL-USP,(RSVL-USP) suspected quake,PA,Carajás
20190717T074559_row3860,2019-07-17T07:45:59Z,-6.41,-50.05,1.4,RSVL-USP,(RSVL-USP) suspected quake,PA,Carajás
20190819T035051_row3891,2019-08-19T03:50:51Z,-6.4,-50.09,1.7,RSVL-USP,(RSVL-USP) suspected quake,PA,Carajás
20190903T072755_row3895,2019-09-03T07:27:55Z,-5.85,-50.6,2.2,RSVL-USP,(RSVL-USP) suspected quake,PA,Carajás
20191015T074027_row3916,2019-10-15T07:40:27Z,-6.53,-50.04,1.7,RSVL-USP,(RSVL-USP) suspected quake,PA,Carajás
20191101T035302_row3923,2019-11-01T03:53:02Z,-6.42,-50.11,1.8,RSVL-USP,(RSVL-USP) suspected quake,PA,Carajás
20191103T161506_row3927,2019-11-03T16:15:06Z,-5.84,-50.63,3.4,RSVL-USP,(RSVL-USP) suspected quake,PA,Carajás
20191107T194355_row3930,2019-11-07T19:43:55Z,-6.26,-49.69,1.9,RSVL-USP,(RSVL-USP) suspected quake,PA,Carajás
20191110T195203_row3933,2019-11-10T19:52:03Z,-5.72,-50.52,2.9,RSVL-USP,(RSVL-USP) suspected quake,PA,Carajás
20191110T235459_row3934,2019-11-10T23:54:59Z,-20.64,-43.71,1.9,RSVL-USP,(RSVL-USP) suspected quake,MG,Minas Gerais
20191125T225135_row3944,2019-11-25T22:51:35Z,-20.43,-43.87,2.1,RSVL-USP,(RSVL-USP) suspected quake,MG,Minas Gerais
20191201T032128_row3950,2019-12-01T03:21:28Z,-5.87,-50.59,1.7,RSVL-USP,(RSVL-USP) suspected quake,PA,Carajás
20191201T191224_row3951,2019-12-01T19:12:24Z,-6.44,-50.12,3.1,RSVL-USP,(RSVL-USP) suspected quake,PA,Carajás
20191215T155659_row3962,2019-12-15T15:56:59Z,-6.45,-50.12,3.1,RSVL-USP,(RSVL-USP) suspected quake,PA,Carajás
20191229T151235_row3966,2019-12-29T15:12:35Z,-6.46,-50.14,2.8,RSVL-USP,(RSVL-USP) suspected quake,PA,Carajás
20191229T202852_row3967,2019-12-29T20:28:52Z,-6.48,-50.13,2.7,RSVL-USP,(RSVL-USP) suspected quake,PA,Carajás
20200126T155733_row3988,2020-01-26T15:57:33Z,-5.78,-50.53,2.3,RSVL-USP,(RSVL-USP) suspected quake,PA,Carajás
20200126T193516_row3989,2020-01-26T19:35:16Z,-6.42,-50.08,2.6,RSVL-USP,(RSVL-USP) suspected quake,PA,Carajás
20200126T204945_row3990,2020-01-26T20:49:45Z,-5.78,-50.54,2.0,RSVL-USP,(RSVL-USP) suspected quake,PA,Carajás
20200202T181914_row3995,2020-02-02T18:19:14Z,-6.16,-50.22,1.9,RSVL-USP,(RSVL-USP) suspected quake,PA,Carajás
20200211T031105_row3999,2020-02-11T03:11:05Z,-6.83,-49.38,2.2,RSVL-USP,(RSVL-USP) suspected quake,PA,Carajás
20200216T190142_row4004,2020-02-16T19:01:42Z,-6.43,-50.12,3.1,RSVL-USP,(RSVL-USP) suspected quake,PA,Carajás
20200301T203053_row4020,2020-03-01T20:30:53Z,-6.42,-50.12,3.2,RSVL-USP,(RSVL-USP) suspected quake,PA,Carajás
20200310T200304_row4025,2020-03-10T20:03:04Z,-5.84,-50.62,3.0,RSVL-USP,(RSVL-USP) felt,PA,Carajás
20200310T201755_row4026,2020-03-10T20:17:55Z,-5.8,-50.51,2.0,RSVL-USP,(RSVL-USP) felt,PA,Carajás
20200403T125648_row4053,2020-04-03T12:56:48Z,-5.77,-50.47,1.1,RSVL-USP,(RSVL-USP) felt,PA,Carajás
20200423T155553_row4070,2020-04-23T15:55:53Z,-5.69,-50.49,1.5,RSVL-USP,(RSVL-USP) felt,PA,Carajás
20200503T052605_row4085,2020-05-03T05:26:05Z,-5.7,-50.55,1.8,RSVL-USP,(RSVL-USP) suspected quake,PA,Carajás
20200503T072030_row4086,2020-05-03T07:20:30Z,-5.77,-50.58,2.6,RSVL-USP,(RSVL-USP) suspected quake,PA,Carajás
20200505T223706_row4090,2020-05-05T22:37:06Z,-6.42,-50.06,1.9,RSVL-USP,(RSVL-USP) felt,PA,Carajás
20200618T015538_row4127,2020-06-18T01:55:38Z,-5.66,-50.54,2.4,RSVL-USP,(RSVL-USP) suspected quake,PA,Carajás
20200719T172530_row4157,2020-07-19T17:25:30Z,-6.45,-50.06,2.5,RSVL-USP,(RSVL-USP) suspected quake,PA,Carajás
20200726T201207_row4166,2020-07-26T20:12:07Z,-6.44,-50.11,3.0,RSVL-USP,(RSVL-USP) suspected quake,PA,Carajás
20200812T075626_row4182,2020-08-12T07:56:26Z,-6.38,-50.07,1.7,RSVL-USP,(RSVL-USP) suspected quake,PA,Carajás
20200906T044523_row4237,2020-09-06T04:45:23Z,-5.74,-50.48,2.3,RSVL-USP,(RSVL-USP) suspected quake,PA,Carajás
20200913T191937_row4256,2020-09-13T19:19:37Z,-6.4,-50.09,3.3,RSVL-USP,(RSVL-USP) suspected quake,PA,Carajás
20200920T130201_row4266,2020-09-20T13:02:01Z,-5.83,-50.47,1.8,RSVL-USP,(RSVL-USP) suspected quake,PA,Carajás
20200920T155042_row4267,2020-09-20T15:50:42Z,-6.39,-50.01,2.9,RSVL-USP,(RSVL-USP) suspected quake,PA,Canaã dos Carajás
20200927T194200_row4278,2020-09-27T19:42:00Z,-6.44,-50.09,3.1,RSVL-USP,(RSVL-USP) suspected quake,PA,Carajás
20201010T182359_row4291,2020-10-10T18:23:59Z,-5.83,-50.43,1.0,RSVL-USP,(RSVL-USP) felt,PA,Carajás
20201011T085349_row4294,2020-10-11T08:53:49Z,-5.81,-50.49,2.0,RSVL-USP,(RSVL-USP) suspected quake,PA,Carajás
20201024T164559_row4311,2020-10-24T16:45:59Z,-7.08,-49.91,2.5,RSVL-USP,(RSVL-USP) suspected quake,PA,Carajás
20201129T230735_row4355,2020-11-29T23:07:35Z,-5.83,-50.6,2.8,RSVL-USP,(RSVL-USP) suspected quake,PA,Carajás
20201206T001055_row4361,2020-12-06T00:10:55Z,-5.81,-50.5,0.9,RSVL-USP,(RSVL-USP) suspected quake,PA,Carajás
20201206T062602_row4362,2020-12-06T06:26:02Z,-5.79,-50.54,0.8,RSVL-USP,(RSVL-USP) suspected quake,PA,Carajás
20201206T162122_row4363,2020-12-06T16:21:22Z,-6.03,-50.18,1.8,RSVL-USP,(RSVL-USP) suspected quake,PA,Carajás
20201206T162326_row4364,2020-12-06T16:23:26Z,-6.0,-50.16,1.6,RSVL-USP,(RSVL-USP) suspected quake,PA,Carajás
20201220T090118_row4374,2020-12-20T09:01:18Z,-6.46,-50.12,2.5,RSVL-USP,(RSVL-USP) suspected quake,PA,Carajás
20200621T200525_row4128,2020-06-21T20:05:25Z,-6.44,-50.06,3.2,RSVL-USP; UNB,(RSVL-USP; UnB) suspected quake,PA,Carajás
20200705T182342_row4143,2020-07-05T18:23:42Z,-5.77,-50.58,3.3,RSVL-USP; UNB,(RSVL-USP; UnB) suspected quake,PA,Carajás
20200920T164419_row4268,2020-09-20T16:44:19Z,-5.8,-50.6,3.1,RSVL-USP; UNB,(RSVL-USP; UnB) suspected quake,PA,Carajás
20201002T202619_row4287,2020-10-02T20:26:19Z,-21.0,-44.63,2.6,RSVL-USP; UNB,(RSVL-USP; UnB) suspected quake,MG,Bom Sucesso
20201010T182056_row4290,2020-10-10T18:20:56Z,-5.81,-50.5,3.0,RSVL-USP; UNB,(RSVL-USP; UnB) felt,PA,Carajás
20201010T183916_row4292,2020-10-10T18:39:16Z,-5.74,-50.55,3.0,RSVL-USP; UNB,(RSVL-USP; UnB) felt,PA,Carajás
20201122T183602_row4349,2020-11-22T18:36:02Z,-6.37,-50.13,3.0,RSVL-USP; UNB,(RSVL-USP; UnB) suspected quake,PA,Carajás
20201129T150539_row4353,2020-11-29T15:05:39Z,-6.48,-50.15,2.9,RSVL-USP; UNB,(RSVL-USP; UnB) suspected quake,PA,Carajás
20190926T185859_row3907,2019-09-26T18:58:59Z,-16.46,-43.05,2.6,SC3: MAG=ML-0.5,(SC3: mag=ML-0.5),MG,Grão Mogol
20180122T235038_row3580,2018-01-22T23:50:38Z,-23.35,-51.19,1.4,SC3: MAG=ML-0.5; SENTIU-AÍ,(SC3: mag=ML-0.5; Sentiu-Aí),PR,Londrina
20180123T022350_row3581,2018-01-23T02:23:50Z,-23.35,-51.19,0.7,SC3: MAG=ML-0.5; SENTIU-AÍ,(SC3: mag=ML-0.5; Sentiu-Aí),PR,Londrina
20170904T230542_row3524,2017-09-04T23:05:42Z,-34.09,-58.18,2.0,UDELAR,(UDELAR),UR,Carmelo
20161125T022904_row3370,2016-11-25T02:29:04Z,-34.69,-56.2,3.0,UDELAR/USP,(UDELAR/USP),UY,Uruguay
20070625T022638_row1958,2007-06-25T02:26:38Z,-5.28,-38.28,2.1,UFRN,(UFRN),CE,Castanhao
20070710T092925_row1959,2007-07-10T09:29:25Z,-5.28,-38.28,2.3,UFRN,(UFRN),CE,Castanhao
20100426T103356_row2139,2010-04-26T10:33:56Z,-3.45,-44.77,2.6,UFRN,(UFRN),MA,Arari
20121228T022512_row2402,2012-12-28T02:25:12Z,-5.24,-35.86,1.7,UFRN,(UFRN),RN,Parazinho
20140310T123820_row2516,2014-03-10T12:38:20Z,-12.56,-41.73,2.0,UFRN,(UFRN) RSBR nao registrou,BA,Brotas de Macaubas
20200102T020324_row3970,2020-01-02T02:03:24Z,-5.77,-37.5,2.0,UFRN,(UFRN),RN,Caraubas
20200109T044040_row3972,2020-01-09T04:40:40Z,-4.75,-38.01,2.1,UFRN,(UFRN),CE,Palhano
20200127T123356_row3991,2020-01-27T12:33:56Z,-5.22,-35.23,2.2,UFRN,(UFRN),RN,Litoral_do_RN
20200209T175853_row3998,2020-02-09T17:58:53Z,-4.66,-41.03,2.0,UFRN,(UFRN),CE,Poranga
20200211T153342_row4000,2020-02-11T15:33:42Z,-14.21,-39.84,2.1,UFRN,(UFRN),BA,Itagiba
20200212T012046_row4003,2020-02-12T01:20:46Z,-3.35,-40.63,2.0,UFRN,(UFRN),CE,Uruoca
20200220T152144_row4008,2020-02-20T15:21:44Z,-4.05,-40.31,2.7,UFRN,(UFRN),CE,Sobral
20200312T012600_row4030,2020-03-12T01:26:00Z,-3.13,-40.71,3.1,UFRN,(UFRN),CE,Granja
20200313T055420_row4031,2020-03-13T05:54:20Z,-3.95,-39.75,2.5,UFRN,(UFRN),CE,Iraucuba
20200329T142141_row4048,2020-03-29T14:21:41Z,-4.72,-38.09,2.3,UFRN,(UFRN) sentido_Pedra_Branca__Luzilandia__Feijao_Manso,CE,Palhano
20200410T085951_row4061,2020-04-10T08:59:51Z,-4.97,-39.43,2.0,UFRN,(UFRN),CE,Quixeramobim
20200505T141715_row4089,2020-05-05T14:17:15Z,-4.29,-39.76,2.0,UFRN,(UFRN),CE,Sobral
20200718T184049_row4156,2020-07-18T18:40:49Z,-8.36,-36.1,2.0,UFRN,(UFRN),PE,Sao_Caetano
20200724T150116_row4163,2020-07-24T15:01:16Z,-10.04,-36.56,2.1,UFRN,(UFRN),AL,Igreja_Nova
20200804T165907_row4173,2020-08-04T16:59:07Z,-8.72,-36.31,2.0,UFRN,(UFRN),PE,Lajedo
20200825T032309_row4193,2020-08-25T03:23:09Z,-5.27,-38.87,4.0,UFRN,(UFRN),CE,Margem_Continental
20200830T201200_row4211,2020-08-30T20:12:00Z,-13.0,-39.58,2.6,UFRN,(UFRN),BA,Amargosa
20200901T132557_row4222,2020-09-01T13:25:57Z,-13.0,-39.58,2.0,UFRN,(UFRN),BA,Amargosa
20200902T022157_row4224,2020-09-02T02:21:57Z,-10.12,-36.53,2.1,UFRN,(UFRN),SE,Canhoba
20200914T184440_row4259,2020-09-14T18:44:40Z,-10.99,-39.45,2.3,UFRN,(UFRN),BA,Queimadas
20201013T194155_row4297,2020-10-13T19:41:55Z,-8.28,-36.02,2.0,UFRN,(UFRN),PE,Caruaru
20201015T070100_row4300,2020-10-15T07:01:00Z,-8.79,-35.26,2.1,UFRN,(UFRN),PE,Barreiros
20201017T170459_row4306,2020-10-17T17:04:59Z,-6.52,-39.25,2.3,UFRN,(UFRN),CE,Iguatu
20201019T214811_row4309,2020-10-19T21:48:11Z,-8.31,-36.05,2.3,UFRN,(UFRN),PE,Caruaru
20201021T113657_row4310,2020-10-21T11:36:57Z,-8.34,-35.96,2.3,UFRN,(UFRN),PE,Caruaru
20201027T160914_row4313,2020-10-27T16:09:14Z,-14.25,-38.79,2.3,UFRN,(UFRN),BA,Plataforma_Continental
20201027T182214_row4314,2020-10-27T18:22:14Z,-8.25,-35.95,2.0,UFRN,(UFRN),PE,Caruaru
20201029T193446_row4318,2020-10-29T19:34:46Z,-8.34,-36.16,2.0,UFRN,(UFRN),PE,Sao_Caetano
20201104T152348_row4328,2020-11-04T15:23:48Z,-14.55,-38.67,2.1,UFRN,(UFRN),BA,Litoral_da_BA
20201108T124050_row4332,2020-11-08T12:40:50Z,-5.32,-42.22,2.3,UFRN,(UFRN),PI,Altos
20201110T103351_row4335,2020-11-10T10:33:51Z,-10.8,-39.62,2.0,UFRN,(UFRN),BA,Cansancao
20201117T152507_row4341,2020-11-17T15:25:07Z,-3.66,-40.61,2.1,UFRN,(UFRN),CE,Coreau
20201215T222150_row4371,2020-12-15T22:21:50Z,-11.08,-40.63,2.0,UFRN,(UFRN),BA,Jacobina
20201222T055242_row4378,2020-12-22T05:52:42Z,-14.12,-39.97,2.0,UFRN,(UFRN),BA,Itagi
20201223T200358_row4379,2020-12-23T20:03:58Z,-8.47,-37.07,2.0,UFRN,(UFRN),PE,Arcoverde
20201226T170144_row4383,2020-12-26T17:01:44Z,-14.09,-39.5,2.0,UFRN,(UFRN),BA,Ipiau
20201229T034812_row4385,2020-12-29T03:48:12Z,-8.01,-35.05,2.2,UFRN,(UFRN),PE,Sao_Lourenco_da_Mata
20201229T201421_row4386,2020-12-29T20:14:21Z,-14.84,-39.53,2.2,UFRN,(UFRN),BA,Ibicarai
20210115T151906_row4399,2021-01-15T15:19:06Z,-5.09,-39.47,2.0,UFRN,(UFRN) sentido_Sao_Joaquim__distrito_de_Quixeramobim,CE,Quixeramobim
20210115T174500_row4400,2021-01-15T17:45:00Z,-5.0,-39.37,2.1,UFRN,(UFRN) sentido_Sao_Joaquim__distrito_de_Quixeramobim,CE,Quixeramobim
20210115T190516_row4401,2021-01-15T19:05:16Z,-5.09,-39.47,2.0,UFRN,(UFRN) sentido_Sao_Joaquim__distrito_de_Quixeramobim,CE,Quixeramobim
20210115T190608_row4402,2021-01-15T19:06:08Z,-5.09,-39.47,2.0,UFRN,(UFRN) sentido_Sao_Joaquim__distrito_de_Quixeramobim,CE,Quixeramobim
20210115T190845_row4403,2021-01-15T19:08:45Z,-5.09,-39.47,2.0,UFRN,(UFRN) sentido_Sao_Joaquim__distrito_de_Quixeramobim,CE,Quixeramobim
20210115T192350_row4404,2021-01-15T19:23:50Z,-5.09,-39.47,2.0,UFRN,(UFRN) sentido_Sao_Joaquim__distrito_de_Quixeramobim,CE,Quixeramobim
20210126T040500_row4415,2021-01-26T04:05:00Z,-2.95,-40.58,2.6,UFRN,(UFRN),CE,Camocim
20210126T180112_row4417,2021-01-26T18:01:12Z,-8.6,-35.93,2.4,UFRN,(UFRN),PE,Cupira
20210131T152400_row4430,2021-01-31T15:24:00Z,-9.85,-39.8,2.6,UFRN,(UFRN),BA,Jaguarari
20210220T191800_row4473,2021-02-20T19:18:00Z,-5.62,-37.48,2.3,UFRN,(UFRN),RN,Caraubas
20210223T161702_row4491,2021-02-23T16:17:02Z,-14.15,-39.24,2.2,UFRN,(UFRN),BA,Marau
20210226T181201_row4496,2021-02-26T18:12:01Z,-10.94,-39.41,2.5,UFRN,(UFRN),BA,Nordestina
20210303T125800_row4506,2021-03-03T12:58:00Z,-5.51,-36.1,3.0,UFRN,(UFRN),RN,Pedra_Preta
20210303T141400_row4507,2021-03-03T14:14:00Z,-5.53,-36.13,3.0,UFRN,(UFRN),RN,Pedra_Preta
20210304T022600_row4508,2021-03-04T02:26:00Z,-5.56,-36.14,2.5,UFRN,(UFRN),RN,Pedra_Preta
20210304T063400_row4509,2021-03-04T06:34:00Z,-5.54,-36.16,2.1,UFRN,(UFRN),RN,Pedra_Preta
20210304T154026_row4510,2021-03-04T15:40:26Z,-9.78,-40.01,2.0,UFRN,(UFRN),BA,Jaguarari
20210310T185300_row4516,2021-03-10T18:53:00Z,-10.81,-37.55,2.0,UFRN,(UFRN),SE,Sao_Domingos
20210314T054204_row4522,2021-03-14T05:42:04Z,-9.67,-36.32,2.1,UFRN,(UFRN),AL,Anadia
20210315T200129_row4524,2021-03-15T20:01:29Z,-14.41,-38.85,2.1,UFRN,(UFRN),BA,Plataforma_Continental
20210319T144500_row4531,2021-03-19T14:45:00Z,-13.69,-40.56,2.1,UFRN,(UFRN),BA,Maracas
20210319T170000_row4532,2021-03-19T17:00:00Z,-13.69,-40.56,2.1,UFRN,(UFRN),BA,Maracas
20210320T035400_row4534,2021-03-20T03:54:00Z,-14.21,-39.83,2.2,UFRN,(UFRN),BA,Itagiba
20210326T053700_row4537,2021-03-26T05:37:00Z,-8.48,-35.06,2.1,UFRN,(UFRN),PE,Ipojuca
20210326T110500_row4538,2021-03-26T11:05:00Z,-5.66,-37.48,2.3,UFRN,(UFRN),RN,Caraubas
20210327T152600_row4541,2021-03-27T15:26:00Z,-14.16,-39.35,2.1,UFRN,(UFRN),BA,Ibirapitanga
20210327T213900_row4543,2021-03-27T21:39:00Z,-5.63,-37.37,2.1,UFRN,(UFRN),RN,Caraubas
20210401T171100_row4548,2021-04-01T17:11:00Z,-13.69,-40.65,2.2,UFRN,(UFRN) Pode_ser_mineracao_de_Vanadio,BA,Maracas
20210401T181000_row4549,2021-04-01T18:10:00Z,-14.15,-39.49,2.1,UFRN,(UFRN) Pode_ser_mineracao_em_Ipiau,BA,Ubata
20210405T183657_row4554,2021-04-05T18:36:57Z,-10.26,-37.71,2.3,UFRN,(UFRN),SE,Carira
20210407T155702_row4557,2021-04-07T15:57:02Z,-13.61,-40.24,2.3,UFRN,(UFRN),BA,Maracas
20210414T195800_row4571,2021-04-14T19:58:00Z,-14.15,-39.52,2.4,UFRN,(UFRN),BA,Ipiau
20210415T055553_row4572,2021-04-15T05:55:53Z,-12.58,-38.19,2.1,UFRN,(UFRN),BA,Dias_dAvila
20210419T195905_row4578,2021-04-19T19:59:05Z,-14.14,-39.64,2.2,UFRN,(UFRN),BA,Ipiau
20210423T200213_row4585,2021-04-23T20:02:13Z,-14.12,-39.14,2.1,UFRN,(UFRN),BA,Marau
20210426T181706_row4589,2021-04-26T18:17:06Z,-14.17,-39.8,2.1,UFRN,(UFRN),BA,Ipiau
20210427T110545_row4590,2021-04-27T11:05:45Z,-5.15,-39.41,2.0,UFRN,(UFRN),CE,Quixeramobim
20210506T132114_row4600,2021-05-06T13:21:14Z,-3.87,-38.89,2.0,UFRN,(UFRN),CE,Maranguape
20210510T124700_row4607,2021-05-10T12:47:00Z,-11.17,-40.57,2.0,UFRN,(UFRN),BA,Jacobina
20210510T134500_row4608,2021-05-10T13:45:00Z,-11.22,-40.48,2.0,UFRN,(UFRN),BA,Jacobina
20210603T175623_row4625,2021-06-03T17:56:23Z,-5.62,-42.9,2.0,UFRN,(UFRN),PI,Parnarama
20210608T185625_row4637,2021-06-08T18:56:25Z,-11.36,-38.9,2.0,UFRN,(UFRN),BA,Araci
20210608T192116_row4638,2021-06-08T19:21:16Z,-19.6,-43.34,2.5,UFRN,(UFRN),MG,Itabira
20210610T171655_row4641,2021-06-10T17:16:55Z,-7.02,-42.4,2.5,UFRN,(UFRN),PI,Oeiras
20210617T202248_row4651,2021-06-17T20:22:48Z,-11.93,-40.83,2.0,UFRN,(UFRN),BA,Tapiramuta
20210627T224417_row4657,2021-06-27T22:44:17Z,-11.22,-40.48,2.0,UFRN,(UFRN),BA,Jacobina
20210701T194604_row4662,2021-07-01T19:46:04Z,-11.82,-40.84,2.0,UFRN,(UFRN),BA,Tapiramuta
20210706T190842_row4672,2021-07-06T19:08:42Z,-10.23,-39.28,2.0,UFRN,(UFRN),BA,Monte_Santo
20210709T161500_row4676,2021-07-09T16:15:00Z,-5.44,-36.13,2.0,UFRN,(UFRN) sentido_Pedra_Preta,RN,Jandaira
20210710T051305_row4677,2021-07-10T05:13:05Z,-11.21,-40.53,2.3,UFRN,(UFRN),BA,Jacobina
20210712T195939_row4679,2021-07-12T19:59:39Z,-12.44,-38.16,2.2,UFRN,(UFRN),BA,Pojuca
20210722T134834_row4684,2021-07-22T13:48:34Z,-4.88,-35.89,2.1,UFRN,(UFRN),RN,Plataforma_Continental
20210724T143921_row4685,2021-07-24T14:39:21Z,-5.05,-35.17,2.5,UFRN,(UFRN),RN,Plataforma_Continental
20210725T145000_row4691,2021-07-25T14:50:00Z,-5.26,-35.06,2.1,UFRN,(UFRN),RN,Plataforma_Continental
20210726T132800_row4696,2021-07-26T13:28:00Z,-4.86,-35.33,2.7,UFRN,(UFRN),RN,Plataforma_Continental
20210726T154658_row4697,2021-07-26T15:46:58Z,-6.89,-36.67,2.3,UFRN,(UFRN),RN,Equador
20210726T195205_row4698,2021-07-26T19:52:05Z,-5.22,-35.07,3.1,UFRN,(UFRN),RN,Plataforma_Continental
20210727T193726_row4699,2021-07-27T19:37:26Z,-5.24,-36.05,2.0,UFRN,(UFRN),RN,Sao_Bento_do_Norte
20210730T204008_row4702,2021-07-30T20:40:08Z,-11.5,-39.38,2.0,UFRN,(UFRN),BA,Santaluz
20210805T185737_row4709,2021-08-05T18:57:37Z,-5.68,-36.15,2.2,UFRN,(UFRN) sentido_Pedra_Preta,RN,Lajes
20210811T055800_row4715,2021-08-11T05:58:00Z,-5.09,-34.98,2.2,UFRN,(UFRN),RN,Plataforma_Continental
20210820T185052_row4723,2021-08-20T18:50:52Z,-8.37,-36.13,2.2,UFRN,(UFRN),PE,Sao_Caetano
20210906T175222_row4741,2021-09-06T17:52:22Z,-5.67,-36.09,2.1,UFRN,(UFRN),RN,Pedra_Preta
20210917T195600_row4751,2021-09-17T19:56:00Z,-11.04,-39.31,2.1,UFRN,(UFRN) detonacao,BA,Santaluz
20210927T195757_row4765,2021-09-27T19:57:57Z,-7.68,-40.05,2.0,UFRN,(UFRN),PE,Bodoco
20211012T023853_row4775,2021-10-12T02:38:53Z,-8.04,-35.06,2.1,UFRN,(UFRN),PE,Sao_Lourenco_da_Mata
20211018T190032_row4780,2021-10-18T19:00:32Z,-19.62,-43.37,2.2,UFRN,(UFRN),MG,Itabira
20211024T151339_row4785,2021-10-24T15:13:39Z,-8.44,-35.01,2.1,UFRN,(UFRN),PE,Ipojuca
20211025T163322_row4786,2021-10-25T16:33:22Z,-8.3,-35.85,2.0,UFRN,(UFRN),PE,Bezerros
20211028T133100_row4788,2021-10-28T13:31:00Z,-8.88,-40.2,2.2,UFRN,(UFRN),PE,Lagoa_Grande
20211124T004228_row4809,2021-11-24T00:42:28Z,-10.71,-37.26,2.0,UFRN,(UFRN) sentido_Malhador,SE,Malhador
20211125T005300_row4810,2021-11-25T00:53:00Z,-9.87,-39.39,2.1,UFRN,(UFRN),BA,Jaguarari
20211202T150835_row4814,2021-12-02T15:08:35Z,-8.85,-36.46,2.0,UFRN,(UFRN),PE,Garanhuns
20211213T043500_row4823,2021-12-13T04:35:00Z,-5.93,-39.24,2.0,UFRN,(UFRN),CE,Irapuan_Pinheiro
20211217T165700_row4824,2021-12-17T16:57:00Z,-5.15,-39.29,2.1,UFRN,(UFRN),CE,Quixeramobim
20211225T081518_row4828,2021-12-25T08:15:18Z,-8.69,-36.16,2.0,UFRN,(UFRN),PE,Panelas
20211228T201700_row4829,2021-12-28T20:17:00Z,-9.04,-36.23,2.1,UFRN,(UFRN),PE,Palmeirinha
20211231T164800_row4831,2021-12-31T16:48:00Z,-8.43,-35.23,2.1,UFRN,(UFRN),PE,Ipojuca
20220112T230643_row4839,2022-01-12T23:06:43Z,-5.14,-39.12,2.1,UFRN,(UFRN),CE,Quixada
20220304T025500_row4909,2022-03-04T02:55:00Z,-11.25,-40.51,2.0,UFRN,(UFRN),BA,Jacobina
20220305T145912_row4914,2022-03-05T14:59:12Z,-6.59,-39.43,2.0,UFRN,(UFRN),CE,Carius
20220322T171936_row4928,2022-03-22T17:19:36Z,-8.27,-35.86,2.1,UFRN,(UFRN),PE,Caruaru
20220327T022800_row4934,2022-03-27T02:28:00Z,-5.64,-36.2,2.2,UFRN,(UFRN),RN,Lajes
20220327T103253_row4935,2022-03-27T10:32:53Z,-8.18,-34.87,2.0,UFRN,(UFRN),PE,Jaboatao_Guararapes
20220328T084100_row4938,2022-03-28T08:41:00Z,-9.97,-39.83,2.1,UFRN,(UFRN),BA,Jaguarari
20220329T022553_row4939,2022-03-29T02:25:53Z,-8.44,-35.1,2.0,UFRN,(UFRN),PE,Escada
20220331T235522_row4945,2022-03-31T23:55:22Z,-9.9,-39.88,2.1,UFRN,(UFRN),BA,Jaguarari
20220414T150701_row4972,2022-04-14T15:07:01Z,-10.99,-39.35,2.1,UFRN,(UFRN),BA,Santaluz
20220525T160600_row5020,2022-05-25T16:06:00Z,-10.11,-39.68,2.1,UFRN,(UFRN),BA,Monte_Santo
20220624T193900_row5047,2022-06-24T19:39:00Z,-5.9,-36.98,2.0,UFRN,(UFRN),RN,Sao_Paulo_do_Potengi
20220703T121600_row5058,2022-07-03T12:16:00Z,-8.67,-35.86,2.1,UFRN,(UFRN),PE,Agrestina
20220706T081300_row5060,2022-07-06T08:13:00Z,-9.74,-39.99,2.0,UFRN,(UFRN),BA,Juazeiro
20220709T155953_row5063,2022-07-09T15:59:53Z,-10.93,-39.3,2.0,UFRN,(UFRN),BA,Nordestina
20220710T003800_row5064,2022-07-10T00:38:00Z,-9.74,-39.99,2.6,UFRN,(UFRN),BA,Curaca
20220721T151925_row5073,2022-07-21T15:19:25Z,-7.41,-35.09,2.2,UFRN,(UFRN),PE,Itambe
20220723T135709_row5074,2022-07-23T13:57:09Z,-11.27,-40.52,2.5,UFRN,(UFRN),BA,Jacobina
20220812T211944_row5095,2022-08-12T21:19:44Z,-5.5,-36.16,2.0,UFRN,(UFRN) sentido,RN,Pedra_Preta
20220815T133800_row5098,2022-08-15T13:38:00Z,-3.11,-40.62,2.0,UFRN,(UFRN),CE,Granja
20220823T182210_row5103,2022-08-23T18:22:10Z,-13.1,-39.56,2.3,UFRN,(UFRN) sentido_Amargosa,BA,Amargosa
20220825T221559_row5105,2022-08-25T22:15:59Z,-13.07,-39.55,2.2,UFRN,(UFRN) sentido,BA,Amargosa
20220828T115000_row5106,2022-08-28T11:50:00Z,-4.84,-36.06,2.0,UFRN,(UFRN),RN,Litoral_do_RN
20220831T150249_row5107,2022-08-31T15:02:49Z,-10.86,-39.4,2.1,UFRN,(UFRN),BA,Nordestina
20220831T160423_row5108,2022-08-31T16:04:23Z,-8.29,-36.03,2.0,UFRN,(UFRN),PE,Caruaru
20220909T150220_row5115,2022-09-09T15:02:20Z,-10.55,-40.6,2.1,UFRN,(UFRN),BA,Campo_Formoso
20220919T034321_row5120,2022-09-19T03:43:21Z,-9.85,-39.9,2.1,UFRN,(UFRN),BA,Jaguarari
20220919T215900_row5121,2022-09-19T21:59:00Z,-9.85,-39.91,2.0,UFRN,(UFRN),BA,Jaguarari
20220920T191046_row5122,2022-09-20T19:10:46Z,-14.16,-39.8,2.2,UFRN,(UFRN),BA,Ipiau
20220922T181516_row5125,2022-09-22T18:15:16Z,-11.24,-40.51,2.1,UFRN,(UFRN),BA,Jacobina
20220923T160120_row5126,2022-09-23T16:01:20Z,-14.16,-39.79,2.0,UFRN,(UFRN),BA,Ipiau
20220926T184214_row5127,2022-09-26T18:42:14Z,-14.18,-39.19,2.0,UFRN,(UFRN),BA,Ibirapitanga
20220930T193449_row5132,2022-09-30T19:34:49Z,-5.61,-36.23,2.0,UFRN,(UFRN),RN,Lajes
20221103T134700_row5155,2022-11-03T13:47:00Z,-7.94,-40.22,2.0,UFRN,(UFRN),PE,Ouricuri
20221110T115156_row5158,2022-11-10T11:51:56Z,-10.14,-36.89,2.0,UFRN,(UFRN),SE,Amparo_de_S_Francisco
20221229T143959_row5195,2022-12-29T14:39:59Z,-5.53,-35.66,2.1,UFRN,(UFRN),RN,Taipu
20221229T195500_row5196,2022-12-29T19:55:00Z,-10.55,-40.59,2.1,UFRN,(UFRN),BA,Campo_Formoso
20230105T204539_row5200,2023-01-05T20:45:39Z,-11.28,-40.53,2.7,UFRN,(UFRN) sentido,BA,Jacobina
20230117T212718_row5210,2023-01-17T21:27:18Z,-11.27,-40.5,2.5,UFRN,(UFRN),BA,Jacobina
20230127T100700_row5219,2023-01-27T10:07:00Z,-9.84,-39.88,2.2,UFRN,(UFRN),BA,Curaca
20230129T183920_row5220,2023-01-29T18:39:20Z,-11.27,-40.5,2.1,UFRN,(UFRN),BA,Plataforma_Continental
20230205T125400_row5227,2023-02-05T12:54:00Z,-11.27,-40.53,2.7,UFRN,(UFRN),BA,Jacobina
20230209T193429_row5234,2023-02-09T19:34:29Z,-8.3,-36.1,2.0,UFRN,(UFRN),PE,Caruaru
20230216T035239_row5240,2023-02-16T03:52:39Z,-9.86,-39.87,2.1,UFRN,(UFRN),BA,Jaguarari
20230221T191900_row5244,2023-02-21T19:19:00Z,-14.11,-38.99,2.1,UFRN,(UFRN),BA,Marau
20230301T132300_row5252,2023-03-01T13:23:00Z,-3.54,-40.54,2.3,UFRN,(UFRN),CE,Alcantaras
20230315T190241_row5262,2023-03-15T19:02:41Z,-11.02,-39.32,2.0,UFRN,(UFRN),BA,Queimadas
20230324T224000_row5275,2023-03-24T22:40:00Z,-13.1,-41.98,2.1,UFRN,(UFRN),BA,Piata
20230325T045126_row5276,2023-03-25T04:51:26Z,-13.19,-44.83,3.2,UFRN,(UFRN),BA,Correntina
20230331T145443_row5280,2023-03-31T14:54:43Z,-10.94,-39.31,2.0,UFRN,(UFRN),BA,Nordestina
20230331T175400_row5281,2023-03-31T17:54:00Z,-12.51,-41.65,2.1,UFRN,(UFRN),BA,Palmeiras
20230412T141400_row5300,2023-04-12T14:14:00Z,-7.72,-40.22,2.0,UFRN,(UFRN),PE,Trindade
20230420T145900_row5312,2023-04-20T14:59:00Z,-9.64,-36.58,2.2,UFRN,(UFRN),AL,Coite_do_Noia
20230420T155800_row5313,2023-04-20T15:58:00Z,-14.29,-40.22,2.2,UFRN,(UFRN),BA,Boa_Nova
20230421T094750_row5318,2023-04-21T09:47:50Z,-11.25,-40.52,2.1,UFRN,(UFRN),BA,Jacobina
20230422T102224_row5320,2023-04-22T10:22:24Z,-9.87,-39.89,2.0,UFRN,(UFRN),BA,Jaguarari
20230422T160700_row5321,2023-04-22T16:07:00Z,-14.65,-40.42,2.3,UFRN,(UFRN),BA,Itajuipe
20230422T161000_row5322,2023-04-22T16:10:00Z,-13.8,-39.89,2.0,UFRN,(UFRN),BA,Jequie
20230426T133200_row5334,2023-04-26T13:32:00Z,-5.17,-39.26,2.0,UFRN,(UFRN),CE,Quixeramobim
20230503T182906_row5347,2023-05-03T18:29:06Z,-14.07,-39.31,2.1,UFRN,(UFRN),BA,Camamu
20230503T183000_row5348,2023-05-03T18:30:00Z,-14.07,-39.31,2.0,UFRN,(UFRN),BA,Camamu
20230511T150029_row5361,2023-05-11T15:00:29Z,-10.11,-37.73,2.6,UFRN,(UFRN) Desmonte??,AL,Pedro_Alexandre
20230513T151348_row5365,2023-05-13T15:13:48Z,-12.83,-41.91,2.0,UFRN,(UFRN),BA,Boninal
20230513T170200_row5366,2023-05-13T17:02:00Z,-13.52,-40.6,2.0,UFRN,(UFRN),BA,Maracas
20230524T125752_row5376,2023-05-24T12:57:52Z,-13.66,-39.94,2.0,UFRN,(UFRN),BA,Jequie
20230527T145500_row5385,2023-05-27T14:55:00Z,-13.75,-40.69,2.1,UFRN,(UFRN),BA,Maracas
20230618T163635_row5404,2023-06-18T16:36:35Z,-11.21,-40.39,2.1,UFRN,(UFRN),BA,Jacobina
20230619T195908_row5408,2023-06-19T19:59:08Z,-11.45,-41.79,2.0,UFRN,(UFRN),BA,Lapao
20230623T021216_row5410,2023-06-23T02:12:16Z,-13.37,-40.4,2.0,UFRN,(UFRN),BA,Maracas
20230801T094122_row5441,2023-08-01T09:41:22Z,-11.24,-40.55,2.1,UFRN,(UFRN),BA,Jacobina
20230810T203210_row5453,2023-08-10T20:32:10Z,-10.58,-40.39,2.0,UFRN,(UFRN),BA,Campo_Formoso
20230810T214659_row5454,2023-08-10T21:46:59Z,-9.83,-39.88,2.0,UFRN,(UFRN),BA,Jaguarari
20230811T043651_row5455,2023-08-11T04:36:51Z,-9.86,-39.86,2.1,UFRN,(UFRN),BA,Jaguarari
20230814T113314_row5457,2023-08-14T11:33:14Z,-11.25,-40.5,2.0,UFRN,(UFRN) sentido_Jacobina_Jabuticaba,BA,Jacobina
20230829T195520_row5474,2023-08-29T19:55:20Z,-10.24,-36.88,2.0,UFRN,(UFRN),SE,Telha
20230830T210919_row5475,2023-08-30T21:09:19Z,-11.23,-40.51,2.4,UFRN,(UFRN),BA,Jacobina
20230830T213750_row5476,2023-08-30T21:37:50Z,-11.25,-40.51,2.4,UFRN,(UFRN),BA,Jacobina
20230831T000109_row5477,2023-08-31T00:01:09Z,-9.82,-39.84,2.3,UFRN,(UFRN),BA,Curaca
20230831T041908_row5478,2023-08-31T04:19:08Z,-9.81,-39.84,2.3,UFRN,(UFRN),BA,Curaca
20230831T042013_row5479,2023-08-31T04:20:13Z,-9.85,-39.86,2.6,UFRN,(UFRN),BA,Curaca
20230901T170227_row5483,2023-09-01T17:02:27Z,-9.88,-39.85,2.0,UFRN,(UFRN),BA,Jaguarari
20230904T105603_row5488,2023-09-04T10:56:03Z,-9.88,-39.86,2.0,UFRN,(UFRN),BA,Jaguarari
20230924T121300_row5505,2023-09-24T12:13:00Z,-9.59,-39.89,2.1,UFRN,(UFRN),BA,Curaca
20231023T042726_row5518,2023-10-23T04:27:26Z,-5.26,-34.81,2.1,UFRN,(UFRN),RN,Plataforma_Continental
20231024T155042_row5519,2023-10-24T15:50:42Z,-9.87,-39.88,2.0,UFRN,(UFRN),BA,Jaguarari
20231125T135127_row5542,2023-11-25T13:51:27Z,-13.38,-38.26,2.5,UFRN,(UFRN),BA,Oceano_Atlantico_Sul
20231126T222507_row5544,2023-11-26T22:25:07Z,-3.3,-40.53,2.1,UFRN,(UFRN),CE,Uruoca
20231127T023304_row5545,2023-11-27T02:33:04Z,-11.27,-40.57,2.0,UFRN,(UFRN),BA,Jacobina
20231210T012545_row5557,2023-12-10T01:25:45Z,-9.88,-39.95,2.0,UFRN,(UFRN),BA,Jaguarari
20231214T033644_row5560,2023-12-14T03:36:44Z,-9.86,-39.89,2.1,UFRN,(UFRN),BA,Jaguarari
20231228T040546_row5568,2023-12-28T04:05:46Z,-11.27,-40.54,2.1,UFRN,(UFRN),BA,Jacobina
20231229T154815_row5570,2023-12-29T15:48:15Z,-9.84,-39.95,2.0,UFRN,(UFRN),BA,Jaguarari
20231229T160100_row5571,2023-12-29T16:01:00Z,-8.35,-35.99,2.2,UFRN,(UFRN),PE,Caruaru
20111012T173109_row2253,2011-10-12T17:31:09Z,-5.54,-35.75,2.3,UFRN;IAG,(UFRN;IAG),RN,Joao Camara
20080911T123527_row2008,2008-09-11T12:35:27Z,-3.63,-40.51,2.4,UFRN;UNB,(UFRN;UnB),CE,S.da Meruoca
20080915T171443_row2009,2008-09-15T17:14:43Z,-3.63,-40.51,2.4,UFRN;UNB,(UFRN;UnB),CE,S.da Meruoca
20080919T113950_row2010,2008-09-19T11:39:50Z,-3.63,-40.51,2.1,UFRN;UNB,(UFRN;UnB),CE,S.da Meruoca
20081012T192941_row2013,2008-10-12T19:29:41Z,-3.63,-40.51,2.4,UFRN;UNB,(UFRN;UnB),CE,S.da Meruoca
20081026T190942_row2014,2008-10-26T19:09:42Z,-3.63,-40.51,2.2,UFRN;UNB,(UFRN;UnB),CE,S.da Meruoca
20090708T165743_row2049,2009-07-08T16:57:43Z,-3.63,-40.51,2.4,UFRN;UNB,(UFRN;UnB),CE,S.da Meruoca
20160325T193539_row3171,2016-03-25T19:35:39Z,-26.53,-57.84,2.5,UNA INPRES CPUP,(UNA INPRES CPUP) ML,PY,Ciervo Blanco Neembucu
20070312T150000_row1946,2007-03-12T15:00:00Z,-19.95,-44.16,2.2,UNB,(UnB),MG,BETIM
20080929T151920_row2011,2008-09-29T15:19:20Z,-19.9,-47.33,3.1,UNB,(UnB),MG,Uberaba
20090527T191951_row2039,2009-05-27T19:19:51Z,-3.62,-40.53,2.2,UNB,(UnB),CE,Alcantaras
20090527T233034_row2040,2009-05-27T23:30:34Z,-3.62,-40.53,2.3,UNB,(UnB),CE,Alcantaras
20100414T132618_row2129,2010-04-14T13:26:18Z,-19.7,-43.96,2.2,UNB,(UnB),MG,Sao Jose Lapa
20100929T173446_row2159,2010-09-29T17:34:46Z,-16.73,-43.86,2.4,UNB,(UnB),MG,Montes Claros
20110330T214015_row2207,2011-03-30T21:40:15Z,-13.78,-49.15,1.4,UNB,(UnB),GO,Mara Rosa
20110703T050411_row2227,2011-07-03T05:04:11Z,-13.77,-49.11,2.4,UNB,(UnB),GO,Estrela Norte
20110824T052812_row2241,2011-08-24T05:28:12Z,-15.06,-44.29,2.3,UNB,(UnB),MG,Caraibas
20120202T031249_row2289,2012-02-02T03:12:49Z,-10.03,-49.02,2.3,UNB,(UnB),TO,25 km de Palmas
20120412T051149_row2313,2012-04-12T05:11:49Z,-9.78,-48.33,2.2,UNB,(UnB),TO,Lajeado
20120520T051014_row2337,2012-05-20T05:10:14Z,-16.73,-43.98,1.7,UNB,(UnB),MG,Montes Claros
20121017T162148_row2373,2012-10-17T16:21:48Z,-16.65,-43.89,1.9,UNB,(UnB),MG,Montes Claros
20130122T035955_row2412,2013-01-22T03:59:55Z,-16.72,-54.36,3.2,UNB,(UnB) (*),MT,Pedra Preta
20130529T181907_row2448,2013-05-29T18:19:07Z,-21.14,-44.92,1.8,UNB,(UnB) induzido? (*),MG,Represa de Funil
20130530T101900_row2449,2013-05-30T10:19:00Z,-21.12,-44.95,1.0,UNB,(UnB) induzido? (*),MG,Represa de Funil
20130601T031924_row2450,2013-06-01T03:19:24Z,-21.17,-44.93,1.0,UNB,(UnB) induzido? (*),MG,Represa de Funil
20130604T060345_row2451,2013-06-04T06:03:45Z,-21.15,-44.93,1.0,UNB,(UnB) induzido? (*),MG,Represa de Funil
20130811T103234_row2468,2013-08-11T10:32:34Z,-13.62,-47.24,2.5,UNB,(UnB) (*),GO,Sta Terezinha de Goiás
20160101T000029_row3045,2016-01-01T00:00:29Z,-19.93,-43.33,1.7,UNB,(UnB),MG,Santa Bárbara
20160101T034339_row3046,2016-01-01T03:43:39Z,-19.6,-43.3,1.9,UNB,(UnB),MG,Itabira
20160104T112237_row3051,2016-01-04T11:22:37Z,-19.78,-44.58,2.1,UNB,(UnB),MG,São José Da Varginha
20160117T015305_row3070,2016-01-17T01:53:05Z,-17.08,-43.16,2.1,UNB,(UnB),MG,Botumirim
20160117T071906_row3071,2016-01-17T07:19:06Z,-20.26,-43.97,2.1,UNB,(UnB),MG,Brumadinho
20160203T075411_row3090,2016-02-03T07:54:11Z,-13.42,-49.71,1.5,UNB,(UnB),GO,Bonópolis
20160208T205339_row3094,2016-02-08T20:53:39Z,-20.59,-42.41,1.9,UNB,(UnB),MG,Araponga
20160214T060533_row3100,2016-02-14T06:05:33Z,-12.96,-39.51,2.1,UNB,(UnB),BA,Elísio Medrado
20160222T042926_row3103,2016-02-22T04:29:26Z,-5.75,-50.53,2.2,UNB,(UnB),PA,Marabá
20160223T021145_row3104,2016-02-23T02:11:45Z,-19.76,-46.84,1.9,UNB,(UnB),MG,Araxá
20160306T000238_row3136,2016-03-06T00:02:38Z,-16.1,-41.74,1.8,UNB,(UnB),MG,Santa Cruz De Salinas
20160306T045343_row3137,2016-03-06T04:53:43Z,-22.03,-45.17,2.0,UNB,(UnB),MG,Carmo de Minas
20160310T143801_row3143,2016-03-10T14:38:01Z,-1.52,-58.89,2.3,UNB,(UnB),AM,S. Sebastião do Uatumã
20160313T033320_row3149,2016-03-13T03:33:20Z,-11.32,-40.6,2.4,UNB,(UnB),BA,Miguel Calmon
20160318T045959_row3155,2016-03-18T04:59:59Z,-8.36,-36.07,2.0,UNB,(UnB),PE,São Caetano
20160322T134558_row3159,2016-03-22T13:45:58Z,-15.22,-43.95,2.2,UNB,(UnB),MG,Jaíba
20160324T163358_row3169,2016-03-24T16:33:58Z,-15.32,-43.88,2.6,UNB,(UnB),MG,Jaíba
20160324T204213_row3170,2016-03-24T20:42:13Z,-19.49,-44.2,1.9,UNB,(UnB),MG,Sete Lagoas
20160328T013355_row3175,2016-03-28T01:33:55Z,-17.79,-51.09,2.3,UNB,(UnB),GO,Rio Verde
20160329T100957_row3180,2016-03-29T10:09:57Z,-23.69,-42.68,2.0,UNB,(UnB),MG,-
20160401T023103_row3181,2016-04-01T02:31:03Z,-8.51,-36.04,1.9,UNB,(UnB),PE,Altinho
20160401T024446_row3182,2016-04-01T02:44:46Z,-8.34,-36.09,1.8,UNB,(UnB),PE,São Caetano
20160401T200214_row3185,2016-04-01T20:02:14Z,-16.7,-43.98,2.1,UNB,(UnB),MG,Montes Claros
20160402T001740_row3186,2016-04-02T00:17:40Z,-8.31,-36.09,1.6,UNB,(UnB),PE,São Caetano
20160406T074048_row3192,2016-04-06T07:40:48Z,-7.55,-48.31,2.2,UNB,(UnB),TO,Nova Olinda
20160407T102350_row3193,2016-04-07T10:23:50Z,-19.41,-44.12,2.1,UNB,(UnB),MG,Funilândia
20160408T065907_row3196,2016-04-08T06:59:07Z,-4.94,-38.1,2.1,UNB,(UnB),CE,Russas
20160409T001644_row3197,2016-04-09T00:16:44Z,-6.6,-56.77,2.4,UNB,(UnB),PA,Itaituba
20160412T121906_row3199,2016-04-12T12:19:06Z,-12.38,-63.1,2.6,UNB,(UnB),RO,S.Francisco do Guaporé
20160413T151507_row3200,2016-04-13T15:15:07Z,-9.92,-58.6,2.5,UNB,(UnB),MT,Cotriguaçu
20160414T050453_row3201,2016-04-14T05:04:53Z,-6.15,-73.31,3.9,UNB,(UnB),AC,Peru-Brasil
20160417T050622_row3202,2016-04-17T05:06:22Z,-15.23,-43.89,2.3,UNB,(UnB),MG,Jaíba
20160424T064247_row3208,2016-04-24T06:42:47Z,-15.17,-43.94,2.2,UNB,(UnB),MG,Jaíba
20160426T093418_row3209,2016-04-26T09:34:18Z,-23.47,-43.7,2.1,UNB,(UnB),RJ,Mangaratiba
20160504T013357_row3219,2016-05-04T01:33:57Z,-19.42,-44.24,2.1,UNB,(UnB),MG,Sete Lagoas
20160507T044703_row3220,2016-05-07T04:47:03Z,-6.47,-50.05,2.4,UNB,(UnB),PA,Canaã Dos Carajás
20160511T000807_row3223,2016-05-11T00:08:07Z,-1.8,-52.08,2.0,UNB,(UnB),PA,Porto De Moz
20160513T143832_row3226,2016-05-13T14:38:32Z,-9.68,-36.43,1.9,UNB,(UnB),AL,Limoeiro De Anadia
20160513T145648_row3227,2016-05-13T14:56:48Z,-0.8,-59.77,2.3,UNB,(UnB),AM,Urucará
20160516T013630_row3229,2016-05-16T01:36:30Z,-22.39,-44.32,2.2,UNB,(UnB),RJ,Quatis
20160517T051904_row3230,2016-05-17T05:19:04Z,-15.22,-43.92,2.1,UNB,(UnB),MG,Jaíba
20160517T052044_row3231,2016-05-17T05:20:44Z,-15.2,-43.84,1.8,UNB,(UnB),MG,Jaíba
20160517T223841_row3232,2016-05-17T22:38:41Z,-15.17,-56.56,2.4,UNB,(UnB),MT,Jangada
20160517T231249_row3233,2016-05-17T23:12:49Z,-15.37,-56.58,2.0,UNB,(UnB),MT,Jangada
20160528T224036_row3241,2016-05-28T22:40:36Z,-0.14,-60.6,2.6,UNB,(UnB),RR,Rorainópolis
20160531T130534_row3242,2016-05-31T13:05:34Z,-8.14,-74.83,4.2,UNB,(UnB),AC,Peru-Brasil
20160608T122842_row3244,2016-06-08T12:28:42Z,-11.52,-47.9,2.1,UNB,(UnB),TO,Chapada Da Natividade
20160611T070933_row3246,2016-06-11T07:09:33Z,0.36,-59.8,2.3,UNB,(UnB),RR,São João Da Baliza
20160611T081418_row3247,2016-06-11T08:14:18Z,-15.21,-43.93,2.4,UNB,(UnB),MG,Jaíba
20160611T215117_row3248,2016-06-11T21:51:17Z,-12.21,-47.33,2.6,UNB,(UnB),TO,Conceição Do Tocantins
20160620T043451_row3253,2016-06-20T04:34:51Z,-17.15,-43.14,2.0,UNB,(UnB),MG,Bocaiúva
20160620T070520_row3254,2016-06-20T07:05:20Z,-0.55,-60.2,2.4,UNB,(UnB),AM,Presidente Figueiredo
20160625T170148_row3256,2016-06-25T17:01:48Z,-18.95,-48.28,2.6,UNB,(UnB),MG,Uberlândia
20160628T012657_row3257,2016-06-28T01:26:57Z,-16.52,-41.79,2.4,UNB,(UnB),MG,Itinga
20160629T001752_row3259,2016-06-29T00:17:52Z,-11.58,-56.86,2.7,UNB,(UnB),MT,Porto Dos Gaúchos
20160702T235522_row3261,2016-07-02T23:55:22Z,-23.59,-41.79,1.8,UNB,(UnB),MG,-
20160707T043150_row3265,2016-07-07T04:31:50Z,-16.35,-41.3,2.1,UNB,(UnB),MG,Jequitinhonha
20160707T115455_row3266,2016-07-07T11:54:55Z,-16.2,-41.11,2.0,UNB,(UnB),MG,Jequitinhonha
20160707T213724_row3267,2016-07-07T21:37:24Z,-10.46,-55.39,2.2,UNB,(UnB),MT,Colíder
20160708T043105_row3269,2016-07-08T04:31:05Z,-12.43,-43.98,2.3,UNB,(UnB),BA,Brejolândia
20160708T230709_row3274,2016-07-08T23:07:09Z,-12.07,-48.19,2.0,UNB,(UnB),TO,Peixe
20160709T063102_row3278,2016-07-09T06:31:02Z,-12.08,-46.24,1.9,UNB,(UnB),BA,Luís Eduardo Magalhães
20160714T043411_row3283,2016-07-14T04:34:11Z,-12.59,-58.06,2.1,UNB,(UnB),MT,Brasnorte
20160716T091445_row3286,2016-07-16T09:14:45Z,-15.27,-43.99,2.1,UNB,(UnB),MG,Itacarambi
20160724T231133_row3294,2016-07-24T23:11:33Z,-10.65,-54.3,2.1,UNB,(UnB),MT,Marcelândia
20160801T044741_row3298,2016-08-01T04:47:41Z,-20.34,-49.01,2.1,UNB,(UnB),SP,Guaraci
20160803T214127_row3300,2016-08-03T21:41:27Z,-10.57,-51.54,2.6,UNB,(UnB),MT,Confresa
20160807T140042_row3303,2016-08-07T14:00:42Z,-14.81,-39.47,2.2,UNB,(UnB),BA,Barro Preto
20160812T171444_row3309,2016-08-12T17:14:44Z,-7.24,-48.54,2.3,UNB,(UnB),TO,Aragominas
20160815T171307_row3313,2016-08-15T17:13:07Z,-18.28,-48.17,2.0,UNB,(UnB),GO,Corumbaiba
20160821T165632_row3315,2016-08-21T16:56:32Z,-0.97,-49.77,2.5,UNB,(UnB),PA,Anajás
20160825T093441_row3316,2016-08-25T09:34:41Z,-16.37,-41.24,2.3,UNB,(UnB),MG,Jequitinhonha
20160831T201659_row3322,2016-08-31T20:16:59Z,-20.94,-40.71,2.2,UNB,(UnB),MG,-
20160903T043014_row3323,2016-09-03T04:30:14Z,-17.59,-41.47,1.9,UNB,(UnB),MG,Teófilo Otoni
20160906T073525_row3326,2016-09-06T07:35:25Z,-20.28,-44.03,2.1,UNB,(UnB),MG,Brumadinho
20160907T213137_row3327,2016-09-07T21:31:37Z,-4.42,-60.86,3.1,UNB,(UnB),AM,Borba
20160916T090016_row3339,2016-09-16T09:00:16Z,-22.34,-40.68,2.0,UNB,(UnB),MG,-
20160916T220425_row3340,2016-09-16T22:04:25Z,-9.89,-57.02,2.5,UNB,(UnB),MT,Nova Monte Verde
20160917T032443_row3341,2016-09-17T03:24:43Z,-20.24,-44.0,2.0,UNB,(UnB),MG,Brumadinho
20160918T142609_row3342,2016-09-18T14:26:09Z,-16.54,-37.95,2.9,UNB,(UnB),BA,-
20160923T173659_row3345,2016-09-23T17:36:59Z,-0.54,-60.14,4.3,UNB,(UnB),AM,Presidente Figueiredo
20161006T102621_row3349,2016-10-06T10:26:21Z,-13.81,-49.11,2.1,UNB,(UnB),GO,Estrela Do Norte
20161006T184442_row3350,2016-10-06T18:44:42Z,-7.56,-48.7,2.4,UNB,(UnB),TO,Pau D'Arco
20161006T185519_row3351,2016-10-06T18:55:19Z,0.25,-50.73,2.2,UNB,(UnB) magnit. MLv,AP,Macapá
20161016T102616_row3355,2016-10-16T10:26:16Z,-1.88,-59.46,2.7,UNB,(UnB),AM,Presidente Figueiredo
20161024T205154_row3356,2016-10-24T20:51:54Z,-6.4,-39.18,3.2,UNB,(UnB),CE,Iguatu
20161113T130040_row3363,2016-11-13T13:00:40Z,-11.91,-57.21,2.1,UNB,(UnB),MT,Nova Maringá
20161120T041148_row3368,2016-11-20T04:11:48Z,-7.35,-58.83,2.6,UNB,(UnB),AM,Apuí
20161126T090643_row3371,2016-11-26T09:06:43Z,-18.58,-45.54,2.3,UNB,(UnB),MG,Morada Nova De Minas
20161127T220351_row3372,2016-11-27T22:03:51Z,-1.46,-60.38,3.4,UNB,(UnB),AM,Presidente Figueiredo
20161206T052558_row3374,2016-12-06T05:25:58Z,-19.45,-46.79,2.4,UNB,(UnB),MG,Ibiá
20161207T033018_row3375,2016-12-07T03:30:18Z,-12.99,-47.69,2.3,UNB,(UnB),TO,Paranã
20161219T223215_row3378,2016-12-19T22:32:15Z,-11.68,-56.8,2.7,UNB,(UnB),MT,Porto Dos Gaúchos
20161222T065624_row3381,2016-12-22T06:56:24Z,-20.26,-47.03,2.3,UNB,(UnB),MG,Delfinópolis
20170504T200648_row3459,2017-05-04T20:06:48Z,-16.29,-43.03,2.3,UNB,(UnB),MG,Grao Mogol
20170516T074835_row3464,2017-05-16T07:48:35Z,-13.77,-38.63,2.0,UNB,(UnB),BA,Camamu
20180105T155052_row3573,2018-01-05T15:50:52Z,-0.48,-60.48,2.8,UNB,(UnB),RR,RORAINÓPOLIS
20180127T105856_row3585,2018-01-27T10:58:56Z,2.99,-51.12,2.8,UNB,(UnB),AP,CALÇOENE
20180130T100815_row3587,2018-01-30T10:08:15Z,-0.18,-60.3,2.7,UNB,(UnB),RR,RORAINÓPOLIS
20180222T120024_row3592,2018-02-22T12:00:24Z,-4.25,-48.66,2.8,UNB,(UnB),PA,RONDON DO PARÁ
20180308T205044_row3598,2018-03-08T20:50:44Z,-15.93,-56.02,2.6,UNB,(UnB),MT,STO ANTÔNIO LEVERGER
20180321T184614_row3612,2018-03-21T18:46:14Z,-2.42,-44.35,3.2,UNB,(UnB),MA,Alcântara
20180411T233218_row3619,2018-04-11T23:32:18Z,-16.16,-60.92,3.0,UNB,(UnB),MT,V. BELA SANT. TRINDADE
20180508T205444_row3631,2018-05-08T20:54:44Z,-9.69,-55.07,2.6,UNB,(UnB),MT,GUARANTÃ DO NORTE
20180705T213758_row3659,2018-07-05T21:37:58Z,-4.67,-56.17,2.6,UNB,(UnB),PA,TRAIRÃO
20180716T005627_row3663,2018-07-16T00:56:27Z,-17.85,-53.97,2.8,UNB,(UnB),MT,ALTO ARAGUAIA
20180718T080436_row3665,2018-07-18T08:04:36Z,-7.48,-64.94,3.1,UNB,(UnB),AM,LÁBREA
20180718T095508_row3666,2018-07-18T09:55:08Z,-2.88,-49.62,2.7,UNB,(UnB),PA,BAIÃO
20180724T051615_row3667,2018-07-24T05:16:15Z,-3.73,-49.93,2.9,UNB,(UnB),PA,TUCURUÍ
20180806T095348_row3672,2018-08-06T09:53:48Z,-12.47,-57.01,2.6,UNB,(UnB),MT,ITANHANGÁ
20181027T022421_row3712,2018-10-27T02:24:21Z,-0.77,-60.0,2.8,UNB,(UnB),AM,PRESIDENTE FIGUEIREDO
20190114T101145_row3748,2019-01-14T10:11:45Z,-5.53,-50.98,2.8,UNB,(UnB),PA,SÃO FÉLIX DO XINGU
20190429T080738_row3811,2019-04-29T08:07:38Z,1.49,-55.57,2.9,UNB,(UnB),PA,Parque Tumucumaque
20190809T073901_row3884,2019-08-09T07:39:01Z,-15.31,-56.05,2.7,UNB,(UnB),MT,CUIABÁ
20190811T155240_row3886,2019-08-11T15:52:40Z,-2.78,-50.22,2.9,UNB,(UnB),PA,PORTEL
20200106T222819_row3971,2020-01-06T22:28:19Z,-26.95,-51.47,2.0,UNB,(UnB),SC,TREZE TÍLIAS
20200229T150313_row4018,2020-02-29T15:03:13Z,-15.18,-59.47,2.8,UNB,(UnB),MT,PONTES E LACERDA
20200309T195117_row4024,2020-03-09T19:51:17Z,-13.88,-49.29,1.6,UNB,(UnB),GO,Amaralina
20200420T035756_row4068,2020-04-20T03:57:56Z,-19.4,-45.71,2.5,UNB,(UnB),MG,SERRA DA SAUDADE
20200426T222826_row4076,2020-04-26T22:28:26Z,-9.89,-73.1,4.8,UNB,(UnB),AC,MARECHAL THAUMATURGO
20200428T181833_row4078,2020-04-28T18:18:33Z,-12.24,-46.5,2.1,UNB,(UnB),TO,PONTE ALTA BOM JESUS
20200808T144106_row4179,2020-08-08T14:41:06Z,-5.8,-36.2,1.7,UNB,(UnB),RN,Lajes
20200830T114852_row4204,2020-08-30T11:48:52Z,-13.09,-39.59,1.6,UNB,(UnB),BA,Amargosa
20200913T082151_row4254,2020-09-13T08:21:51Z,-9.66,-47.54,1.5,UNB,(UnB),TO,NOVO ACORDO
20200913T091717_row4255,2020-09-13T09:17:17Z,-9.68,-47.53,1.9,UNB,(UnB),TO,Rio Sono
20201005T225840_row4289,2020-10-05T22:58:40Z,-11.4,-48.45,2.8,UNB,(UnB),TO,IPUEIRAS
20201014T062818_row4299,2020-10-14T06:28:18Z,-11.76,-49.55,1.4,UNB,(UnB),TO,Formoso Do Araguaia
20201017T141129_row4304,2020-10-17T14:11:29Z,-10.39,-47.62,2.4,UNB,(UnB),TO,LAGOA DO TOCANTINS
20201018T083629_row4308,2020-10-18T08:36:29Z,-17.55,-41.01,2.5,UNB,(UnB),MG,PAVÃO
20201030T082253_row4319,2020-10-30T08:22:53Z,-10.73,-44.08,2.4,UNB,(UnB),BA,MANSIDÃO
20201102T110003_row4324,2020-11-02T11:00:03Z,-8.33,-36.05,1.4,UNB,(UnB),PE,Caruaru
20201103T021141_row4325,2020-11-03T02:11:41Z,-13.95,-39.41,1.7,UNB,(UnB),BA,Ibirapitanga
20201104T040434_row4326,2020-11-04T04:04:34Z,-8.21,-35.09,1.9,UNB,(UnB),PE,Cabo Santo Agostinho
20201104T054845_row4327,2020-11-04T05:48:45Z,-13.9,-45.66,2.4,UNB,(UnB),GO,POSSE
20201105T065212_row4329,2020-11-05T06:52:12Z,-16.64,-57.05,2.2,UNB,(UnB),MT,POCONÉ
20201106T190820_row4330,2020-11-06T19:08:20Z,-5.74,-35.91,2.0,UNB,(UnB),RN,CAIÇARA RIO DO VENTO
20201109T131554_row4333,2020-11-09T13:15:54Z,-2.93,-40.47,2.3,UNB,(UnB),CE,JERICOACOARA
20201109T165959_row4334,2020-11-09T16:59:59Z,-8.35,-36.0,1.8,UNB,(UnB),PE,Caruaru
20201111T154120_row4336,2020-11-11T15:41:20Z,-7.02,-37.32,1.6,UNB,(UnB),PB,Patos
20201113T053037_row4339,2020-11-13T05:30:37Z,-3.27,-40.94,1.8,UNB,(UnB),CE,Granja
20201117T203544_row4342,2020-11-17T20:35:44Z,-8.29,-36.05,1.6,UNB,(UnB),PE,Caruaru
20201118T150156_row4343,2020-11-18T15:01:56Z,-6.55,-36.38,1.8,UNB,(UnB),PB,Picuí
20201201T030726_row4356,2020-12-01T03:07:26Z,-4.55,-39.35,1.8,UNB,(UnB),CE,Canindé
20201202T114226_row4358,2020-12-02T11:42:26Z,-6.76,-36.14,1.9,UNB,(UnB),PB,Barra De Santa Rosa
20201208T032234_row4366,2020-12-08T03:22:34Z,-8.16,-35.19,1.5,UNB,(UnB),PE,Moreno
20210107T044147_row4389,2021-01-07T04:41:47Z,-7.98,-57.2,2.3,UNB,(UnB),PA,Jacareacanga
20210109T031317_row4393,2021-01-09T03:13:17Z,-6.09,-50.64,2.7,UNB,(UnB),PA,ÁGUA AZUL DO NORTE
20210110T111925_row4395,2021-01-10T11:19:25Z,-4.08,-39.31,1.7,UNB,(UnB),CE,PARAMOTI
20210111T233831_row4397,2021-01-11T23:38:31Z,-5.73,-37.49,1.3,UNB,(UnB),RN,CARAÚBAS
20210113T074148_row4398,2021-01-13T07:41:48Z,-8.24,-36.04,1.2,UNB,(UnB),PE,CARUARU
20210121T022021_row4408,2021-01-21T02:20:21Z,-5.53,-36.12,1.6,UNB,(UnB),RN,PEDRA PRETA
20210128T151655_row4423,2021-01-28T15:16:55Z,-9.73,-36.75,1.5,UNB,(UnB),AL,Lagoa da Canoa
20210130T002516_row4428,2021-01-30T00:25:16Z,-6.03,-37.98,1.3,UNB,(UnB),RN,PORTALEGRE
20210130T004715_row4429,2021-01-30T00:47:15Z,-6.01,-37.98,1.2,UNB,(UnB),RN,PORTALEGRE
20210208T044406_row4451,2021-02-08T04:44:06Z,-4.37,-38.41,1.0,UNB,(UnB),CE,CHOROZINHO
20210209T084742_row4452,2021-02-09T08:47:42Z,-4.38,-38.42,1.6,UNB,(UnB),CE,CHOROZINHO
20210221T055133_row4479,2021-02-21T05:51:33Z,-5.72,-37.45,1.4,UNB,(UnB),RN,CARAÚBAS
20210221T062621_row4480,2021-02-21T06:26:21Z,-5.75,-37.45,1.4,UNB,(UnB),RN,CARAÚBAS
20210222T191419_row4487,2021-02-22T19:14:19Z,-5.68,-37.47,2.2,UNB,(UnB),RN,CARAÚBAS
20210223T002907_row4488,2021-02-23T00:29:07Z,-5.75,-37.49,1.3,UNB,(UnB),RN,CARAÚBAS
20210223T143450_row4489,2021-02-23T14:34:50Z,-5.72,-37.48,1.7,UNB,(UnB),RN,CARAÚBAS
20210223T153954_row4490,2021-02-23T15:39:54Z,-5.72,-37.47,2.2,UNB,(UnB),RN,CARAÚBAS
20210225T161934_row4494,2021-02-25T16:19:34Z,-5.13,-39.5,2.3,UNB,(UnB),CE,QUIXERAMOBIM
20210226T044916_row4495,2021-02-26T04:49:16Z,-6.04,-37.99,1.4,UNB,(UnB),RN,PORTALEGRE
20210227T020313_row4498,2021-02-27T02:03:13Z,-5.09,-39.49,2.0,UNB,(UnB),CE,QUIXERAMOBIM
20210302T015747_row4499,2021-03-02T01:57:47Z,-5.11,-39.52,1.5,UNB,(UnB),CE,BOA VIAGEM
20210303T083657_row4502,2021-03-03T08:36:57Z,-5.46,-36.13,2.1,UNB,(UnB),RN,JANDAÍRA
20210303T092540_row4503,2021-03-03T09:25:40Z,-5.46,-36.13,2.3,UNB,(UnB),RN,JANDAÍRA
20210303T093734_row4504,2021-03-03T09:37:34Z,-5.42,-36.08,2.6,UNB,(UnB),RN,JANDAÍRA
20210308T045234_row4515,2021-03-08T04:52:34Z,-5.68,-37.48,1.3,UNB,(UnB),RN,CARAÚBAS
20210317T074559_row4527,2021-03-17T07:45:59Z,-2.14,-53.23,2.3,UNB,(UnB),PA,PRAINHA
20210325T141754_row4536,2021-03-25T14:17:54Z,-14.5,-59.31,3.3,UNB,(UnB),MT,CONQUISTA do OESTE
20210408T152914_row4560,2021-04-08T15:29:14Z,-8.21,-35.0,1.8,UNB,(UnB),PE,CABO DE STO AGOSTINHO
20210410T110236_row4561,2021-04-10T11:02:36Z,-7.16,-36.06,1.8,UNB,(UnB),PB,POCINHOS
20210410T155134_row4562,2021-04-10T15:51:34Z,-7.03,-37.35,1.7,UNB,(UnB),PB,PATOS
20210410T205138_row4563,2021-04-10T20:51:38Z,-6.96,-37.17,1.3,UNB,(UnB),PB,QUIXABÁ
20210411T214243_row4565,2021-04-11T21:42:43Z,-4.38,-38.42,2.0,UNB,(UnB),CE,CHOROZINHO
20210413T040934_row4568,2021-04-13T04:09:34Z,-5.08,-37.74,1.7,UNB,(UnB),CE,Quixeré
20210419T071041_row4576,2021-04-19T07:10:41Z,-5.68,-37.49,1.4,UNB,(UnB),RN,CARAÚBAS
20210419T180948_row4577,2021-04-19T18:09:48Z,-8.3,-35.83,1.8,UNB,(UnB),PE,CAMOCIM DE SÃO FÉLIX
20210420T151843_row4581,2021-04-20T15:18:43Z,-5.75,-37.53,1.4,UNB,(UnB),RN,CARAÚBAS
20210422T140633_row4584,2021-04-22T14:06:33Z,-4.01,-38.56,1.2,UNB,(UnB),CE,ITAITINGA
20210428T141429_row4592,2021-04-28T14:14:29Z,-5.69,-37.47,2.0,UNB,(UnB),RN,CARAÚBAS
20210430T190004_row4595,2021-04-30T19:00:04Z,-5.63,-36.1,1.5,UNB,(UnB),RN,PEDRA PRETA
20210615T180702_row4647,2021-06-15T18:07:02Z,-14.21,-39.72,2.2,UNB,(UnB),BA,IPIAÚ
20210630T145824_row4659,2021-06-30T14:58:24Z,-6.86,-57.51,2.6,UNB,(UnB),PA,JACAREACANGA
20210716T201036_row4681,2021-07-16T20:10:36Z,-3.43,-52.78,2.2,UNB,(UnB),PA,MEDICILÂNDIA
20210721T232105_row4683,2021-07-21T23:21:05Z,-6.33,-50.0,3.3,UNB,(UnB),PA,CANAÃ DOS CARAJÁS
20210815T135339_row4719,2021-08-15T13:53:39Z,-11.92,-48.51,3.3,UNB,(UnB),TO,PEIXE
20210826T171650_row4728,2021-08-26T17:16:50Z,-3.8,-40.6,1.6,UNB,(UnB),CE,MUCAMBO
20210828T164205_row4729,2021-08-28T16:42:05Z,-5.93,-50.7,3.3,UNB,(UnB),PA,PARAUAPEBAS
20210902T050912_row4733,2021-09-02T05:09:12Z,-20.44,-39.0,2.1,UNB,(UnB),ES,VILA VELHA
20210903T022221_row4736,2021-09-03T02:22:21Z,-7.91,-64.97,3.6,UNB,(UnB),AM,Lábrea
20210907T235930_row4742,2021-09-07T23:59:30Z,-5.33,-35.39,1.9,UNB,(UnB),RN,RIO DO FOGO
20210923T160637_row4761,2021-09-23T16:06:37Z,-8.32,-35.84,1.6,UNB,(UnB),PE,Bezerros
20210928T210228_row4768,2021-09-28T21:02:28Z,-14.49,-55.54,2.4,UNB,(UnB),MT,NOVA BRASILÂNDIA
20211014T024145_row4778,2021-10-14T02:41:45Z,-9.85,-40.02,2.0,UNB,(UnB),BA,JAGUARARI
20211017T034606_row4779,2021-10-17T03:46:06Z,-3.58,-40.53,1.6,UNB,(UnB),CE,ALCÂNTARAS
20211027T195426_row4787,2021-10-27T19:54:26Z,-8.04,-37.88,1.1,UNB,(UnB),PE,FLORES
20211028T133252_row4789,2021-10-28T13:32:52Z,-8.92,-40.1,1.8,UNB,(UnB),PE,LAGOA GRANDE
20211029T203620_row4790,2021-10-29T20:36:20Z,-5.62,-36.11,1.8,UNB,(UnB),RN,PEDRA PRETA
20220110T005518_row4835,2022-01-10T00:55:18Z,-4.64,-38.26,1.4,UNB,(UnB),CE,Morada Nova
20220112T161446_row4838,2022-01-12T16:14:46Z,-5.2,-39.03,1.8,UNB,(UnB),CE,Banabuiú
20220118T201214_row4862,2022-01-18T20:12:14Z,-3.87,-38.71,1.8,UNB,(UnB),CE,Caucaia
20220128T180505_row4884,2022-01-28T18:05:05Z,-5.86,-50.64,3.2,UNB,(UnB),PA,Marabá
20220130T042753_row4887,2022-01-30T04:27:53Z,-4.56,-39.35,2.2,UNB,(UnB),CE,Canindé
20220225T010940_row4906,2022-02-25T01:09:40Z,-1.42,-59.76,3.4,UNB,(UnB),AM,Pres. Figueiredo
20220328T032117_row4936,2022-03-28T03:21:17Z,-7.62,-49.99,2.0,UNB,(UnB),PA,Rio Maria
20220404T024319_row4949,2022-04-04T02:43:19Z,-5.76,-50.51,3.0,UNB,(UnB),PA,Marabá
20220405T190605_row4953,2022-04-05T19:06:05Z,-19.93,-43.28,2.2,UNB,(UnB),MG,Santa Bárbara
20220413T130916_row4970,2022-04-13T13:09:16Z,-13.39,-49.86,3.6,UNB,(UnB),GO,S. Miguel do Araguaia
20220418T021250_row4975,2022-04-18T02:12:50Z,-19.52,-44.18,2.0,UNB,(UnB),MG,Sete Lagoas
20220505T190521_row4991,2022-05-05T19:05:21Z,-15.31,-56.08,2.2,UNB,(UnB),MT,Cuiabá
20220510T042419_row4999,2022-05-10T04:24:19Z,-18.8,-47.16,2.2,UNB,(UnB),MG,Patrocínio
20220517T023245_row5010,2022-05-17T02:32:45Z,-8.1,-35.33,1.5,UNB,(UnB),PE,Vitória de Sto Antão
20220606T002430_row5033,2022-06-06T00:24:30Z,-5.25,-49.72,2.5,UNB,(UnB),PA,Itupiranga
20220703T045120_row5057,2022-07-03T04:51:20Z,-5.17,-46.11,3.4,UNB,(UnB),MA,Arame
20220718T195617_row5070,2022-07-18T19:56:17Z,-25.03,-49.27,2.5,UNB,(UnB),PR,Cerro Azul
20220804T204453_row5089,2022-08-04T20:44:53Z,-24.32,-48.04,2.0,UNB,(UnB),SP,Sete Barras
20220819T201514_row5101,2022-08-19T20:15:14Z,-24.75,-50.12,1.8,UNB,(UnB),PR,Castro
20220905T191617_row5111,2022-09-05T19:16:17Z,-19.61,-44.29,2.3,UNB,(UnB),MG,Esmeraldas
20220908T142509_row5114,2022-09-08T14:25:09Z,-22.92,-47.71,2.6,UNB,(UnB),SP,Tietê
20220920T210734_row5123,2022-09-20T21:07:34Z,-24.41,-48.05,2.6,UNB,(UnB),SP,Eldorado
20221006T162924_row5135,2022-10-06T16:29:24Z,-14.82,-58.78,2.7,UNB,(UnB),MT,Barra Do Bugres
20221011T150323_row5138,2022-10-11T15:03:23Z,-22.34,-47.94,2.7,UNB,(UnB),SP,Itirapina
20221015T151312_row5140,2022-10-15T15:13:12Z,-13.66,-56.49,2.8,UNB,(UnB),MT,S. José do Rio
20221016T121824_row5141,2022-10-16T12:18:24Z,-19.78,-44.17,2.5,UNB,(UnB),MG,Esmeraldas
20221020T215711_row5146,2022-10-20T21:57:11Z,-19.56,-43.97,1.8,UNB,(UnB),MG,Pedro Leopoldo
20221021T225917_row5147,2022-10-21T22:59:17Z,-19.97,-49.55,2.9,UNB,(UnB),SP,Paulo De Faria
20221111T055046_row5159,2022-11-11T05:50:46Z,-7.21,-50.57,3.0,UNB,(UnB),PA,Ourilândia do Norte
20221116T025116_row5162,2022-11-16T02:51:16Z,-6.59,-50.08,2.8,UNB,(UnB),PA,Água Azul do Norte
20221118T033034_row5163,2022-11-18T03:30:34Z,-19.53,-44.06,1.9,UNB,(UnB),MG,Matozinhos
20221130T160310_row5173,2022-11-30T16:03:10Z,-8.31,-36.08,1.4,UNB,(UnB),PE,São Caetano
20221207T190809_row5181,2022-12-07T19:08:09Z,-6.42,-50.19,3.0,UNB,(UnB),PA,Canaã dos Carajás
20221227T101436_row5191,2022-12-27T10:14:36Z,-19.09,-47.66,2.3,UNB,(UnB),MG,Nova Ponte
20230117T002256_row5208,2023-01-17T00:22:56Z,-19.12,-47.65,2.1,UNB,(UnB),MG,Nova Ponte
20230120T072059_row5211,2023-01-20T07:20:59Z,1.36,-55.78,3.4,UNB,(UnB),PA,Oriximiná
20230206T053642_row5230,2023-02-06T05:36:42Z,-21.0,-48.62,2.5,UNB,(UnB),SP,Bebedouro
20230213T085551_row5235,2023-02-13T08:55:51Z,-21.06,-48.68,2.4,UNB,(UnB),SP,Pirangi
20230312T183857_row5257,2023-03-12T18:38:57Z,1.78,-49.48,3.2,UNB,(UnB),AP,Pracuuba
20230316T122351_row5263,2023-03-16T12:23:51Z,-13.42,-44.82,3.0,UNB,(UnB),BA,Correntina
20230317T214235_row5267,2023-03-17T21:42:35Z,-5.75,-49.64,3.3,UNB,(UnB),PA,Marabá
20230406T082201_row5290,2023-04-06T08:22:01Z,-13.09,-48.68,1.9,UNB,(UnB),GO,Montividiu Do Norte
20230408T103413_row5295,2023-04-08T10:34:13Z,-0.81,-49.17,4.0,UNB,(UnB),PA,Cachoeira Do Arari
20230414T223718_row5305,2023-04-14T22:37:18Z,-3.69,-40.44,1.8,UNB,(UnB),CE,Sobral
20230421T063430_row5316,2023-04-21T06:34:30Z,-9.56,-36.33,1.5,UNB,(UnB),AL,Maribondo
20230423T055229_row5325,2023-04-23T05:52:29Z,-4.12,-38.92,2.0,UNB,(UnB),CE,Palmácia
20230503T033725_row5345,2023-05-03T03:37:25Z,-4.2,-38.99,1.5,UNB,(UnB),CE,Caridade
20230504T031211_row5351,2023-05-04T03:12:11Z,-4.44,-39.49,1.5,UNB,(UnB),CE,Canindé
20230517T202814_row5369,2023-05-17T20:28:14Z,-8.24,-35.04,1.6,UNB,(UnB),PE,Cabo Sto Agostinho
20230520T122654_row5372,2023-05-20T12:26:54Z,-22.62,-55.92,2.6,UNB,(UnB),MS,Ponta_Porã
20230528T185240_row5387,2023-05-28T18:52:40Z,-5.0,-48.75,3.2,UNB,(UnB),PA,Bom Jesus Do Tocantins
20230601T160939_row5392,2023-06-01T16:09:39Z,-22.43,-55.75,2.3,UNB,(UnB),MS,Ponta_Porã
20230623T150223_row5416,2023-06-23T15:02:23Z,-10.94,-39.32,2.1,UNB,(UnB),BA,Cansanção
20230725T175349_row5435,2023-07-25T17:53:49Z,-20.14,-43.63,2.1,UNB,(UnB),MG,Santa Bárbara
20230803T012739_row5443,2023-08-03T01:27:39Z,-6.59,-38.34,1.2,UNB,(UnB),PB,S._João_Rio_do_Peixe
20230809T073121_row5451,2023-08-09T07:31:21Z,-4.22,-39.74,1.6,UNB,(UnB),CE,Canindé
20230817T185253_row5462,2023-08-17T18:52:53Z,-6.04,-50.21,3.2,UNB,(UnB),PA,Parauapebas
20230831T175023_row5482,2023-08-31T17:50:23Z,-2.5,-50.18,2.5,UNB,(UnB),PA,Bagre
20230905T160006_row5489,2023-09-05T16:00:06Z,-3.56,-50.16,2.4,UNB,(UnB),PA,Pacajá
20230905T163450_row5490,2023-09-05T16:34:50Z,-2.44,-49.24,3.0,UNB,(UnB),PA,Mocajuba
20230905T184045_row5491,2023-09-05T18:40:45Z,-2.77,-49.99,2.7,UNB,(UnB),PA,Bagre
20230906T175316_row5493,2023-09-06T17:53:16Z,-5.04,-48.97,2.9,UNB,(UnB),PA,Bom Jesus Do Tocantins
20230908T170134_row5496,2023-09-08T17:01:34Z,-5.79,-50.46,3.3,UNB,(UnB),PA,Marabá
20230910T170514_row5497,2023-09-10T17:05:14Z,-19.58,-43.38,2.1,UNB,(UnB),MG,Itabira
20230912T130302_row5498,2023-09-12T13:03:02Z,-8.46,-36.6,1.8,UNB,(UnB),PE,Pesqueira
20230914T203815_row5499,2023-09-14T20:38:15Z,-5.23,-49.69,2.8,UNB,(UnB),PA,Itupiranga
20231120T065657_row5538,2023-11-20T06:56:57Z,-6.26,-50.96,2.6,UNB,(UnB),PA,Parauapebas
20231127T235503_row5547,2023-11-27T23:55:03Z,-8.07,-35.19,1.6,UNB,(UnB),PE,São Lourenço Da Mata
20231222T042211_row5566,2023-12-22T04:22:11Z,-2.22,-53.55,1.0,UNB,(UnB),PA,Prainha
20231224T193302_row5567,2023-12-24T19:33:02Z,-6.16,-50.93,2.8,UNB,(UnB),PA,Parauapebas
20130521T173056_row2446,2013-05-21T17:30:56Z,-4.07,-48.34,2.8,UNB NO=10,(UnB NO=10) (*),PA,Centro do Pará
20130613T133631_row2455,2013-06-13T13:36:31Z,-6.5,-50.11,2.5,UNB NO=12,(UnB NO=12) Explosão? (*),PA,Canaã dos Carajás
20130620T195803_row2458,2013-06-20T19:58:03Z,-16.69,-43.88,1.0,UNB NO=12,(UnB NO=12) (*),MG,Montes Claros
20131214T055828_row2507,2013-12-14T05:58:28Z,-11.71,-47.63,1.8,UNB NO=13,(UnB NO=13),TO,Chapada da Natividade
20120321T095133_row2299,2012-03-21T09:51:33Z,-13.42,-48.58,2.0,UNB NO=14,(UnB NO=14),GO,Montividiu do Norte
20131113T181925_row2498,2013-11-13T18:19:25Z,-15.11,-48.98,1.9,UNB NO=14,(UnB NO=14) (*),GO,Barro Alto
20110418T124514_row2211,2011-04-18T12:45:14Z,-13.77,-49.17,1.9,UNB NO=15,(UnB NO=15) vários,GO,Mara Rosa
20130125T113858_row2414,2013-01-25T11:38:58Z,-8.44,-50.07,2.8,UNB NO=16,(UnB NO=16) (*),PA,Sta Maria das Barreiras
20130622T062410_row2460,2013-06-22T06:24:10Z,-13.78,-49.08,2.4,UNB NO=23,(UnB NO=23) (*),GO,Mutunopolis
20120803T164312_row2355,2012-08-03T16:43:12Z,-16.73,-43.98,2.3,UNB NO=3,(UnB NO=3),MG,Montes Claros
20110108T235126_row2188,2011-01-08T23:51:26Z,-13.78,-49.17,2.2,UNB NO=5,(UnB NO=5),GO,Mara Rosa
20130612T054103_row2454,2013-06-12T05:41:03Z,-21.15,-44.92,1.0,UNB NO=5,(UnB NO=5) SDR? (*),MG,Represa de Funil
20130301T192005_row2427,2013-03-01T19:20:05Z,-11.65,-47.74,1.7,UNB NO=50,(UnB NO=50) (*),TO,Natividade
20110403T084826_row2208,2011-04-03T08:48:26Z,-21.12,-44.93,1.9,UNB NO=5; IAG,(UnB NO=5; IAG) Induzido,MG,Ijaci
20110108T115648_row2187,2011-01-08T11:56:48Z,-13.58,-48.92,2.0,UNB NO=6,(UnB NO=6),GO,Trombas-Formosa
20130421T084008_row2441,2013-04-21T08:40:08Z,-3.77,-52.0,1.0,UNB NO=6,(UnB NO=6) (*),PA,60km NW de Altamira
20130521T102005_row2445,2013-05-21T10:20:05Z,-18.87,-48.38,1.4,UNB NO=6,(UnB NO=6) (*),MG,NE de Uberlândia
20130625T193027_row2461,2013-06-25T19:30:27Z,-21.15,-44.93,1.8,UNB NO=6,(UnB NO=6) induzido? (*),MG,Represa de Funil
20130726T021157_row2462,2013-07-26T02:11:57Z,-10.68,-48.32,1.8,UNB NO=6,(UnB NO=6) (*),TO,Porto Nacional
20110423T171112_row2214,2011-04-23T17:11:12Z,-21.01,-44.96,1.7,UNB NO=6; IAG,(UnB NO=6; IAG) Induzido,MG,Ijaci
20110424T014233_row2215,2011-04-24T01:42:33Z,-21.02,-44.92,1.3,UNB NO=6; IAG,(UnB NO=6; IAG) Induzido,MG,Ijaci
20131007T023546_row2473,2013-10-07T02:35:46Z,-19.74,-46.74,1.9,UNB NO=7,(UnB NO=7) (*),MG,Araxá
20110519T091739_row2220,2011-05-19T09:17:39Z,-20.95,-44.98,1.5,UNB NO=7; IAG,(UnB NO=7; IAG) vários  Induzido,MG,Ijaci
20110522T000640_row2222,2011-05-22T00:06:40Z,-20.98,-44.96,1.6,UNB NO=7; IAG,(UnB NO=7; IAG)  Induzido,MG,Ijaci
20110720T175318_row2231,2011-07-20T17:53:18Z,-21.09,-44.97,1.4,UNB NO=7; IAG,(UnB NO=7; IAG) vários  Induzido,MG,Ijaci
20130606T044319_row2452,2013-06-06T04:43:19Z,-7.86,-50.13,1.9,UNB NO=8,(UnB NO=8),PA,Pau DArco
20130615T081404_row2456,2013-06-15T08:14:04Z,-19.35,-47.98,2.0,UNB NO=8,(UnB NO=8) (*),MG,Uberaba
20130615T183236_row2457,2013-06-15T18:32:36Z,-13.32,-46.44,1.6,UNB NO=8,(UnB NO=8) (*),GO,Divinópolis de Goiás
20131001T200414_row2471,2013-10-01T20:04:14Z,-4.22,-48.44,2.7,UNB NO=8,(UnB NO=8) (*),PA,Pará
20110409T195213_row2210,2011-04-09T19:52:13Z,-13.77,-49.15,1.5,UNB NO=9,(UnB NO=9),GO,Mara Rosa
20120224T215021_row2292,2012-02-24T21:50:21Z,-12.05,-63.5,3.6,UNB SAML,(UnB SAML),RO,S.Fco Guapore
20110302T191656_row2198,2011-03-02T19:16:56Z,-11.81,-47.92,2.2,UNB; CARVALHO ETAL.2020,(UnB; Carvalho etal.2020),TO,Alianca do Tocantins
20110430T081621_row2218,2011-04-30T08:16:21Z,-11.12,-48.64,2.2,UNB; CARVALHO ETAL.2020,(UnB; Carvalho etal.2020) Mag??,TO,Brejinho de Nazare
20140719T123706_row2632,2014-07-19T12:37:06Z,-13.58,-49.08,2.3,UNB; CARVALHO ETAL.2020,(UnB; Carvalho etal.2020),GO,Goiás
20140807T201341_row2656,2014-08-07T20:13:41Z,-14.24,-49.57,2.3,UNB; CARVALHO ETAL.2020,(UnB; Carvalho etal.2020),GO,Goiás
20140909T160219_row2687,2014-09-09T16:02:19Z,-14.12,-49.37,2.0,UNB; CARVALHO ETAL.2020,(UnB; Carvalho etal.2020),GO,Goiás
20140930T050226_row2700,2014-09-30T05:02:26Z,-11.9,-47.88,2.1,UNB; CARVALHO ETAL.2020,(UnB; Carvalho etal.2020),TO,Tocantins
20141028T014029_row2717,2014-10-28T01:40:29Z,-12.94,-49.38,2.3,UNB; CARVALHO ETAL.2020,(UnB; Carvalho etal.2020),GO,Goiás
20141231T030934_row2753,2014-12-31T03:09:34Z,-7.77,-50.22,2.6,UNB; CARVALHO ETAL.2020,(UnB; Carvalho etal.2020),PA,Redenção
20150118T003313_row2759,2015-01-18T00:33:13Z,-8.07,-50.29,2.4,UNB; CARVALHO ETAL.2020,(UnB; Carvalho etal.2020),PA,Redenção
20150119T035416_row2760,2015-01-19T03:54:16Z,-7.56,-50.1,2.3,UNB; CARVALHO ETAL.2020,(UnB; Carvalho etal.2020),PA,Redenção
20150129T052204_row2768,2015-01-29T05:22:04Z,-15.62,-51.59,2.2,UNB; CARVALHO ETAL.2020,(UnB; Carvalho etal.2020),GO,Goiás
20150212T044439_row2785,2015-02-12T04:44:39Z,-12.73,-46.73,2.0,UNB; CARVALHO ETAL.2020,(UnB; Carvalho etal.2020),TO,Tocantins
20150219T012507_row2790,2015-02-19T01:25:07Z,-12.65,-48.59,2.3,UNB; CARVALHO ETAL.2020,(UnB; Carvalho etal.2020),TO,Tocantins
20150305T200542_row2796,2015-03-05T20:05:42Z,-15.11,-48.97,2.3,UNB; CARVALHO ETAL.2020,(UnB; Carvalho etal.2020),GO,Goiás
20150316T194454_row2804,2015-03-16T19:44:54Z,-9.71,-50.77,2.7,UNB; CARVALHO ETAL.2020,(UnB; Carvalho etal.2020),PA,divisa PA-MT
20150408T202521_row2828,2015-04-08T20:25:21Z,-15.08,-48.96,3.0,UNB; CARVALHO ETAL.2020,(UnB; Carvalho etal.2020),GO,Goiás
20150418T131929_row2841,2015-04-18T13:19:29Z,-10.26,-51.25,2.7,UNB; CARVALHO ETAL.2020,(UnB; Carvalho etal.2020),TO,Tocantins
20150519T202418_row2862,2015-05-19T20:24:18Z,-13.74,-49.06,2.3,UNB; CARVALHO ETAL.2020,(UnB; Carvalho etal.2020),GO,Goiás
20150616T082019_row2877,2015-06-16T08:20:19Z,-9.7,-50.75,2.4,UNB; CARVALHO ETAL.2020,(UnB; Carvalho etal.2020),PA,divisa PA-MT
20150619T011301_row2880,2015-06-19T01:13:01Z,-14.79,-51.42,2.4,UNB; CARVALHO ETAL.2020,(UnB; Carvalho etal.2020),MT,divisa MT-Goiás
20150619T030140_row2881,2015-06-19T03:01:40Z,-11.74,-48.73,2.1,UNB; CARVALHO ETAL.2020,(UnB; Carvalho etal.2020),TO,Tocantins
20150624T130045_row2884,2015-06-24T13:00:45Z,-13.07,-48.74,3.1,UNB; CARVALHO ETAL.2020,(UnB; Carvalho etal.2020),GO,Goiás
20150729T065504_row2908,2015-07-29T06:55:04Z,-8.47,-50.68,2.4,UNB; CARVALHO ETAL.2020,(UnB; Carvalho etal.2020),PA,Redenção
20150816T194710_row2927,2015-08-16T19:47:10Z,-13.11,-52.11,2.4,UNB; CARVALHO ETAL.2020,(UnB; Carvalho etal.2020),MT,Mato Grosso
20150917T102447_row2940,2015-09-17T10:24:47Z,-14.87,-51.58,3.2,UNB; CARVALHO ETAL.2020,(UnB; Carvalho etal.2020),MT,Araguaiana
20150921T221354_row2944,2015-09-21T22:13:54Z,-10.56,-51.82,2.2,UNB; CARVALHO ETAL.2020,(UnB; Carvalho etal.2020),MT,divisa MT-PA
20150927T071510_row2948,2015-09-27T07:15:10Z,-5.61,-46.73,2.3,UNB; CARVALHO ETAL.2020,(UnB; Carvalho etal.2020),MA,Maranhão
20151008T182541_row2955,2015-10-08T18:25:41Z,-15.91,-49.81,2.7,UNB; CARVALHO ETAL.2020,(UnB; Carvalho etal.2020),GO,Goiás
20151012T032125_row2959,2015-10-12T03:21:25Z,-12.73,-46.43,2.4,UNB; CARVALHO ETAL.2020,(UnB; Carvalho etal.2020),TO,Tocantins
20151024T200228_row2965,2015-10-24T20:02:28Z,-11.93,-48.7,2.3,UNB; CARVALHO ETAL.2020,(UnB; Carvalho etal.2020),TO,Tocantins
20151125T201907_row3014,2015-11-25T20:19:07Z,-13.3,-49.44,2.6,UNB; CARVALHO ETAL.2020,(UnB; Carvalho etal.2020),GO,Goiás
20151216T031242_row3035,2015-12-16T03:12:42Z,-12.92,-49.15,3.1,UNB; CARVALHO ETAL.2020,(UnB; Carvalho etal.2020),TO,divisa GO-TO
20151225T181014_row3042,2015-12-25T18:10:14Z,-12.59,-47.4,2.4,UNB; CARVALHO ETAL.2020,(UnB; Carvalho etal.2020),TO,Tocantins
20170111T100512_row3402,2017-01-11T10:05:12Z,-13.6,-48.82,3.8,UNB; CARVALHO ETAL.2020,(UnB; Carvalho etal.2020),GO,divisa GO-TO
20170128T003639_row3415,2017-01-28T00:36:39Z,-13.29,-49.49,2.9,UNB; CARVALHO ETAL.2020,(UnB; Carvalho etal.2020),TO,divisa GO-TO
20170526T175820_row3467,2017-05-26T17:58:20Z,-12.06,-48.27,2.4,UNB; CARVALHO ETAL.2020,(UnB; Carvalho etal.2020),TO,Tocantins
20170607T084115_row3477,2017-06-07T08:41:15Z,-12.62,-46.55,2.0,UNB; CARVALHO ETAL.2020,(UnB; Carvalho etal.2020),TO,Tocantins
20170622T022529_row3486,2017-06-22T02:25:29Z,-16.01,-47.28,2.4,UNB; CARVALHO ETAL.2020,(UnB; Carvalho etal.2020),GO,divisa GO-MG
20171012T224022_row3547,2017-10-12T22:40:22Z,-12.95,-48.88,3.4,UNB; CARVALHO ETAL.2020,(UnB; Carvalho etal.2020),TO,divisa GO-TO
20171109T061824_row3564,2017-11-09T06:18:24Z,-13.71,-49.1,2.2,UNB; CARVALHO ETAL.2020,(UnB; Carvalho etal.2020),GO,Goiás
20171123T025225_row3565,2017-11-23T02:52:25Z,-5.76,-50.47,2.2,UNB; CARVALHO ETAL.2020,(UnB; Carvalho etal.2020),PA,Carajás
20171203T070328_row3568,2017-12-03T07:03:28Z,-10.74,-47.62,2.6,UNB; CARVALHO ETAL.2020,(UnB; Carvalho etal.2020),TO,Tocantins
20180103T055523_row3572,2018-01-03T05:55:23Z,-12.02,-48.23,2.2,UNB; CARVALHO ETAL.2020,(UnB; Carvalho etal.2020),TO,Tocantins
20180118T113951_row3576,2018-01-18T11:39:51Z,-13.79,-49.87,2.2,UNB; CARVALHO ETAL.2020,(UnB; Carvalho etal.2020),GO,Goiás
20180124T225323_row3582,2018-01-24T22:53:23Z,-5.75,-50.53,3.2,UNB; CARVALHO ETAL.2020,(UnB; Carvalho etal.2020),PA,Carajás
20180213T045105_row3591,2018-02-13T04:51:05Z,-12.23,-48.44,3.0,UNB; CARVALHO ETAL.2020,(UnB; Carvalho etal.2020),TO,Tocantins
20180302T041751_row3596,2018-03-02T04:17:51Z,-6.41,-50.08,2.2,UNB; CARVALHO ETAL.2020,(UnB; Carvalho etal.2020),PA,Carajás
20180412T035634_row3620,2018-04-12T03:56:34Z,-17.35,-47.44,2.8,UNB; CARVALHO ETAL.2020,(UnB; Carvalho etal.2020),GO,divisa GO-MG
20180526T134540_row3640,2018-05-26T13:45:40Z,-13.74,-49.07,2.6,UNB; CARVALHO ETAL.2020,(UnB; Carvalho etal.2020),GO,Goiás
20180703T012512_row3658,2018-07-03T01:25:12Z,-15.32,-51.01,2.5,UNB; CARVALHO ETAL.2020,(UnB; Carvalho etal.2020),GO,Goiás
20180804T134232_row3671,2018-08-04T13:42:32Z,-11.54,-49.4,2.1,UNB; CARVALHO ETAL.2020,(UnB; Carvalho etal.2020),TO,Tocantins
20120719T145907_row2349,2012-07-19T14:59:07Z,-15.38,-51.17,4.0,UNB; IAG,(UnB; IAG),GO,Britânia
20130214T141003_row2421,2013-02-14T14:10:03Z,-16.6,-48.2,1.2,UNB; NO=6,(UnB; NO=6) (*) ??,GO,Cruzeiro
20200205T113937_row3997,2020-02-05T11:39:37Z,-11.62,-56.83,2.8,UNB; USP,(UnB; USP),MT,TABAPORÃ
20210626T175549_row4656,2021-06-26T17:55:49Z,-5.68,-37.52,1.9,UNB; USP,(UnB; USP),RN,CARAÚBAS
20210902T145313_row4735,2021-09-02T14:53:13Z,-3.8,-40.53,1.6,UNB; USP,(UnB; USP),CE,CARIRÉ
20210929T201814_row4770,2021-09-29T20:18:14Z,-11.67,-56.73,3.1,UNB; USP,(UnB; USP)   check mR?,MT,TABAPORÃ
20220127T014227_row4878,2022-01-27T01:42:27Z,-11.67,-61.14,3.1,UNB; USP,(UnB; USP),RO,Pimenta Bueno
20090801T145329_row2057,2009-08-01T14:53:29Z,-21.6,-46.89,2.2,UNESP,(UNESP),SP,SAO JOSE DO RIO PARDO
20100524T161829_row2143,2010-05-24T16:18:29Z,-8.07,-71.57,6.5,USGS,(USGS),AC,Acre
20101217T221427_row2183,2010-12-17T22:14:27Z,-8.48,-71.44,5.0,USGS,(USGS),AC,Acre
20110425T071923_row2216,2011-04-25T07:19:23Z,-0.46,-19.98,4.7,USGS,(USGS) perto F.Noronha,PE,C.Mid Atl.Ridge
20120816T141430_row2358,2012-08-16T14:14:30Z,-0.33,-18.81,5.3,USGS,(USGS) Perto F.Noronha,PE,C.Mid-Atl.Ridge
20120817T001210_row2359,2012-08-17T00:12:10Z,-0.33,-18.71,5.2,USGS,(USGS) Perto F.Noronha,PE,C.Mid-Atl.Ridge
20210604T222958_row4629,2021-06-04T22:29:58Z,-9.24,-75.78,4.4,USGS; UNB; USP,(USGS; UnB; USP),PU,Peru
20211010T040620_row4774,2021-10-10T04:06:20Z,-8.76,-74.7,4.6,USGS; UNB; USP MB 4.7,(USGS; UnB; USP mb 4.7),PU,MARECHAL THAUMATURGO
20200903T113912_row4228,2020-09-03T11:39:12Z,-29.378,-50.882,0.8,USP,(USP) induzido por poço,RS,Gramado
20200903T115720_row4229,2020-09-03T11:57:20Z,-29.378,-50.882,1.3,USP,(USP) induzido por poço,RS,Gramado
20200909T012300_row4239,2020-09-09T01:23:00Z,-29.377,-50.885,0.5,USP,(USP) induzido por poço,RS,Gramado
20200929T143944_row4281,2020-09-29T14:39:44Z,-29.392,-50.89,1.0,USP,(USP) induzido por poço,RS,Gramado
20201002T031649_row4286,2020-10-02T03:16:49Z,-29.363,-50.889,0.6,USP,(USP) induzido por poço,RS,Gramado
20210122T085500_row4410,2021-01-22T08:55:00Z,-16.73,-43.86,2.0,USP,(USP) sentido vários bairros,MG,Montes Claros
20210219T084010_row4465,2021-02-19T08:40:10Z,-5.35,-36.21,3.4,USP,(USP),RN,Jandaira
20220108T150100_row4834,2022-01-08T15:01:00Z,-23.616,-46.498,0.0,USP,(USP) vários desde 2021-10-15 raio de 200m,SP,Sapopemba_Sao_Paulo
20221228T135247_row5193,2022-12-28T13:52:47Z,-19.51,-44.22,1.7,USP,(USP),MG,Sete Lagoas
20200926T045948_row4276,2020-09-26T04:59:48Z,-5.53,-36.04,1.6,USP SC3: MLV-0.5,(USP SC3: MLv-0.5),RN,Pedra Preta
20210923T185929_row4762,2021-09-23T18:59:29Z,-3.93,-40.56,1.8,USP; UNB,(USP; UnB),CE,Cariré
20160111T164216_row3060,2016-01-11T16:42:16.100000Z,-23.33,-51.145,1.6,USP_LDA-NET,(USP_LDA-Net),PR,Londrina - California
20160203T025555_row3089,2016-02-03T02:55:55.300000Z,-23.345,-51.197,1.5,USP_LDA-NET,(USP_LDA-Net),PR,Londrina - W de LDAW
