agency,total,matched,no_match,ambiguous,error,no_match_rate_pct,matched_rate_pct,matched_zero_picks,matched_mean_picks
UNB,425,134,290,1,0,68.235,31.529,69,1.761
UFRN,239,25,214,0,0,89.54,10.46,6,2.6
RSVL-USP,69,5,64,0,0,92.754,7.246,0,5.6
ESAR,63,11,52,0,0,82.54,17.46,11,0.0
UNB; CARVALHO ETAL.2020,55,4,51,0,0,92.727,7.273,1,1.75
RSBR-USP,978,965,10,3,0,1.022,98.671,44,3.969
RSBR,450,440,10,0,0,2.222,97.778,58,3.766
DIAS ET AL. GJINT. 2018,23,13,10,0,0,43.478,56.522,0,1.615
USP,276,267,9,0,0,3.261,96.739,9,4.082
RSVL-USP; UNB,8,0,8,0,0,100.0,0.0,0,0.0
IAG,60,53,7,0,0,11.667,88.333,50,0.434
UFRN;UNB,12,6,6,0,0,50.0,50.0,6,0.0
UNB; USP,73,68,5,0,0,6.849,93.151,2,3.265
IAG;UNB,21,16,5,0,0,23.81,76.19,16,0.0
USGS,9,4,5,0,0,55.556,44.444,4,0.0
UNB NO=6,5,0,5,0,0,100.0,0.0,0,0.0
IAG;IPT,17,12,4,1,0,23.529,70.588,11,0.25
IPT,7,3,4,0,0,57.143,42.857,1,8.667
UNB NO=8,4,0,4,0,0,100.0,0.0,0,0.0
UNB NO=7; IAG,3,0,3,0,0,100.0,0.0,0,0.0
IAG;UFRN,9,7,2,0,0,22.222,77.778,3,5.571
BARROS_ETAL_SBGF2015,7,5,2,0,0,28.571,71.429,0,3.4
ISC,6,4,2,0,0,33.333,66.667,4,0.0
SC3: MAG=ML-0.5; SENTIU-AÍ,6,4,2,0,0,33.333,66.667,0,1.75
USP_LDA-NET,6,4,2,0,0,33.333,66.667,0,2.5
RSBR AGURTO ETAL 2016,5,3,2,0,0,40.0,60.0,0,10.667
IPT IAG,3,1,2,0,0,66.667,33.333,1,0.0
UNB NO=12,3,1,2,0,0,66.667,33.333,1,0.0
UNB NO=6; IAG,3,1,2,0,0,66.667,33.333,1,0.0
IAG;UNESP,2,0,2,0,0,100.0,0.0,0,0.0
UNB NO=14,2,0,2,0,0,100.0,0.0,0,0.0
UNB NO=5,2,0,2,0,0,100.0,0.0,0,0.0
USP; UNB,110,107,1,2,0,0.909,97.273,3,4.009
MB-MAGSC3,37,35,1,1,0,2.703,94.595,2,1.486
SC3: MAG=ML-0.5,23,22,1,0,0,4.348,95.652,0,2.455
MLV_SC3-0.5,22,21,1,0,0,4.545,95.455,0,2.19
ON,8,7,1,0,0,12.5,87.5,1,7.286
RSBR UNB,7,6,1,0,0,14.286,85.714,1,3.167
USGS; UNB; USP,4,3,1,0,0,25.0,75.0,0,2.0
USP SC3: MLV-0.5,4,3,1,0,0,25.0,75.0,0,3.0
UFRN;IAG,3,2,1,0,0,33.333,66.667,2,0.0
UNB; IAG,3,2,1,0,0,33.333,66.667,2,0.0
UNB NO=10,2,1,1,0,0,50.0,50.0,0,1.0
UNB NO=3,2,1,1,0,0,50.0,50.0,1,0.0
DIAS ET AL. GJINT. 2018; UNB; USP,1,0,1,0,0,100.0,0.0,0,0.0
GS;IAG;UNB,1,0,1,0,0,100.0,0.0,0,0.0
IAG MR 3.5; UNB=3.5; ISC MB 4.1,1,0,1,0,0,100.0,0.0,0,0.0
IAG;IPT;UNB,1,0,1,0,0,100.0,0.0,0,0.0
IAG;IPT;UNESP-RC,1,0,1,0,0,100.0,0.0,0,0.0
IPT: ML DE IT4 MC1,1,0,1,0,0,100.0,0.0,0,0.0
IPT;ESAR;IAG,1,0,1,0,0,100.0,0.0,0,0.0
ISC MB 4.4,1,0,1,0,0,100.0,0.0,0,0.0
ISC; IAG,1,0,1,0,0,100.0,0.0,0,0.0
ISC; MS=3.2,1,0,1,0,0,100.0,0.0,0,0.0
ISC;IAG;UNB,1,0,1,0,0,100.0,0.0,0,0.0
RSBR-USP-UFRN,1,0,1,0,0,100.0,0.0,0,0.0
RSBR;UNB NO=16,1,0,1,0,0,100.0,0.0,0,0.0
RSBR;UNB NO=18,1,0,1,0,0,100.0,0.0,0,0.0
UDELAR,1,0,1,0,0,100.0,0.0,0,0.0
UDELAR/USP,1,0,1,0,0,100.0,0.0,0,0.0
UNA INPRES CPUP,1,0,1,0,0,100.0,0.0,0,0.0
UNB NO=13,1,0,1,0,0,100.0,0.0,0,0.0
UNB NO=15,1,0,1,0,0,100.0,0.0,0,0.0
UNB NO=16,1,0,1,0,0,100.0,0.0,0,0.0
UNB NO=23,1,0,1,0,0,100.0,0.0,0,0.0
UNB NO=50,1,0,1,0,0,100.0,0.0,0,0.0
UNB NO=5; IAG,1,0,1,0,0,100.0,0.0,0,0.0
UNB NO=7,1,0,1,0,0,100.0,0.0,0,0.0
UNB NO=9,1,0,1,0,0,100.0,0.0,0,0.0
UNB SAML,1,0,1,0,0,100.0,0.0,0,0.0
UNB; NO=6,1,0,1,0,0,100.0,0.0,0,0.0
UNESP,1,0,1,0,0,100.0,0.0,0,0.0
USGS; UNB; USP MB 4.7,1,0,1,0,0,100.0,0.0,0,0.0
USP ML-0.5,60,60,0,0,0,0.0,100.0,0,1.833
RSBR;IAG; MR-SC3,50,50,0,0,0,0.0,100.0,1,6.12
RSBR-USP; UNB,40,40,0,0,0,0.0,100.0,0,6.775
RSBR-USP; SC3: MLV-0.5,29,29,0,0,0,0.0,100.0,0,2.793
RSBR-USP; SENTIU AÍ,20,20,0,0,0,0.0,100.0,0,6.1
RSBR-USP; SENTIU-AÍ,20,20,0,0,0,0.0,100.0,0,6.7
UNB;IAG,16,14,0,2,0,0.0,87.5,13,0.214
RSBR SC3 ML-0.5,13,13,0,0,0,0.0,100.0,0,2.769
MB-SC3,7,7,0,0,0,0.0,100.0,1,0.857
USGS; USP,7,7,0,0,0,0.0,100.0,2,1.429
UFRN;UNB;IAG,6,6,0,0,0,0.0,100.0,6,0.0
USP MLV-0.5,6,6,0,0,0,0.0,100.0,0,3.0
IAG;UNESP-RC,5,5,0,0,0,0.0,100.0,5,0.0
IAG;UNB;IPT,4,4,0,0,0,0.0,100.0,4,0.0
USP;UFRN,4,4,0,0,0,0.0,100.0,0,4.25
RSBR IAG,3,3,0,0,0,0.0,100.0,0,5.0
RSBR MAGSC3-0.5,3,3,0,0,0,0.0,100.0,0,1.333
RSBR-UNB; USP,3,3,0,0,0,0.0,100.0,1,1.667
RSBR-USP-RSVL,3,3,0,0,0,0.0,100.0,0,4.0
RSBR; AGURTO ETAL 2016,3,3,0,0,0,0.0,100.0,0,5.333
RSBR;IAG; ML-SC3-0.5,3,3,0,0,0,0.0,100.0,0,4.0
SJA-INPRES,3,3,0,0,0,0.0,100.0,3,0.0
USGS; USP; UNB,3,3,0,0,0,0.0,100.0,0,1.667
USP;IPT,3,3,0,0,0,0.0,100.0,0,5.333
IAG;UNESP-RC;IPT;UNB,2,2,0,0,0,0.0,100.0,2,0.0
IPT;IAG,2,2,0,0,0,0.0,100.0,2,0.0
ISC; RSBR-USP,2,2,0,0,0,0.0,100.0,0,3.5
ISC; USP UNB,2,2,0,0,0,0.0,100.0,0,4.0
RSBR CIARDELLI&ASSUMPCAO_2018,2,2,0,0,0,0.0,100.0,0,3.0
RSBR-USP; IPT,2,2,0,0,0,0.0,100.0,0,5.5
RSBR-USP; UNB; UFRN,2,2,0,0,0,0.0,100.0,0,1.5
RSBR; CIARDELLI&ASSUMPCAO_2018,2,2,0,0,0,0.0,100.0,0,2.5
RSBR;IAG;ESAR; MR-SC3,2,2,0,0,0,0.0,100.0,0,3.5
RSBR;UNB; MR-SC3,2,2,0,0,0,0.0,100.0,0,2.0
SC3: MAG=ML-0.5; SENTIU AÍ,2,2,0,0,0,0.0,100.0,0,2.5
UFRN;IAG;UNB,2,2,0,0,0,0.0,100.0,2,0.0
UNA; CPUP,2,2,0,0,0,0.0,100.0,2,0.0
UNB;UFRN,2,2,0,0,0,0.0,100.0,2,0.0
UNB;USP,2,2,0,0,0,0.0,100.0,0,4.0
USP; UFRN,2,2,0,0,0,0.0,100.0,0,4.0
(MR-MAGSC3,1,1,0,0,0,0.0,100.0,0,14.0
(SC3,1,1,0,0,0,0.0,100.0,0,1.0
(USP,1,1,0,0,0,0.0,100.0,0,1.0
BARROS ETAL.2015; UNB MAG=3.7; IAG MAG=3.5,1,1,0,0,0,0.0,100.0,1,0.0
CARVALHO ETAL.2020 MW 2.9,1,1,0,0,0,0.0,100.0,0,1.0
IAG-ESAR;IPT,1,1,0,0,0,0.0,100.0,1,0.0
IAG; MARZA SBGF2003,1,1,0,0,0,0.0,100.0,1,0.0
IAG; UNB,1,1,0,0,0,0.0,100.0,1,0.0
IAG;ESAR,1,1,0,0,0,0.0,100.0,1,0.0
IAG;ESAR;UNESP-RC;IPT,1,1,0,0,0,0.0,100.0,1,0.0
IAG;IPT;UNB;UNESP,1,1,0,0,0,0.0,100.0,1,0.0
IAG;UFRN; LOPES ET AL.2010,1,1,0,0,0,0.0,100.0,1,0.0
IAG;UFRN; MAG=4.0?,1,1,0,0,0,0.0,100.0,0,4.0
IAG;UNB;ESAR;UNESP-RC,1,1,0,0,0,0.0,100.0,1,0.0
IAG;UNB;UNESP-RC;IPT,1,1,0,0,0,0.0,100.0,1,0.0
IAG;UNB;UNESP-RC;IPT; IDC MB 3.7,1,1,0,0,0,0.0,100.0,1,0.0
IAG;UNB;UNESP;IPT,1,1,0,0,0,0.0,100.0,1,0.0
IAG;UNB;USGS,1,1,0,0,0,0.0,100.0,1,0.0
IDC MB 4.1; USP MB4.3,1,1,0,0,0,0.0,100.0,0,1.0
IDC MB 4.3; USP MB 4.4,1,1,0,0,0,0.0,100.0,0,1.0
IDC MB=3.8 H=50KM; UNB MB 4.3,1,1,0,0,0,0.0,100.0,1,0.0
IDC; USP MB 5.0,1,1,0,0,0,0.0,100.0,0,1.0
INPRES; USP,1,1,0,0,0,0.0,100.0,0,1.0
INPRES;RSBR,1,1,0,0,0,0.0,100.0,0,2.0
ISC MB 3.6; USP ; UNB MB 4.4,1,1,0,0,0,0.0,100.0,0,4.0
ISC MB 4.0; UNB MB 4.3; USP,1,1,0,0,0,0.0,100.0,0,2.0
ISC MB 4.2; USP MR=4.6; UNB MB 4.4,1,1,0,0,0,0.0,100.0,0,4.0
ISC MB 4.3; UNB MB 4.7,1,1,0,0,0,0.0,100.0,0,3.0
ISC MB 4.4; UNB MB 4.8; USP MB 4.6,1,1,0,0,0,0.0,100.0,0,2.0
ISC MB 4.4; USP-UNB MB 4.5,1,1,0,0,0,0.0,100.0,0,3.0
ISC MB 4.6 MS 3.5 DEPTH FIX 35KM; USP,1,1,0,0,0,0.0,100.0,1,0.0
ISC MB 4.7; GFZ MW 4.6; UNB USP MB=4.6 MR=4.4,1,1,0,0,0,0.0,100.0,0,4.0
ISC MB 4.8; IAG MR 4.3; UNB MW 4.7; CHIMPLIGANOND ETAL.2010,1,1,0,0,0,0.0,100.0,1,0.0
ISC MB 6.2 MS 6.9; USP MR=5.6; UNB,1,1,0,0,0,0.0,100.0,1,0.0
ISC RSBR; MR 4.0 UNB 4.2 USP,1,1,0,0,0,0.0,100.0,0,4.0
ISC; FUNVISIS,1,1,0,0,0,0.0,100.0,1,0.0
ISC; RSBR,1,1,0,0,0,0.0,100.0,1,0.0
ISC; UNB,1,1,0,0,0,0.0,100.0,0,3.0
ISC; VENERDINI ET AL.2020,1,1,0,0,0,0.0,100.0,0,2.0
ISC;UNB;IAG,1,1,0,0,0,0.0,100.0,1,0.0
MB-MAGSC3 MR=5.1; UNB,1,1,0,0,0,0.0,100.0,0,4.0
MB-USP,1,1,0,0,0,0.0,100.0,0,1.0
MINER.CARAÍBA,1,1,0,0,0,0.0,100.0,1,0.0
MR-MAGSC3; USP UNB,1,1,0,0,0,0.0,100.0,0,3.0
NEIC ISC,1,1,0,0,0,0.0,100.0,1,0.0
PORTAL VENEZA; USP,1,1,0,0,0,0.0,100.0,0,2.0
RSBR UFMS  CIARDELLI&ASSUMPCAO_2018; MB 4.1 NEIC; MR 4.0 USP,1,1,0,0,0,0.0,100.0,1,0.0
RSBR USP,1,1,0,0,0,0.0,100.0,0,2.0
RSBR-USP 19 PHASES,1,1,0,0,0,0.0,100.0,1,0.0
RSBR-USP MR 2.5,1,1,0,0,0,0.0,100.0,0,7.0
RSBR-USP SENTIU-AÍ,1,1,0,0,0,0.0,100.0,0,2.0
RSBR-USP; CARVALHO ETAL.2020,1,1,0,0,0,0.0,100.0,0,2.0
RSBR-USP; UFRN,1,1,0,0,0,0.0,100.0,0,4.0
RSBR-USP;UFRN,1,1,0,0,0,0.0,100.0,0,3.0
RSBR; F.DIAS MW 3.45,1,1,0,0,0,0.0,100.0,0,2.0
RSBR; IAG,1,1,0,0,0,0.0,100.0,0,4.0
RSBR; MB-MAGSC3,1,1,0,0,0,0.0,100.0,1,0.0
RSBR; UFRN;IAG,1,1,0,0,0,0.0,100.0,0,2.0
RSBR; UNB NO=31,1,1,0,0,0,0.0,100.0,1,0.0
RSBR; USP_USP 2.5 MR_UNB 2.3,1,1,0,0,0,0.0,100.0,0,8.0
RSBR;IAG; MR-SC3; UFRN MAG=2.9,1,1,0,0,0,0.0,100.0,0,4.0
RSBR;IAG; MR-SC3;UNB 3.5,1,1,0,0,0,0.0,100.0,0,3.0
RSBR;MB-SC3,1,1,0,0,0,0.0,100.0,1,0.0
RSBR;UFRN;IAG,1,1,0,0,0,0.0,100.0,0,2.0
RSBS,1,1,0,0,0,0.0,100.0,0,5.0
SC3: MR=1.8; UNB: MW=2.2,1,1,0,0,0,0.0,100.0,0,4.0
UFRN-USP-UNB MR 4.2 MW 4.1; ISC MB 4.45; SAMES2023,1,1,0,0,0,0.0,100.0,0,12.0
UFRN; NETO_ETAL.2009,1,1,0,0,0,0.0,100.0,1,0.0
UFRN;IAG:ITR=3.3,1,1,0,0,0,0.0,100.0,1,0.0
UFRN;IAG; LOPES ET AL.2010,1,1,0,0,0,0.0,100.0,1,0.0
UFRN;UNB;ISC-MB4.1,1,1,0,0,0,0.0,100.0,1,0.0
UFRN;USP,1,1,0,0,0,0.0,100.0,0,3.0
UFRN=3.1;IAG=3.4,1,1,0,0,0,0.0,100.0,1,0.0
UFRN=3.9;IAG=3.8; 5-STA LOCAL NET,1,1,0,0,0,0.0,100.0,1,0.0
UFRS,1,1,0,0,0,0.0,100.0,1,0.0
UNA IAG CPUP,1,1,0,0,0,0.0,100.0,0,10.0
UNA-CPUP; USP,1,1,0,0,0,0.0,100.0,0,3.0
UNB 4.6MR; USP 4.2MR; ISC MB 4.3 MS 3.3,1,1,0,0,0,0.0,100.0,0,2.0
UNB MB3.9 USP MB 4.2,1,1,0,0,0,0.0,100.0,1,0.0
UNB MR 3.8; USP MR 3.3,1,1,0,0,0,0.0,100.0,1,0.0
UNB NO=14;IAG,1,1,0,0,0,0.0,100.0,1,0.0
UNB NO=17,1,1,0,0,0,0.0,100.0,0,1.0
UNB NO=19,1,1,0,0,0,0.0,100.0,1,0.0
UNB NO=22,1,1,0,0,0,0.0,100.0,0,14.0
UNB NO=9; IAG,1,1,0,0,0,0.0,100.0,1,0.0
UNB: REL.LOC. WITH 2011-FEB-26; ISC MB5.0,1,1,0,0,0,0.0,100.0,1,0.0
UNB; BARROS ET AL.2015,1,1,0,0,0,0.0,100.0,1,0.0
UNB; BARROS ETAL.2009,1,1,0,0,0,0.0,100.0,1,0.0
UNB; USP; UFRN,1,1,0,0,0,0.0,100.0,0,5.0
UNB;IAG;IPT;UFRN,1,1,0,0,0,0.0,100.0,1,0.0
UNB;IAG;UFRN,1,1,0,0,0,0.0,100.0,1,0.0
UNB;IAG;UNESP-RC;IPT,1,1,0,0,0,0.0,100.0,1,0.0
UNB;UFRN;IAG,1,1,0,0,0,0.0,100.0,1,0.0
UNESP-RC,1,1,0,0,0,0.0,100.0,1,0.0
USGS MB 4.8; USP MB 4.9,1,1,0,0,0,0.0,100.0,0,2.0
USGS MBLG 3.5; USP; UNA,1,1,0,0,0,0.0,100.0,0,6.0
USGS; UNB MR 4.0; USP MB 4.7,1,1,0,0,0,0.0,100.0,0,2.0
USGS; UNB; USP MB4.3 MR3.9,1,1,0,0,0,0.0,100.0,0,2.0
USGS;IAG,1,1,0,0,0,0.0,100.0,1,0.0
USP GY NET; ISC,1,1,0,0,0,0.0,100.0,0,2.0
USP GY NET; ISC MW 4.5; USGS,1,1,0,0,0,0.0,100.0,0,5.0
USP MB 4.2; IDC MB 3.8,1,1,0,0,0,0.0,100.0,0,1.0
USP MB 6.5; ISC MB 6.5,1,1,0,0,0,0.0,100.0,0,2.0
USP ML 2.8,1,1,0,0,0,0.0,100.0,0,6.0
USP MLV 3.3,1,1,0,0,0,0.0,100.0,0,4.0
USP MR 2.7; UNB MR 2.2,1,1,0,0,0,0.0,100.0,0,4.0
USP MR 2.8,1,1,0,0,0,0.0,100.0,1,0.0
USP MR 3.2; UNB MR 3.6,1,1,0,0,0,0.0,100.0,0,4.0
USP MR=4.3,1,1,0,0,0,0.0,100.0,0,2.0
USP UNB,1,1,0,0,0,0.0,100.0,0,2.0
USP; INPRES,1,1,0,0,0,0.0,100.0,0,4.0
USP; ML-0.5,1,1,0,0,0,0.0,100.0,0,1.0
USP; UDELAR,1,1,0,0,0,0.0,100.0,0,5.0
USP; UFRN; ISC,1,1,0,0,0,0.0,100.0,0,4.0
USP; UNB MB 4.2,1,1,0,0,0,0.0,100.0,0,1.0
USP; UNB; TETRATECH,1,1,0,0,0,0.0,100.0,0,8.0
USP; USGS MB 4.7; UNB MW 4.3,1,1,0,0,0,0.0,100.0,0,2.0
USP; VALE; UNB,1,1,0,0,0,0.0,100.0,0,9.0
USP;VALE;TETRATECH; SENTIU AÍ,1,1,0,0,0,0.0,100.0,0,12.0
